Prompt,Response,
Can you tell me about your favorite hobby?,Enjoy... um... painting.,
What did you do last weekend?,"Went... uh... park, friends.",
Describe your ideal vacation destination.,"Beach... um... relaxing, sun.",
How do you like to spend your free time?,"Watch... uh... movies, read books.",
Tell me about your family members.,"Have... um... two brothers, sister.",
What's your favorite type of music?,"Like... uh... classical, jazz.",
Explain your job or occupation.,"Work... um... office, computer.",
Share a childhood memory that stands out to you.,"Remember... uh... bike, friends.",
Describe the last book you read.,"Read... um... mystery, interesting.",
What do you think about the current weather?,"Weather... um... nice, sunny.",
Talk about your best friend and your relationship.,"Good... uh... friend, long time.",
Uh... hobby. Enjoy... painting.,Can you tell me about your favorite hobby?,
"Weekend... park, friends. Went...",What did you do last weekend?,
"Vacation... beach, relaxing, sun.",Describe your ideal vacation destination.,
"Free time... movies, read books.",How do you like to spend your free time?,
"Family... two brothers, sister. Have...",Tell me about your family members.,
"Music... classical, jazz. Like...",What's your favorite type of music?,
"Job... office, computer. Work...",Explain your job or occupation.,
"Childhood... bike, friends. Remember...",Share a childhood memory that stands out to you.,
"Book... mystery, interesting. Read...",Describe the last book you read.,
"Weather... nice, sunny. Weather...",What do you think about the current weather?,
Friend... long time. Good...,Talk about your best friend and your relationship.,
"The, um, sun was brightly shining, and I, you know, walked through the deliciously green and colorful garden.",It sounds like you enjoyed a walk in a beautiful garden.,
"So, I, you know, went to the store, and, like, I needed to buy the, um, flying purple elephants for the, you know, upcoming celebration.",It seems you went to the store. Did you purchase items for a celebration?,
"There was this, uh, tremendous concert, and the, you know, musical notes were dancing in the air like, um, sparkling fireflies.",It sounds like you attended a fantastic concert with lively music.,
"I, you know, wanted to, um, discuss the, like, complicated philosophical theories, but the, uh, words, you know, kept playing hide and seek in my mind.","It seems like you were thinking about discussing complex philosophical theories, but had difficulty finding the right words.",
"The, um, book I read was, like, filled with, you know, intergalactic adventures and, uh, talking giraffes.",It appears that the book you read had intergalactic adventures and talking giraffes.,
"In the, you know, dream, I was, uh, soaring above the, um, rainbow-colored clouds, and, like, conversing with, uh, musical unicorns.",It sounds like you had a dream of flying above colorful clouds and talking with musical unicorns.,
"My, um, favorite hobby is, you know, exploring the, like, enchanted forests where, uh, magical mushrooms play, you know, hide and seek.",Exploring enchanted forests and searching for magical mushrooms sounds like a fascinating hobby.,
"So, like, I was watching this, um, mind-blowing documentary, and, you know, it was about the secret lives of, uh, singing penguins in the, um, Antarctic desert.",Watching a documentary about the secret lives of singing penguins in the Antarctic desert sounds interesting.,
"I, um, need to, like, inform you about the, uh, upcoming interplanetary, you know, tea party with, um, extraterrestrial cupcakes.",It seems you want to share information about an upcoming event involving extraterrestrial cupcakes.,
"There's this, like, fantastic idea, um, floating in my mind, and, you know, it's about creating a, um, talking, you know, banana orchestra.",The idea of creating a talking banana orchestra sounds creative and interesting.,
"During the, um, recent conversation, I, you know, attempted to express my thoughts, but, like, the words, uh, played a mysterious game of, you know, hide and seek.",It seems you had difficulty expressing your thoughts during the recent conversation.,
"The, um, sun was shining, and I walked through the garden.",It sounds like you enjoyed a sunny walk through a garden.,
"I went to the store, and I needed to buy the, um, purple elephants for the celebration.",It seems you went to the store. Did you buy items for a celebration?,
"There was this tremendous concert, and the musical notes were dancing in the air like sparkling fireflies.",It sounds like you had a great time at a lively concert.,
"I wanted to discuss the complicated philosophical theories, but the words kept playing hide and seek in my mind.","It seems like you were thinking about discussing complex ideas, but had difficulty finding the right words.",
The book I read was filled with intergalactic adventures and talking giraffes.,It appears that the book you read had exciting adventures and imaginative elements.,
"In the dream, I was soaring above the rainbow-colored clouds, and conversing with musical unicorns.",It sounds like you had a dream of flying above colorful clouds and talking with magical creatures.,
My favorite hobby is exploring enchanted forests where magical mushrooms play hide and seek.,Exploring enchanted forests and discovering magical elements sounds like a fascinating hobby.,
"I was watching this mind-blowing documentary, and it was about the secret lives of singing penguins in the Antarctic desert.",Watching a documentary about the secret lives of singing penguins in the Antarctic desert sounds interesting.,
I need to inform you about the upcoming interplanetary tea party with extraterrestrial cupcakes.,It seems you want to share information about an unusual event involving special treats.,
"There's this fantastic idea floating in my mind, and it's about creating a talking banana orchestra.",The idea of creating a talking banana orchestra sounds creative and interesting.,
"During the recent conversation, I attempted to express my thoughts, but the words played a mysterious game of hide and seek.",It seems you had difficulty expressing your thoughts in our recent conversation.,
"I, um, wanted to, like, tell you about that thing, you know, with the, uh, tall structure and, um, people taking pictures.",It sounds like you're talking about a famous landmark or monument where people often take photos.,
"There's this, like, container for keeping things cold, um, in the kitchen, you know, where you get ice and store food.","It seems you're referring to a refrigerator, a common kitchen appliance for keeping food cold.",
"I, um, misplaced my, like, timekeeping device, you know, the small one on my wrist that tells, um, hours and minutes.","It sounds like you're talking about a wristwatch, a device that helps you keep track of time.",
"The, uh, thing that makes loud noise in the morning, you know, with a ringing sound to, um, wake you up.","It seems you're referring to an alarm clock, a device that produces a loud sound to wake you up in the morning.",
"I, like, can't recall the, um, name of that, you know, yellow fruit with a peel that, uh, monkeys often eat.","It sounds like you're thinking of a banana, a yellow fruit with a peel that is commonly eaten, especially by monkeys.",
"The, um, thing you use for cleaning teeth, you know, with bristles and, like, toothpaste on it.","It seems you're referring to a toothbrush, a tool used for cleaning teeth with bristles and toothpaste.",
"I, uh, went to that place, you know, with shelves and shelves of, um, books for borrowing and reading.","It sounds like you visited a library, a place where you can borrow and read books.",
"The, like, long, you know, metal tube for, um, drinking, especially when it's hot, like coffee or tea.","It seems you're talking about a straw, a long tube often used for drinking hot beverages like coffee or tea.",
"I, um, need help finding the, like, thing you wear around your neck, you know, on special occasions, often shiny and, uh, decorative.","It sounds like you're looking for a necklace, a piece of jewelry worn around the neck, especially on special occasions.",
"There's this, like, round thing with, um, numbers on it, you know, for checking the time, and it often goes tick-tock.","It seems you're referring to a clock, a timekeeping device with numbers on it that makes a ticking sound.",
"I, uh, can't remember the, you know, name of that insect with, like, black and yellow stripes, and it can sting you.","It sounds like you're talking about a bee, an insect with black and yellow stripes that can deliver a sting.",
"I'm looking for that, um, thing you write with, you know, it has ink and a pointed end.","It sounds like you're looking for a pen, a writing instrument with ink and a pointed end.",
"There's this, like, electronic device, um, with a screen where you watch videos and stuff.","It seems you're talking about a television, an electronic device with a screen for watching videos.",
"I can't remember the name of the, um, small animal, you know, it has fur and likes cheese.","It sounds like you're thinking of a mouse, a small furry animal that is known to like cheese.",
"Do you have that, uh, piece of furniture, you know, you sit on it, and it has a backrest?","It seems you're referring to a chair, a piece of furniture with a seat and a backrest for sitting.",
"I need help finding my, um, footwear, you know, the one you wear on your foot, usually with laces.","It sounds like you're talking about shoes, the footwear worn on the feet, often with laces.",
"I'm thinking about that, like, sweet frozen dessert, um, it comes in various flavors, and you eat it with a spoon.","It seems you're craving ice cream, a sweet frozen dessert with various flavors that is typically eaten with a spoon.",
"Can you pass me the, uh, cylindrical container, you know, it contains a beverage, usually fizzy and in a can?","It sounds like you're asking for a soda, a fizzy beverage often contained in a cylindrical can.",
"I can't recall the name of that, um, place where you borrow books, you know, it's quiet and has shelves.","It seems you're thinking of a library, a quiet place with shelves where you can borrow books.",
"Do you know where I put my, like, personal identification, um, it's a small plastic card with my name and picture?","It sounds like you're referring to your ID card, a small plastic card with your name and picture for identification.",
"I'm searching for that, uh, device you use for, you know, communication, it's portable and has buttons.","It seems you're looking for a mobile phone, a portable device with buttons used for communication.",
"Can you remind me of the, um, flying vehicle, you know, it has wings and engines, people travel in it?","It sounds like you're talking about an airplane, a flying vehicle with wings and engines that people use for travel.",
"Looking for that thing you write with, you know, has ink and a pointed end.","It sounds like you're searching for a pen, a writing tool with ink and a pointed end.",
"There's this electronic device, um, with a screen where you watch videos and stuff.","It seems like you're referring to a television, an electronic device with a screen for watching videos.",
"Can't remember the name of that small animal, you know, has fur and likes cheese.","It sounds like you're thinking of a mouse, a small furry creature known to enjoy cheese.",
"Do you have that piece of furniture, um, you sit on it, has a backrest?","It seems like you're talking about a chair, a piece of furniture for sitting with a backrest.",
"Need help finding my footwear, you know, the one you wear on your foot, usually with laces.","It sounds like you're talking about shoes, the footwear worn on the feet, often with laces.",
"Thinking about that sweet frozen dessert, um, comes in various flavors, eat it with a spoon.","It seems like you're craving ice cream, a frozen dessert with various flavors typically eaten with a spoon.",
"Pass me the cylindrical container, you know, contains a beverage, usually fizzy and in a can?","It sounds like you're asking for a soda, a fizzy beverage often contained in a cylindrical can.",
"Can't recall the name of that place where you borrow books, you know, it's quiet and has shelves.","It seems like you're thinking of a library, a quiet place with shelves where you can borrow books.",
"Do you know where I put my personal identification, um, small plastic card with my name and picture?","It sounds like you're referring to your ID card, a small plastic card with your name and picture for identification.",
"Searching for that device you use for, you know, communication, it's portable and has buttons.","It seems like you're looking for a mobile phone, a portable device with buttons used for communication.",
"Remind me of the flying vehicle, um, has wings and engines, people travel in it?","It sounds like you're talking about an airplane, a flying vehicle with wings and engines used for travel.",
"I, um, want, uh, drink, you know, water.","It seems like you're expressing a desire for a drink, particularly water.",
"That, like, thing with, um, pages, you read, stories, pictures.","It sounds like you're referring to a book, something with pages where you can read stories and see pictures.",
"Need, um, help, uh, finding, you know, person, family, home.","It seems like you're indicating a need for assistance in locating a person, perhaps a family member or your home.",
"I, um, feel, like, pain, you know, head, hurts.","It sounds like you're expressing that you're experiencing pain, specifically in your head.",
"Want, uh, food, you know, um, something, eat.","It seems like you're expressing a desire for food, something to eat.",
"That, um, object, uh, round, you know, kick, play, soccer.","It sounds like you're talking about a ball, a round object used for playing soccer.",
"Can't, um, remember, you know, name, person, talk, yesterday.",It seems like you're expressing difficulty in remembering the name of a person you talked to yesterday.,
"Need, uh, help, you know, with, um, clothing, dressing.","It sounds like you're indicating a need for assistance with clothing, particularly dressing.",
"Want, um, go, you know, outside, fresh, air.",It seems like you're expressing a desire to go outside for some fresh air.,
"That, um, electronic, uh, device, you know, call, talk.","It sounds like you're referring to a phone, an electronic device used for making calls and talking.",
"Feel, um, emotion, you know, happy, family, love.","It seems like you're expressing an emotion, possibly happiness, and connecting it to feelings for your family and love.",
Want... water.,It sounds like you're expressing a desire for water.,
Book... read... stories... pictures.,"It seems like you're referring to a book, something with pages where you can read stories and see pictures.",
Help... person... family... home.,"It seems like you're indicating a need for assistance in finding a person, perhaps a family member, or your home.",
Head... hurts.,It sounds like you're expressing that you're experiencing pain in your head.,
Want... food... eat.,"It seems like you're expressing a desire for food, something to eat.",
Object... round... kick... play... soccer.,"It sounds like you're talking about a ball, a round object used for playing soccer.",
Remember... name... person... talk... yesterday.,It seems like you're expressing difficulty in remembering the name of a person you talked to yesterday.,
Help... clothing... dressing.,"It sounds like you're indicating a need for assistance with clothing, particularly dressing.",
Want... go... outside... fresh... air.,It seems like you're expressing a desire to go outside for some fresh air.,
Electronic... device... call... talk.,"It sounds like you're referring to a phone, an electronic device used for making calls and talking.",
Emotion... happy... family... love.,"It seems like you're expressing an emotion, possibly happiness, and connecting it to feelings for your family and love.",
Water... want.,It sounds like you're expressing a desire for water.,
Book... stories... read... pictures.,"It seems like you're referring to a book, something with pages where you can read stories and see pictures.",
Help... person... family... home.,"It seems like you're indicating a need for assistance in finding a person, perhaps a family member, or your home.",
Head... hurts.,It sounds like you're expressing that you're experiencing pain in your head.,
Food... want... eat.,"It seems like you're expressing a desire for food, something to eat.",
Object... round... kick... play... soccer.,"It sounds like you're talking about a ball, a round object used for playing soccer.",
Remember... name... person... talk... yesterday.,It seems like you're expressing difficulty in remembering the name of a person you talked to yesterday.,
Help... clothing... dressing.,"It sounds like you're indicating a need for assistance with clothing, particularly dressing.",
Go... outside... fresh... air... want.,It seems like you're expressing a desire to go outside for some fresh air.,
Electronic... call... talk... device.,"It sounds like you're referring to a phone, an electronic device used for making calls and talking.",
Emotion... happy... family... love.,"It seems like you're expressing an emotion, possibly happiness, and connecting it to feelings for your family and love.",
"Um, talking... hard... words... you know, don't... connect.",It seems like you're expressing that talking is challenging because the words don't connect properly.,
Difficulty... speak... thoughts... kind of... jumbled.,It sounds like you're describing difficulty speaking because your thoughts feel jumbled or mixed up.,
"Speech... problem... not clear... like... thoughts, um, scrambled.","It seems like you're saying there's a problem with your speech, and it's not clear, like your thoughts are scrambled.",
"Express... ideas... um, jumbled... not come out... right.","It sounds like you're trying to express ideas, but they come out jumbled and not the way you want.",
"Talk... thoughts... confused... words, uh, mixed up.","It seems like you're struggling to talk because your thoughts are confused, and the words are mixed up.",
"Speaking... difficult... um, thoughts... get stuck.",It sounds like you find speaking difficult because your thoughts get stuck or don't flow smoothly.,
"Explain... words... um, not cooperate... thoughts jumbled.","It seems like you're trying to explain, but the words aren't cooperating, and your thoughts feel jumbled.",
"Why... speaking hard... um, thoughts... words, you know, not match.","It sounds like you're trying to explain why speaking is hard, and it's because your thoughts and words don't match up.",
"Communicate... um, challenging... thoughts, words... mix up.",It seems like you're finding communication challenging because your thoughts and words mix up or don't align properly.,
"Describe... difficulty... speaking... thoughts, um, tangled.",It sounds like you're describing the difficulty in speaking as your thoughts feeling tangled or knotted.,
"Words... thoughts... uh, disconnect... speaking, um, tricky.","It seems like you're saying there's a disconnect between words and thoughts, making speaking tricky for you.",
Talking hard... words not... come out right.,"It sounds like you find talking challenging, and the words don't come out the way you want.",
Difficulty in speech... thoughts jumbled... words not connect.,"It seems like you experience difficulty in speech, with your thoughts feeling jumbled and the words not connecting well.",
Speak not clear... thoughts get mixed up.,"It sounds like your speech is not clear, and you struggle because your thoughts get mixed up.",
Trouble expressing ideas... words confused... thoughts not flowing.,"It seems like you're having trouble expressing ideas because the words get confused, and your thoughts don't flow smoothly.",
Speaking difficult... thoughts don't cooperate... words jumbled.,"It sounds like speaking is challenging for you because your thoughts and words don't cooperate, leading to jumbled speech.",
Communicating not easy... thoughts and words not aligning.,It seems like communicating is not easy for you because your thoughts and words are not aligning well.,
Explaining hard... words not cooperating... thoughts jumbled.,It sounds like you find explaining things challenging because the words don't cooperate and your thoughts feel jumbled.,
Why speaking is tough... thoughts and words not matching up.,"It seems like you're trying to explain why speaking is tough, and it's because your thoughts and words don't match up.",
Describing difficulty in speech... thoughts feel tangled.,It sounds like you're describing the difficulty in speech as your thoughts feeling tangled or knotted.,
Communicate challenging... thoughts and words mix up.,It seems like you find communication challenging because your thoughts and words mix up or don't align properly.,
Words and thoughts disconnect... speaking tricky.,"It sounds like there's a disconnect between your words and thoughts, making speaking tricky for you.",
Talking hard... words mixed up.,"It sounds like you find talking challenging, and the words often get mixed up.",
"Difficulty in speech... thoughts jumbled, hard to express.","It seems like you experience difficulty in speech, with your thoughts feeling jumbled, making it hard to express yourself.",
"Speak not clear... thoughts confused, hard to convey.","It sounds like your speech is not clear, and you struggle because your thoughts get confused, making it hard to convey your message.",
"Trouble expressing ideas... words tangled, thoughts not flowing smoothly.","It seems like you're having trouble expressing ideas because the words get tangled, and your thoughts don't flow smoothly.",
Speaking difficult... thoughts and words not cooperating.,It sounds like speaking is challenging for you because your thoughts and words don't cooperate well.,
Communicating not easy... thoughts and words not aligning properly.,It seems like communicating is not easy for you because your thoughts and words don't align properly.,
Explaining hard... words not cooperating with thoughts.,It sounds like you find explaining things challenging because the words don't cooperate well with your thoughts.,
Why speaking is tough... thoughts and words not matching up.,"It seems like you're trying to explain why speaking is tough, and it's because your thoughts and words don't match up.",
Describing difficulty in speech... thoughts feel tangled.,It sounds like you're describing the difficulty in speech as your thoughts feeling tangled or knotted.,
Communicate challenging... thoughts and words mix up.,It seems like you find communication challenging because your thoughts and words often mix up or don't align properly.,
Words and thoughts disconnect... speaking becomes tricky.,"It sounds like there's a disconnect between your words and thoughts, making speaking tricky for you.",
"""I... can't find... words... help.""","""I understand that finding words is challenging right now. Take your time; I'm here for you. What's on your mind?""",
"""I feel... lost, confused... frustration.""","""It's okay to feel frustrated. I'm here to help. Let's take it one step at a time. What's the main thing on your mind?""",
"""Words... jumbled... hard to talk.""","""I can see it's difficult right now. Take a deep breath. We can communicate in other ways too. What's something you want to express?""",
"""Thoughts... mixed up... need support.""","""It's normal to feel overwhelmed. I'm here to support you. Let's focus on one thought at a time. What's the most important thing for you to say?""",
"""Can't... make sense... frustration.""","""I hear the frustration. It's alright; we'll work through this together. Take your time, and let me know how I can assist you.""",
"""Want... express... emotions... can't.""","""Emotions can be challenging to express, especially right now. I'm here to help you find the words or any other way you want to communicate. What's on your mind?""",
"""Feels... trapped... want to talk.""","""Feeling trapped in your words can be tough. I'm here to listen and help you navigate through. What's something you'd like to share?""",
"""Communication... hard... feel alone.""","""You're not alone in this. I'm here to support you. We can find ways to communicate together. What's one thing you want me to understand?""",
"""Need... help... frustration building.""","""I can sense the frustration building up. Take a moment; I'm here to assist. What's something specific you need help with right now?""",
"""Feels... like a wall... can't break through.""","""Breaking through the barriers can be tough. We'll work together to find a way. What's something you want to convey that feels stuck right now?""",
Expression of Frustration: Person expresses frustration with difficulty in finding words.,"I can sense your frustration. Remember, your thoughts and feelings are important. Take a moment, breathe deeply, and know that I am here to support you. Together, we will navigate this conversation with patience.",
2. Request for Assistance: Person asks for help in finding the right words.,"It's okay to ask for help. Take your time, and I'll patiently wait for you to share your thoughts. I'm here to support you, and together, we'll find the words that best express what you want to say.",
3. Difficulty with Pronunciation: Person struggles with pronunciation and feels embarrassed.,"Don't be embarrassed; your effort to communicate is admirable. Take a deep breath, and let's focus on understanding each other. Your words are important, and I'm here to listen with empathy and patience.",
4. Emotional Expression: Person becomes emotional due to frustration with communication.,"I can see that expressing yourself is challenging right now, and that's completely okay. Your emotions are valid, and I'm here to support you. Let's take our time, and you can share as much or as little as you're comfortable with.",
5. Request for Repetition: Person asks for a repetition of what was said.,"It's alright; let's go over that again. I'm here to help you understand, and we can work through this together. Your effort to engage in conversation is appreciated, and I'm here for you.",
"6. Confusion with Words: Person struggles to find the right words, leading to confusion.","I can sense the difficulty you're facing, and it's completely okay. Let's try to simplify the conversation. Take your time, and I'm here to help you express yourself in a way that feels comfortable for you.",
7. Feeling Overwhelmed: Person expresses feeling overwhelmed by the communication challenge.,"I understand that this can be overwhelming, but we're in this together. Your feelings are important, and we'll take this step by step. You're not alone, and I'm here to support you throughout this conversation.",
8. Fear of Misunderstanding: Person expresses fear of being misunderstood.,"I hear your concern, and I'm committed to understanding you. Let's take it slow, and if there's anything you'd like to clarify, I'm here to listen attentively. Your words matter, and I want to ensure we communicate effectively.",
9. Request for Patience: Person requests patience in the conversation.,"Patience is key, and I'm here to give you the time and support you need. Your efforts are commendable, and we'll work through this conversation at a pace that feels comfortable for you.",
10. Need for Encouragement: Person seeks encouragement to continue communicating.,"Your determination to communicate is inspiring. Take a moment to gather your thoughts, and I'm here to encourage you every step of the way. Your voice is important, and we'll navigate this conversation together.",
Expression of Frustration: Person expresses frustration with difficulty in finding words.,"I can see that finding the right words is challenging for you right now. It's okay to feel frustrated. Take a deep breath, and know that your thoughts and feelings are important. I'm here to support you, and we can navigate this together.",
2. Request for Assistance: Person asks for help in finding the right words.,"It's absolutely okay to ask for help. I appreciate your courage. Take your time, and I'll patiently assist you in expressing what you want to convey. Your communication matters, and I'm here to support you through this.",
3. Difficulty with Pronunciation: Person struggles with pronunciation and feels embarrassed.,"Pronunciation can be challenging, but your effort to communicate is commendable. You're not alone in this. Take a moment, and let's work together to ensure your message is understood. Your feelings are valid, and I'm here with patience and empathy.",
4. Emotional Expression: Person becomes emotional due to frustration with communication.,"I can sense the emotions behind your words, and it's okay to feel overwhelmed. Your feelings are important, and I'm here to provide comfort. Let's take our time, and you can share as much or as little as you'd like. I'm here for you.",
5. Request for Repetition: Person asks for a repetition of what was said.,"Sure, let's go over that again. I appreciate your effort to understand and communicate. Your request is valued, and I'm here to assist you in any way you need.",
"6. Confusion with Words: Person struggles to find the right words, leading to confusion.","I understand that finding the right words can be confusing. Take your time, and we'll simplify the conversation. Your thoughts are important, and I'm here to help you express yourself comfortably.",
7. Feeling Overwhelmed: Person expresses feeling overwhelmed by the communication challenge.,"I hear you, and I want you to know you're not alone. Let's take a step back, and we can navigate this conversation at a pace that suits you. Your feelings matter, and I'm here to support you through this process.",
8. Fear of Misunderstanding: Person expresses fear of being misunderstood.,"I understand your concern, and it's valid. I'm here to listen attentively and ensure we understand each other. If there's anything you'd like to clarify, I'm here to support you through effective communication.",
9. Request for Patience: Person requests patience in the conversation.,"Patience is key, and I appreciate your request. I'm here to give you the time and support you need. Your efforts are recognized, and we'll navigate this conversation at your pace.",
10. Need for Encouragement: Person seeks encouragement to continue communicating.,"Your determination to communicate is admirable. Take a moment, and I'm here to encourage you every step of the way. Your voice is important, and we'll work together to make sure it's heard.",
Expression of Frustration: Person expresses frustration with difficulty in finding words.,"It's frustrating when words feel elusive. Take your time, and let's work together to find the right words. Your feelings are valid, and I'm here to support you through this.",
2. Request for Assistance: Person asks for help in finding the right words.,"I understand it's challenging right now. Your courage to seek assistance is commendable. Together, we'll navigate this, and I'm here to help you express what's on your mind.",
3. Difficulty with Pronunciation: Person struggles with pronunciation and feels embarrassed.,"Pronunciation can be tricky, but your effort is noticeable. Take a deep breath, and we'll focus on understanding each other. Your feelings are important, and I'm here to provide support without judgment.",
4. Emotional Expression: Person becomes emotional due to frustration with communication.,"It's okay to feel emotional during moments like these. Your emotions are a natural part of the process. Take your time, and I'm here to provide a supportive and understanding presence.",
5. Request for Repetition: Person asks for a repetition of what was said.,"Of course, let's go over that again. Your request is absolutely valid, and I appreciate your effort to understand and communicate. I'm here to assist you in any way you need.",
"6. Confusion with Words: Person struggles to find the right words, leading to confusion.","Finding words can be confusing, but we'll simplify the conversation. Take a moment, and we'll work together to make sure your thoughts are expressed. Your communication matters, and I'm here to help.",
7. Feeling Overwhelmed: Person expresses feeling overwhelmed by the communication challenge.,"It's understandable to feel overwhelmed. We'll take it one step at a time, and I'm here to support you through the process. Your efforts are valued, and we'll communicate at a pace that feels comfortable for you.",
8. Fear of Misunderstanding: Person expresses fear of being misunderstood.,"I hear your concern, and I want to assure you that I'm here to listen attentively. If there's anything you'd like to clarify, take your time, and we'll work together to ensure understanding. Your thoughts are important.",
9. Request for Patience: Person requests patience in the conversation.,"Patience is key, and I'm here to give you the time you need. We'll navigate this conversation at a pace that suits you. Your request for patience is respected, and we'll communicate effectively together.",
10. Need for Encouragement: Person seeks encouragement to continue communicating.,"Your determination to communicate is inspiring. Take a moment, and I'm here to encourage you every step of the way. Your voice is important, and we'll work together to make sure it's heard.",
Difficulty Finding Words: Person struggles to find words and expresses frustration.,"""It's okay, take your time. I'm here to support you. Your thoughts matter, and we'll work together to find the right words. I appreciate your effort.""",
2. Feeling Overwhelmed: Person feels overwhelmed and communicates this emotion.,"""I can sense it's challenging for you right now. You're not alone in this. We'll take it step by step. Your emotions are valid, and I'm here to provide a comforting presence.""",
3. Request for Help: Person asks for assistance in conveying a message.,"""Absolutely, I'm here to help. Your desire to communicate is important, and we'll navigate this together. Feel free to share, and I'll do my best to understand and support you.""",
4. Emotional Expression: Person becomes emotional due to communication struggles.,"""I see that this is emotional for you. It's completely understandable. Take a moment, and I'll be here to listen and support you. Your feelings are important in our conversation.""",
5. Reassurance After Miscommunication: Person expresses frustration after a misunderstood statement.,"""Misunderstandings happen. Your intention is clear, and I appreciate your effort. Let's clarify together. Your thoughts are valued, and we'll make sure we're on the same page.""",
6. Difficulty Pronouncing Words: Person struggles with pronunciation and feels embarrassed.,"""Pronunciation can be tricky, but you're doing great. There's no need to feel embarrassed. Your effort is commendable, and we'll continue at a pace that feels comfortable for you.""",
7. Request for Patience: Person asks for patience during the conversation.,"""Absolutely, I'll be patient. Your request is respected, and we'll communicate at a pace that suits you. Take your time, and I'm here to listen and understand.""",
8. Seeking Understanding: Person expresses a desire for understanding despite communication challenges.,"""I want to understand you, and we'll find a way to make that happen. Your thoughts are important, and we'll work together to overcome any communication barriers.""",
9. Emotional Expression of Success: Person shares joy after successfully conveying a message.,"""I can feel your joy, and it's wonderful to see your success in expressing yourself. Your achievements matter, and I'm here to celebrate with you. Well done!""",
10. Request for Encouragement: Person seeks encouragement to continue the conversation.,"""You're doing great, and I'm here to encourage you. Your voice is valuable, and I appreciate your determination. Let's continue this conversation at a pace that feels right for you.""",
Frustration and Inability to Express: Person expresses frustration at being unable to express themselves clearly.,"""I can sense your frustration, and that's completely understandable. It's okay. Your feelings are valid, and we'll navigate this together. Take a deep breath, and we'll find a way to communicate your thoughts.""",
12. Confusion and Emotional Struggle: Person appears confused and emotionally strained during communication attempts.,"""I see that you're going through a tough time trying to express yourself. It's okay to feel this way. I'm here to support you. Let's take it slowly, and I'll help you find the words you're looking for.""",
13. Request for Understanding: Person requests understanding despite communication difficulties.,"""I understand that it's challenging, and I appreciate your effort to communicate. Your voice matters, and we'll work together to make sure your thoughts are heard. Take your time, and we'll find a way.""",
14. Emotional Overwhelm: Person feels overwhelmed by the emotional toll of struggling to communicate.,"""It's evident that this is emotionally overwhelming for you. I want you to know that your emotions are valid, and I'm here to provide support. We'll take small steps, and I'll be with you every step of the way.""",
15. Request for Comfort: Person explicitly asks for comfort and reassurance.,"""You've asked for comfort, and I'm here to provide it. Your feelings matter, and I'll be a supportive presence. We'll take the conversation at a pace that suits you, and I'm here to listen and understand.""",
16. Discomfort with Miscommunication: Person expresses discomfort after a misunderstood statement.,"""Miscommunications can be frustrating. I see that it's bothering you. Your feelings are acknowledged, and we'll find clarity together. Your thoughts are important, and we'll make sure we understand each other.""",
17. Request for Patience and Encouragement: Person requests both patience and encouragement.,"""Your request for patience and encouragement is noted. I'll be patient, and I'm here to encourage you every step of the way. Your journey is important, and we'll communicate in a way that feels right for you.""",
18. Desire for Connection: Person conveys a deep desire for connection despite communication challenges.,"""I sense your desire for connection, and it's truly meaningful. Your efforts to communicate are valued, and I'm here to create a space where you feel understood. Let's continue working on this together.""",
19. Emotional Release: Person expresses a need for emotional release during the conversation.,"""Emotional release is okay. I'm here to provide a supportive environment. If you need a moment, take it. We'll resume when you're ready. Your feelings are respected and acknowledged.""",
20. Seeking Reassurance: Person seeks reassurance that their thoughts and emotions are valid.,"""Your thoughts and emotions are absolutely valid. I want to reassure you that your voice matters, and I'm here to listen. Let's continue at a pace that feels comfortable for you, and we'll make progress together.""",
Social Overwhelm: Person expresses feeling overwhelmed in social situations due to difficulty responding.,"""It sounds like social situations can be overwhelming for you. I want you to know it's okay. Take your time, and if you need support, I'm here. We can navigate through these moments together.""",
22. Difficulty Forming Responses: Person struggles to form responses in public and expresses frustration.,"""I can sense your frustration with forming responses in public. It's completely understandable. Your efforts are commendable, and I'm here to assist. Let's take a moment, and I'll help you express what you want to convey.""",
23. Feeling Judged: Person feels judged in public due to communication difficulties.,"""Feeling judged can be tough. Remember, your experiences and feelings are valid. I'm here to support you, and we'll find ways to make communication smoother in public settings. Your comfort is important.""",
24. Request for Understanding: Person explicitly asks for understanding when struggling to respond in public.,"""Your request for understanding is acknowledged. It's completely valid to seek support. I'm here to provide that understanding and help you navigate public interactions. We'll work together to make it more comfortable for you.""",
25. Seeking Encouragement: Person seeks encouragement to engage with others despite challenges.,"""Engaging with others despite challenges is a courageous step. I want to encourage you to keep trying. Your efforts matter, and I'm here to offer support and guidance. We'll face public interactions together.""",
26. Emotional Strain: Person expresses emotional strain in public due to communication struggles.,"""Emotional strain in public is tough, and I can sense it's affecting you. Your emotions are important. We'll work on strategies to make these situations more comfortable for you. Take a deep breath, and we'll proceed at your pace.""",
27. Social Isolation: Person feels isolated in public due to difficulty interacting.,"""Feeling isolated in public is challenging. I want you to know that you're not alone. We'll explore ways to enhance your interactions, and I'm here to support you. Let's work together to make public settings more inclusive for you.""",
28. Request for Patience: Person requests patience from others when struggling to communicate in public.,"""Your request for patience is valid. I'll advocate for that patience and support you in public settings. We'll create a plan to navigate through these moments, and I'm here to ensure your experiences are understood.""",
29. Discomfort with Attention: Person expresses discomfort when attention is drawn due to communication difficulties in public.,"""Feeling discomfort when attention is drawn is understandable. I'm here to help you manage those moments. Together, we'll find ways to communicate more comfortably in public without unnecessary attention.""",
30. Seeking Nonverbal Alternatives: Person expresses interest in nonverbal alternatives for public interactions.,"""If verbal communication is challenging, we can explore nonverbal alternatives. Your preference is important, and I'm here to assist you in finding effective ways to express yourself in public situations.""",
Confusion and Anxiety: Person expresses confusion and anxiety in public.,"""It seems you're feeling confused and anxious in public. I interpret that you might need reassurance and understanding. Take a moment, and we can work together to ease those feelings, ensuring you feel more comfortable.""",
32. Desire for Help: Person indicates a desire for help in public situations.,"""You've expressed a desire for help in public. I interpret that you may need assistance or guidance. I'm here to help you navigate through these moments. Let's discuss what specific support you're looking for.""",
33. Overwhelmed by Communication: Person conveys feeling overwhelmed by communication challenges in public.,"""Feeling overwhelmed by communication in public is tough. I interpret that you might need a moment to gather your thoughts. Let's find ways to simplify interactions, ensuring you're more comfortable expressing yourself.""",
34. Emotional Struggle: Person struggles emotionally with communication difficulties in public.,"""Emotional struggles due to communication difficulties are apparent. I interpret that you may need emotional support and understanding. Take your time, and we can work together to address these emotions and improve your experience.""",
35. Seeking Patience: Person seeks patience from others in public due to communication challenges.,"""Seeking patience from others suggests a desire for understanding. I interpret that you may need a supportive environment. Let's discuss strategies to communicate this need effectively, ensuring you receive the patience you seek.""",
36. Request for Simple Communication: Person requests simpler communication in public settings.,"""Your request for simpler communication is clear. I interpret that you may need interactions to be more straightforward. Let's explore ways to facilitate clearer communication in public, making the experience more manageable for you.""",
37. Struggling to Form Words: Person indicates difficulty forming words in public.,"""Difficulty forming words is apparent. I interpret that you might need assistance in finding alternative ways to express yourself. Let's explore nonverbal cues or other communication methods that could help in public situations.""",
38. Feeling Isolated: Person expresses a sense of isolation due to communication challenges in public.,"""Feeling isolated due to communication challenges is significant. I interpret that you may need strategies to connect with others. Let's work on enhancing your social interactions and reducing the sense of isolation.""",
39. Expressing Frustration: Person shows frustration in public when trying to communicate.,"""Frustration during communication attempts is understandable. I interpret that you may need tools to manage and express this frustration effectively. Let's discuss techniques to cope and navigate through these challenging moments.""",
40. Request for Empathy: Person explicitly asks for empathy in public interactions.,"""Your request for empathy is clear. I interpret that you may need understanding from others. Let's explore ways to communicate this need effectively, ensuring you receive the empathy and support you're seeking.""",
41. Feeling Overwhelmed: Person expresses feeling overwhelmed in crowded places.,"""It seems like you're feeling overwhelmed in crowded places. I interpret that you might need some space and perhaps a quieter environment. Let's find a way to make your surroundings more comfortable for you.""",
42. Difficulty Finding Words: Person struggles to find words when interacting with others in public.,"""I understand that finding words is challenging for you in public. I interpret that you may need assistance in expressing yourself. Let's explore alternative communication methods that could help you convey your thoughts more easily.""",
43. Nervous About Social Interactions: Person is nervous about engaging in social interactions in public.,"""Feeling nervous about social interactions is understandable. I interpret that you might need support and encouragement. Let's discuss strategies to make social interactions more manageable and enjoyable for you.""",
44. Need for Nonverbal Communication: Person indicates a preference for nonverbal communication due to difficulties with speech.,"""Preferring nonverbal communication suggests a need for alternative ways to express yourself. I interpret that you may benefit from emphasizing nonverbal cues. Let's explore methods to enhance your nonverbal communication in public settings.""",
45. Wanting Understanding: Person expresses a desire for others to understand their communication challenges.,"""Your desire for understanding is clear. I interpret that you might need others to be aware of your communication challenges. Let's find ways to communicate this need effectively, fostering a supportive environment for you in public.""",
46. Seeking Patience: Person seeks patience from others during interactions in public.,"""Seeking patience from others suggests a desire for understanding. I interpret that you may need a supportive environment. Let's discuss strategies to communicate this need effectively, ensuring you receive the patience you seek in public situations.""",
47. Feeling Isolated: Person feels a sense of isolation during public interactions.,"""Feeling isolated during public interactions is significant. I interpret that you may need strategies to connect with others. Let's work on enhancing your social interactions and reducing the sense of isolation you're experiencing.""",
48. Anxiety About Misunderstandings: Person expresses anxiety about being misunderstood in public.,"""It's clear that you're anxious about potential misunderstandings in public. I interpret that you might need support in preventing miscommunications. Let's explore ways to make your interactions clearer and reduce anxiety.""",
49. Frustration with Communication: Person shows frustration when unable to communicate effectively in public.,"""Frustration with communication challenges is valid. I interpret that you may need tools to manage and express this frustration effectively. Let's discuss techniques to cope and navigate through these challenging moments in public.""",
50. Need for Emotional Support: Person seeks emotional support during public interactions.,"""Seeking emotional support is important. I interpret that you may need reassurance and understanding during public interactions. Let's explore ways to provide the emotional support you seek, making your experiences more positive.""",
Feeling Overwhelmed: Person expresses feeling overwhelmed in crowded places.,"""It seems like you're feeling overwhelmed in crowded places. I interpret that you might need some space and perhaps a quieter environment. Let's find a way to make your surroundings more comfortable for you.""",
52. Difficulty Finding Words: Person struggles to find words when interacting with others in public.,"""I understand that finding words is challenging for you in public. I interpret that you may need assistance in expressing yourself. Let's explore alternative communication methods that could help you convey your thoughts more easily.""",
53. Nervous About Social Interactions: Person is nervous about engaging in social interactions in public.,"""Feeling nervous about social interactions is understandable. I interpret that you might need support and encouragement. Let's discuss strategies to make social interactions more manageable and enjoyable for you.""",
54. Need for Nonverbal Communication: Person indicates a preference for nonverbal communication due to difficulties with speech.,"""Preferring nonverbal communication suggests a need for alternative ways to express yourself. I interpret that you may benefit from emphasizing nonverbal cues. Let's explore methods to enhance your nonverbal communication in public settings.""",
55. Wanting Understanding: Person expresses a desire for others to understand their communication challenges.,"""Your desire for understanding is clear. I interpret that you might need others to be aware of your communication challenges. Let's find ways to communicate this need effectively, fostering a supportive environment for you in public.""",
56. Seeking Patience: Person seeks patience from others during interactions in public.,"""Seeking patience from others suggests a desire for understanding. I interpret that you may need a supportive environment. Let's discuss strategies to communicate this need effectively, ensuring you receive the patience you seek in public situations.""",
57. Feeling Isolated: Person feels a sense of isolation during public interactions.,"""Feeling isolated during public interactions is significant. I interpret that you may need strategies to connect with others. Let's work on enhancing your social interactions and reducing the sense of isolation you're experiencing.""",
58. Anxiety About Misunderstandings: Person expresses anxiety about being misunderstood in public.,"""It's clear that you're anxious about potential misunderstandings in public. I interpret that you might need support in preventing miscommunications. Let's explore ways to make your interactions clearer and reduce anxiety.""",
59. Frustration with Communication: Person shows frustration when unable to communicate effectively in public.,"""Frustration with communication challenges is valid. I interpret that you may need tools to manage and express this frustration effectively. Let's discuss techniques to cope and navigate through these challenging moments in public.""",
60. Need for Emotional Support: Person seeks emotional support during public interactions.,"""Seeking emotional support is important. I interpret that you may need reassurance and understanding during public interactions. Let's explore ways to provide the emotional support you seek, making your experiences more positive.""",
Difficulty Ordering Food: Person struggles to order food in a restaurant due to difficulty finding the right words.,"""I can see that ordering food is challenging for you. I interpret that you may need assistance in communicating your preferences. Let's explore ways to make the process smoother, perhaps using visuals or simple phrases to convey your choices.""",
62. Feeling Overlooked: Person feels overlooked in public conversations.,"""Feeling overlooked is a significant emotion. I interpret that you may need strategies to ensure your presence is acknowledged. Let's discuss ways to enhance your communication and make sure your thoughts are valued in public interactions.""",
63. Uncertainty About Directions: Person expresses uncertainty when asking for directions.,"""Navigating directions can be challenging. I interpret that you might need support in seeking and understanding directions. Let's explore methods to make this process clearer, ensuring you can confidently navigate through public spaces.""",
64. Difficulty Responding to Greetings: Person finds it challenging to respond to greetings in public.,"""Responding to greetings can be tricky. I interpret that you may need assistance in finding appropriate responses. Let's work on simple and effective ways to acknowledge greetings, making your interactions more comfortable.""",
65. Need for Patient Listening: Person indicates a need for patient listening during conversations.,"""Your need for patient listening is important. I interpret that you may need others to allow you the time to express yourself. Let's discuss ways to communicate this need effectively, ensuring you receive the patient and attentive listening you desire in public situations.""",
66. Seeking Nonverbal Cues: Person prefers relying on nonverbal cues during public interactions.,"""Preferring nonverbal cues is understandable. I interpret that you may need alternative ways to communicate. Let's explore methods to enhance your nonverbal communication, ensuring your messages are conveyed effectively in public settings.""",
67. Expressing Frustration: Person expresses frustration when unable to convey thoughts in public.,"""Frustration with communication challenges is valid. I interpret that you may need tools to manage and express this frustration effectively. Let's discuss techniques to cope and navigate through these challenging moments in public.""",
68. Difficulty Participating in Group Conversations: Person struggles to participate in group conversations in public spaces.,"""Participating in group conversations can be challenging. I interpret that you may need support in finding your voice within a group. Let's work on strategies to help you contribute comfortably to public discussions.""",
69. Need for Visual Support: Person seeks visual support to enhance communication.,"""Your need for visual support is clear. I interpret that you may benefit from incorporating visual aids into your communication. Let's explore ways to integrate visuals, making your interactions more accessible and understandable in public situations.""",
70. Feeling Anxious in Crowds: Person expresses anxiety when in crowded places.,"""Feeling anxious in crowds is understandable. I interpret that you might need strategies to manage this anxiety. Let's discuss techniques to make crowded environments more comfortable for you, ensuring you can navigate public spaces with ease.""",
71. Trouble Explaining Preferences: Person struggles to explain preferences when asked about food choices at a cafe.,"""I see that expressing your food preferences is challenging for you. It seems like you might need assistance in conveying your likes and dislikes. Let's find a way to simplify this process, perhaps using visual menus or keywords to help you communicate your preferences more easily.""",
72. Overwhelmed in Social Gatherings: Person feels overwhelmed in social gatherings and can't express this to others.,"""Feeling overwhelmed in social gatherings is tough. It appears you may need a way to communicate this feeling to others. Let's explore methods to express your need for space or a quieter environment when you're in a crowded place, ensuring others understand your comfort needs.""",
73. Trouble Describing Emotional State: Person finds it challenging to describe how they're feeling when someone asks.,"""Describing your emotional state can be difficult. It seems like you might need support in expressing your feelings. Let's work on finding simple and effective ways to communicate your emotions, ensuring you can convey how you feel in various situations.""",
74. Difficulty Responding to Strangers: Person has trouble responding when approached by strangers in public.,"""Responding to strangers can be tricky. It looks like you may need assistance in finding suitable responses. Let's explore ways to make these interactions more manageable, perhaps using scripts or phrases that can be helpful in various situations.""",
75. Seeking Help Without Frustration: Person wishes to ask for help without getting frustrated due to difficulty in articulating needs.,"""Wanting to seek help without frustration is understandable. It appears you may need tools to communicate your needs effectively. Let's discuss strategies to ask for help in a way that minimizes frustration, ensuring others understand your requests.""",
76. Difficulty Initiating Conversations: Person struggles to initiate conversations with others in public spaces.,"""Initiating conversations can be challenging. It seems like you may need support in starting interactions. Let's work on approaches to initiate conversations more comfortably, ensuring you can engage with others in public settings.""",
77. Need for Patient Companions: Person desires patient companions who understand their communication challenges.,"""Your desire for patient companions is important. It appears you may need to convey this expectation to others. Let's explore ways to communicate your need for understanding and patience, ensuring you surround yourself with supportive individuals in public situations.""",
78. Seeking Assistance in Crowded Places: Person needs help in crowded areas but struggles to ask.,"""Needing assistance in crowded places is valid. It seems like you may need a way to communicate this need. Let's work on finding effective methods to ask for help in busy environments, ensuring you can get the support you require.""",
79. Expressing Discomfort Without Words: Person wants to express discomfort without relying on verbal communication.,"""Expressing discomfort without words is a valid concern. It looks like you may need alternative ways to convey how you feel. Let's explore nonverbal cues or signals that can help you express your discomfort in various situations.""",
80. Difficulty in Socializing: Person finds it challenging to socialize due to communication barriers.,"""Socializing can be tough with communication challenges. It seems like you may need strategies to enhance your interactions. Let's discuss approaches to make socializing more enjoyable and comfortable for you, ensuring you can connect with others in public settings.""",
Difficulty Describing Pain: Person struggles to describe physical pain to their caretaker.,"""Expressing physical pain can be challenging. It seems like the person may be having difficulty describing their pain. As a caretaker, it's essential to be attentive to nonverbal cues, such as facial expressions or gestures, to understand their discomfort. Encourage them to use simple words or gestures to convey the intensity and location of the pain.""",
82. Expressing Emotional State: Person is emotional but has trouble expressing why to their caretaker.,"""Navigating emotional states can be overwhelming. It appears the person is emotional and might be finding it challenging to articulate the specific reason. As a caretaker, offer comfort and reassurance. Encourage the use of simple words, gestures, or visual aids to help them convey their feelings, ensuring emotional support and understanding.""",
83. Difficulty Communicating Hunger: Person wants to communicate hunger but struggles to do so.,"""Expressing hunger is a basic need. It seems like the person is having difficulty communicating this. As a caretaker, pay attention to nonverbal cues like stomach gestures or pointing to the kitchen. Encourage the use of simple phrases or images related to food to express their desire for a meal.""",
84. Requesting Assistance in Mobility: Person needs assistance with mobility but can't clearly express it.,"""Seeking assistance with mobility is important. It appears the person might be having trouble clearly expressing this need. As a caretaker, be observant of any signs of discomfort or gestures indicating difficulty in movement. Encourage the use of keywords, gestures, or assistive devices to convey the desire for help with mobility.""",
85. Wanting Personal Space: Person desires personal space but has difficulty conveying this to their caretaker.,"""Desiring personal space is natural. It seems like the person is finding it challenging to express this need. As a caretaker, be attentive to nonverbal cues such as stepping back or gestures indicating a desire for privacy. Encourage the use of simple phrases or visuals to communicate the need for personal space.""",
86. Difficulty Choosing Activities: Person wants to participate in activities but can't decide.,"""Choosing activities can be overwhelming. It appears the person is having trouble making decisions. As a caretaker, provide a selection of simple options and encourage the use of visual aids or pointing to express preferences. This helps the person participate in activities while minimizing decision-making stress.""",
87. Expressing Comfort or Discomfort: Person struggles to convey whether they are comfortable or uncomfortable.,"""Conveying comfort or discomfort is essential. It seems like the person may be having difficulty expressing this. As a caretaker, pay attention to body language and subtle cues. Encourage the use of simple phrases or expressions to convey whether they feel comfortable or uncomfortable in specific situations.""",
88. Requesting Social Interaction: Person desires social interaction but can't communicate it clearly.,"""Seeking social interaction is a common need. It appears the person may be having trouble expressing this desire. As a caretaker, be attentive to nonverbal cues like reaching out or smiling. Encourage the use of simple phrases, gestures, or images to express the wish for social interaction.""",
89. Difficulty Communicating Fatigue: Person is tired but struggles to communicate this to their caretaker.,"""Expressing fatigue is important for self-care. It seems like the person may be having difficulty communicating their tiredness. As a caretaker, be observant of signs like slowing down or yawning. Encourage the use of simple words or symbols to express the need for rest or a break.""",
90. Expressing Preference for Comfort: Person wants comfort but can't clearly communicate this preference.,"""Desiring comfort is a valid need. It appears the person is finding it challenging to express this preference. As a caretaker, be attentive to body language and expressions of discomfort. Encourage the use of simple phrases or symbols to communicate the desire for comfort, ensuring a supportive and understanding environment.""",
91. Difficulty Describing Pain: Person struggles to describe physical pain to their caretaker.,"""It seems like they're in discomfort, trying to convey physical pain. Encourage the use of gestures, pointing, or facial expressions to identify the location and intensity of pain. Provide reassurance and let them know you're here to help with any discomfort they might be experiencing.""",
92. Expressing Emotional State: Person is emotional but has trouble expressing why to their caretaker.,"""They seem to be feeling emotional but finding it hard to express why. Offer comfort, use a gentle tone, and encourage nonverbal expressions like nodding or shaking their head. Create a supportive atmosphere, allowing them to share their feelings at their own pace.""",
93. Difficulty Communicating Hunger: Person wants to communicate hunger but struggles to do so.,"""It looks like they're trying to express hunger. Suggest pointing to food items or using simple words related to meals. Acknowledge their hunger cues and provide reassurance that you'll assist them in getting something to eat. Ensuring regular meals is important for their well-being.""",
94. Requesting Assistance in Mobility: Person needs assistance with mobility but can't clearly express it.,"""They may need help with moving or getting up. Pay attention to body language or any attempts to stand. Encourage the use of simple words, gestures, or pointing to communicate the need for assistance. Assure them that you're there to provide the support they require.""",
95. Wanting Personal Space: Person desires personal space but has difficulty conveying this to their caretaker.,"""It seems like they're expressing a need for personal space. Be observant of any gestures or movements indicating a desire for privacy. Gently guide them to a quieter area or provide a comfortable space where they can have some alone time if needed.""",
96. Difficulty Choosing Activities: Person wants to participate in activities but can't decide.,"""They seem eager to engage in activities but might find it challenging to decide. Offer simple choices and use visual aids or gestures to facilitate decision-making. Creating a structured routine with varied activities can help them feel engaged and fulfilled.""",
97. Expressing Comfort or Discomfort: Person struggles to convey whether they are comfortable or uncomfortable.,"""It appears they're finding it hard to express comfort or discomfort. Pay attention to their body language, as it often provides cues. Use simple words, gestures, or visual aids to encourage them to communicate their level of comfort, ensuring their well-being in different situations.""",
98. Requesting Social Interaction: Person desires social interaction but can't communicate it clearly.,"""They may be indicating a wish for social interaction. Observe their attempts to engage or expressions of joy. Encourage the use of simple phrases, gestures, or pointing to express their desire for socializing. Facilitate opportunities for social connections to enhance their well-being.""",
99. Difficulty Communicating Fatigue: Person is tired but struggles to communicate this to their caretaker.,"""It looks like they're expressing fatigue. Pay attention to signs like slowing down or resting their head. Encourage the use of simple words or gestures to convey the need for rest or a break. Ensure they have a comfortable and quiet space to rejuvenate.""",
100. Expressing Preference for Comfort: Person wants comfort but can't clearly communicate this preference.,"""They seem to be expressing a desire for comfort. Pay attention to body language indicating discomfort. Encourage the use of simple words or gestures to express specific needs for comfort, like adjusting pillows or blankets. Provide reassurance and ensure their surroundings contribute to a sense of well-being.""",
101. Difficulty Expressing Thirst: Person is thirsty but struggles to convey it to their caretaker.,"""It looks like they're trying to communicate thirst. Encourage them to use gestures or simple words related to drinks. Offer a variety of beverage options and observe their reactions to identify their preference. Ensure they have access to fluids to stay hydrated.""",
102. Expressing Emotional Discomfort: Person is emotionally distressed but can't articulate the reason to their caretaker.,"""They seem emotionally distressed but find it challenging to express why. Approach with a calming presence, use gentle touch, and encourage nonverbal cues like nodding or shaking their head. Provide reassurance and let them know you're here to support them through any difficulty.""",
103. Difficulty Conveying Hunger Preferences: Person wants to eat but struggles to express food preferences to their caretaker.,"""It appears they're expressing a desire to eat but might have difficulty specifying preferences. Offer a variety of simple food options and observe their reactions to identify likes and dislikes. Create a comfortable dining environment to enhance their eating experience.""",
104. Requesting Specific Assistance: Person needs help with a particular task but can't clearly communicate it.,"""They may require assistance with a specific task. Encourage the use of gestures, pointing, or simple words to identify the task. Be observant of their attempts and provide the necessary support. Ensure they feel understood and supported in completing the task.""",
105. Difficulty Expressing Discomfort: Person is in discomfort but struggles to convey the details to their caretaker.,"""It seems like they're experiencing discomfort but finding it hard to express. Encourage nonverbal cues, observe their body language, and gently inquire about the location and intensity of discomfort. Provide reassurance and ensure appropriate measures are taken to address their discomfort.""",
106. Expressing Desire for Outdoor Activity: Person wants to go outdoors but has trouble communicating this to their caretaker.,"""They appear to be expressing a desire for outdoor activity. Encourage gestures or simple words related to going outside. Observe their reactions to gauge enthusiasm and arrange a comfortable outdoor experience. Outdoor activities can contribute positively to their well-being.""",
107. Difficulty Conveying Loneliness: Person feels lonely but struggles to articulate this to their caretaker.,"""It looks like they're expressing feelings of loneliness. Offer companionship, use comforting gestures, and encourage simple words to express their emotions. Create a supportive environment to alleviate loneliness and ensure they feel connected and understood.""",
108. Requesting Recreational Activity: Person desires recreational activities but can't specify preferences.,"""They may be expressing interest in recreational activities without specifying preferences. Provide a range of options and observe their reactions to identify enjoyable activities. Ensure a varied and engaging recreational routine to enhance their overall well-being.""",
109. Difficulty Conveying Sleepiness: Person is tired but struggles to communicate the need for rest to their caretaker.,"""It seems like they're expressing fatigue but finding it hard to communicate. Encourage gestures or simple words related to rest. Create a calm and comfortable environment, ensuring they have the opportunity for a peaceful rest. Adequate rest is essential for their overall well-being.""",
110. Expressing Desire for Familiarity: Person wants familiar surroundings but has difficulty conveying this to their caretaker.,"""They appear to be expressing a desire for familiar surroundings. Encourage the use of gestures or simple words related to home. Create a comforting environment with familiar items to enhance their sense of security and well-being.""",
"Prompt 1: ""Water, please.""","""It seems they are requesting water. Offer a glass of water and observe for confirmation. Ensure easy access to hydration to meet their immediate need.""",
"Prompt 2: ""I feel pain.""","""They are indicating pain. Encourage them to point or gesture to the location of discomfort. Assess their response to determine the intensity and specific area of pain. Take appropriate measures to address their discomfort.""",
"Prompt 3: ""Hungry, but I don't know what I want.""","""Expressing hunger but uncertain about preferences. Offer a selection of simple food items and observe reactions. Create a supportive dining environment to facilitate their eating experience.""",
"Prompt 4: ""Help, can't find something.""","""Seeking assistance in finding an item. Encourage them to point or describe the item. Provide assistance in locating the desired object and ensure they feel supported in their search.""",
"Prompt 5: ""Tired, but not sure if I can rest.""","""Indicating fatigue but unsure about the possibility of rest. Encourage expressions of rest or sleep. Create a calm and comfortable environment, reassuring them that rest is available whenever needed.""",
"Prompt 6: ""Want to go out, but don't know where.""","""Expressing a desire to go outdoors without specifying the destination. Encourage them to use gestures or simple words related to going outside. Plan a comfortable outdoor experience for them.""",
"Prompt 7: ""Lonely, but can't explain.""","""Indicating feelings of loneliness without a clear explanation. Provide companionship, use comforting gestures, and encourage simple expressions of emotions. Create a supportive environment to alleviate loneliness.""",
"Prompt 8: ""Something is wrong, but I can't say.""","""Expressing a sense that something is wrong without clear articulation. Encourage them to point or use gestures to convey concerns. Be attentive to nonverbal cues and offer reassurance.""",
"Prompt 9: ""Want to do something fun.""","""Expressing a desire for recreational activities without specifying preferences. Offer a range of enjoyable options and observe reactions. Ensure a varied and engaging recreational routine.""",
"Prompt 10: ""Need to talk, but words are hard.""","""Expressing a need for communication despite difficulties with words. Encourage nonverbal expressions and provide a supportive atmosphere. Let them know you are there to listen and understand.""",
"Prompt 1: ""I'm trying to say... umm... the thing you sit on in the living room.""","""They are struggling to recall the word for 'chair.' Offer patient encouragement and suggest possible words related to sitting, such as 'sofa' or 'seat,' to help them remember.""",
"Prompt 2: ""It's like a book, but on the screen... I can't remember.""","""Attempting to describe an electronic book. Help them by suggesting 'e-book,' 'digital book,' or 'online reading.' Provide verbal cues to aid in word retrieval.""",
"Prompt 3: ""I need that thing you use to talk on the phone, but it's not the phone itself.""","""Referring to a device for phone communication. Assist by suggesting 'headset' or 'earpiece.' Offer additional descriptive prompts to narrow down the specific word they are seeking.""",
"Prompt 4: ""The thing that tells you the weather... it's on TV every day.""","""Describing a weather-related broadcast. Help by proposing 'weather report' or 'forecast.' Provide contextual clues to jog their memory about the term they are searching for.""",
"Prompt 5: ""It's in the kitchen, you cook on it... not the oven, the other one.""","""Attempting to recall the word for a cooking appliance. Aid by suggesting 'stove' or 'cooktop.' Offer additional prompts related to kitchen activities to assist in word retrieval.""",
"Prompt 6: ""I'm looking for the thing you write with, not a pen but the other one.""","""Trying to remember the word for a writing instrument. Assist by proposing 'pencil' or 'marker.' Provide visual or tactile cues to aid in recalling the specific term.""",
"Prompt 7: ""It's like a big car that carries lots of people, not a bus though.""","""Describing a large vehicle for transporting people. Help by suggesting 'van' or 'minivan.' Offer additional prompts related to vehicle size and purpose to assist in word retrieval.""",
"Prompt 8: ""I can't find the word for the thing that makes your room cold in the summer.""","""Attempting to recall the term for a cooling device. Assist by proposing 'air conditioner' or 'AC.' Provide temperature-related prompts to aid in word retrieval.""",
"Prompt 9: ""The thing that shows you movies, not the TV but the other one.""","""Trying to remember the term for a movie-viewing device. Help by suggesting 'projector' or 'screen.' Offer additional prompts related to entertainment systems to assist in word retrieval.""",
"Prompt 10: ""I need that thing with a handle, you open doors with it.""","""Describing a door-opening device. Aid by proposing 'doorknob' or 'handle.' Provide tactile or visual cues related to door entry to assist in word retrieval.""",
"Prompt 1: ""I'm trying to say... umm... the thing you sit on in the living room.""","""Patient is struggling to recall the word for 'chair.' Provide encouraging words, ask about the description, and suggest words related to sitting, such as 'sofa' or 'seat.'""",
"Prompt 2: ""It's like a book, but on the screen... I can't remember.""","""Individual is describing an electronic book. Assist by suggesting terms like 'e-book,' 'digital book,' or 'online reading.' Encourage them to elaborate for more context.""",
"Prompt 3: ""I need that thing you use to talk on the phone, but it's not the phone itself.""","""Referring to a device for phone communication. Help by suggesting 'headset' or 'earpiece.' Ask about its features or usage to narrow down the options.""",
"Prompt 4: ""The thing that tells you the weather... it's on TV every day.""","""Describing a weather-related broadcast. Assist by proposing 'weather report' or 'forecast.' Inquire about the details to pinpoint the term they're looking for.""",
"Prompt 5: ""It's in the kitchen, you cook on it... not the oven, the other one.""","""Attempting to recall the word for a cooking appliance. Aid by suggesting 'stove' or 'cooktop.' Ask about its characteristics to guide their memory retrieval.""",
"Prompt 6: ""I'm looking for the thing you write with, not a pen but the other one.""","""Trying to remember the word for a writing instrument. Assist by proposing 'pencil' or 'marker.' Encourage them to describe its appearance or function.""",
"Prompt 7: ""It's like a big car that carries lots of people, not a bus though.""","""Describing a large vehicle for transporting people. Help by suggesting 'van' or 'minivan.' Ask about its features or color to assist in word retrieval.""",
"Prompt 8: ""I can't find the word for the thing that makes your room cold in the summer.""","""Attempting to recall the term for a cooling device. Aid by suggesting 'air conditioner' or 'AC.' Inquire about its purpose or location to help them remember.""",
"Prompt 9: ""The thing that shows you movies, not the TV but the other one.""","""Trying to remember the term for a movie-viewing device. Help by suggesting 'projector' or 'screen.' Ask about its function or shape for additional context.""",
"Prompt 10: ""I need that thing with a handle, you open doors with it.""","""Describing a door-opening device. Aid by proposing 'doorknob' or 'handle.' Encourage them to talk about its shape or where it's typically found for more details.""",
"Prompt 11: ""I'm trying to think of the name for the thing you wear when it rains, it's like a coat but for rain.""","""Individual is referring to rain protection clothing. Suggest terms like 'raincoat' or 'umbrella.' Encourage them to elaborate on its features or purpose for more context.""",
"Prompt 12: ""I need the word for the small, flat thing you use to open locks. It's not a key.""","""Describing a lock-opening tool. Assist by suggesting 'lockpick' or 'keycard.' Ask about its shape or where it's commonly used to narrow down the possibilities.""",
"Prompt 13: ""It's the thing you use to talk to people far away, not a letter but the instant one.""","""Referring to instant communication. Help by suggesting 'phone call' or 'chat.' Inquire about its features or where it's commonly used to guide their memory retrieval.""",
"Prompt 14: ""I'm looking for the word for the thing you use to see things up close, not glasses but the handheld one.""","""Attempting to recall a vision-assisting device. Aid by proposing 'magnifying glass' or 'loupe.' Encourage them to describe its size or where it's typically used.""",
"Prompt 15: ""I can't remember the name for the thing you use to write on a computer, it's not a pen.""","""Describing a computer input device. Help by suggesting 'keyboard' or 'keypad.' Ask about its layout or the keys to assist in word retrieval.""",
"Prompt 16: ""The word for the thing you sit on in the car, not the seat but the one that makes you safe.""","""Referring to a safety device in a car. Assist by suggesting 'seatbelt' or 'safety belt.' Inquire about its purpose or where it's located to guide their memory retrieval.""",
"Prompt 17: ""I need that word for the thing you use to cook soup, not a pot but the handheld one.""","""Attempting to recall a soup-cooking tool. Aid by proposing 'ladle' or 'dipper.' Encourage them to describe its shape or where it's commonly found.""",
"Prompt 18: ""It's the thing you use to wake up in the morning, not a clock but the one you set.""","""Referring to a wake-up device. Help by suggesting 'alarm' or 'alarm clock.' Ask about its sound or where it's placed to assist in word retrieval.""",
"Prompt 19: ""I'm trying to find the word for the thing you use to cut paper, it's not scissors.""","""Describing a paper-cutting tool. Help by suggesting 'paper cutter' or 'trimmer.' Inquire about its features or where it's commonly used to guide their memory retrieval.""",
"Prompt 20: ""I can't remember the name for the thing you use to find places, not a map but the one in your hand.""","""Referring to a handheld navigation device. Assist by suggesting 'GPS' or 'navigator.' Inquire about its features or where it's commonly used to guide their memory retrieval.""",
"Prompt 21: ""I'm trying to recall the name for the thing you use to clean your teeth, not a toothbrush.""","""Referring to a teeth-cleaning tool. Suggest 'floss' or 'dental pick.' Encourage them to describe its function or where it's typically found for more context.""",
"Prompt 22: ""I can't remember the word for the feeling when you're happy and sad at the same time.""","""Describing mixed emotions. Suggest 'bittersweet' or 'melancholic joy.' Ask about the situation causing the emotions to guide their memory retrieval.""",
"Prompt 23: ""It's the word for the action when you say sorry for something you did wrong.""","""Referring to apologizing. Help by suggesting 'apology' or 'saying sorry.' Ask about the specific situation or actions involved to guide their memory retrieval.""",
"Prompt 24: ""I need the word for the thing you use to cover your head when it's sunny, not a hat.""","""Attempting to recall a head-covering item. Suggest 'umbrella' or 'sunshade.' Encourage them to describe its size or where it's commonly used.""",
"Prompt 25: ""I'm trying to find the word for the place you go to buy food, not a restaurant.""","""Referring to a food-purchasing location. Assist by suggesting 'grocery store' or 'market.' Inquire about the items they buy or its layout for more details.""",
"Prompt 26: ""It's the thing you do to remember something important, not forgetting.""","""Describing the act of remembering. Help by suggesting 'memory' or 'recall.' Ask about the specific event or details they are trying to remember for more context.""",
"Prompt 27: ""I can't remember the name for the feeling when something is very funny, not laughter.""","""Referring to intense amusement. Suggest 'hilarity' or 'uproariousness.' Inquire about the situation or what made them laugh to guide their memory retrieval.""",
"Prompt 28: ""I need the word for the thing you use to write with, not a pencil.""","""Attempting to recall a writing tool. Aid by proposing 'pen' or 'quill.' Encourage them to describe its features or where it's commonly found.""",
"Prompt 29: ""It's the word for the thing you use to listen to music, not a radio.""","""Referring to a music-listening device. Assist by suggesting 'headphones' or 'earphones.' Inquire about its features or where it's commonly used for more context.""",
"Prompt 30: ""I'm trying to remember the word for the feeling when you're scared of something, not fear.""","""Describing a heightened state of fear. Help by suggesting 'anxiety' or 'dread.' Ask about the specific situation or what causes the feeling to guide their memory retrieval.""",
"Prompt 31: ""I can't find the word for the thing you sit on, not a chair.""","""Referring to a seating item. Suggest 'sofa' or 'bench.' Encourage them to describe its use or features to aid memory retrieval.""",
"Prompt 32: ""I'm trying to recall the name for the place where you keep your clothes, not a closet.""","""Describing a storage space. Assist by suggesting 'wardrobe' or 'dresser.' Ask about the room or its location for more details.""",
"Prompt 33: ""It's the word for the person who fixes your car, not a mechanic.""","""Referring to an auto repair professional. Help by suggesting 'auto technician' or 'car specialist.' Inquire about the services they provide or the location for more context.""",
"Prompt 34: ""I need the word for the feeling when you miss someone, not sadness.""","""Describing a longing emotion. Suggest 'yearning' or 'nostalgia.' Ask about the person they miss or the memories associated with that feeling for more context.""",
"Prompt 35: ""I can't remember the name for the thing you use to cut paper, not scissors.""","""Referring to a paper-cutting tool. Aid by proposing 'paper cutter' or 'trimmer.' Encourage them to describe its features or where it's commonly found.""",
"Prompt 36: ""It's the thing you use to wake up in the morning, not an alarm clock.""","""Attempting to recall a waking device. Suggest 'sunlight' or 'natural light.' Encourage them to describe its effect or where it's commonly found.""",
"Prompt 37: ""I'm trying to find the word for the place where you check out books, not a library.""","""Referring to a book-checkout location. Assist by suggesting 'bookstore' or 'bookshop.' Inquire about the types of books or its location for more details.""",
"Prompt 38: ""It's the word for the person who grows flowers, not a gardener.""","""Referring to a flower-growing professional. Help by suggesting 'florist' or 'flower cultivator.' Inquire about the flowers they grow or their role for more context.""",
"Prompt 39: ""I need the word for the feeling when something is very beautiful, not happiness.""","""Describing an aesthetic appreciation. Suggest 'admiration' or 'awe.' Ask about the beautiful thing or its characteristics for more context.""",
"Prompt 40: ""I can't remember the name for the thing you use to capture moments, not a camera.""","""Referring to a moment-capturing device. Aid by proposing 'smartphone' or 'mobile device.' Encourage them to describe its features or where it's commonly found.""",
"Prompt 41: ""I'm struggling to recall the word for the thing you write with, not a pen.""","""Describing a writing instrument. Suggest 'pencil' or 'writing tool.' Can you provide more details about its appearance or purpose?""",
"Prompt 42: ""I can't find the word for the place where you buy groceries, not a supermarket.""","""Referring to a food-shopping location. Help by suggesting 'grocery store' or 'market.' Can you share more about what you usually buy there?""",
"Prompt 43: ""I'm trying to remember the name for the person who studies the stars, not an astronomer.""","""Referring to a celestial researcher. Suggest 'astrophysicist' or 'cosmologist.' Can you provide more details about their work or field of study?""",
"Prompt 44: ""I need the word for the feeling when you achieve something, not happiness.""","""Describing a sense of accomplishment. Suggest 'fulfillment' or 'satisfaction.' Can you share more about the achievement or what you did?""",
"Prompt 45: ""I can't recall the name for the thing you use to communicate on the internet, not a computer.""","""Referring to an online communication device. Help by suggesting 'smartphone' or 'mobile device.' Can you describe its features or how you use it?""",
"Prompt 46: ""It's the word for the person who creates beautiful artworks, not a painter.""","""Referring to an art creator. Assist by suggesting 'sculptor' or 'artisan.' Can you provide more details about the type of art they create or their techniques?""",
"Prompt 47: ""I'm trying to find the word for the place where you see performances, not a theater.""","""Referring to a performance venue. Suggest 'concert hall' or 'auditorium.' Can you share more about the type of performances or events you attend there?""",
"Prompt 48: ""I can't remember the name for the thing you use to measure time, not a clock.""","""Describing a time-measuring device. Suggest 'watch' or 'timepiece.' Can you provide more details about its appearance or where you usually wear it?""",
"Prompt 49: ""It's the word for the feeling when something is extremely funny, not joy.""","""Describing an intense sense of humor. Suggest 'hilarity' or 'uproariousness.' Can you share more about what made you feel that way or the situation?""",
"Prompt 50: ""I'm struggling to recall the name for the thing you use to keep food cold, not a fridge.""","""Referring to a cooling appliance. Help by suggesting 'freezer' or 'icebox.' Can you provide more details about its features or where it's commonly found?""",
"Prompt 51: ""I'm struggling to find the word for the thing you use to write, not a pen.""","""Describing a writing tool. Suggest 'pencil' or 'writing instrument.' Can you provide more details about its appearance or where you typically use it?""",
"Prompt 52: ""I can't remember the name for the place where you buy clothes, not a mall.""","""Referring to a clothing shopping location. Help by suggesting 'boutique' or 'clothing store.' Can you share more about the type of clothing or the fashion you're looking for?""",
"Prompt 53: ""I need the word for the person who fixes cars, not a mechanic.""","""Referring to an automotive repair professional. Suggest 'auto technician' or 'car specialist.' Can you provide more details about the car trouble or the type of vehicle?""",
"Prompt 54: ""I'm trying to remember the name for the feeling when you achieve something big, not happiness.""","""Describing a sense of significant accomplishment. Suggest 'triumph' or 'success.' Can you share more about the achievement or the impact it had on you?""",
"Prompt 55: ""I can't recall the word for the thing you use to communicate through written messages, not a computer.""","""Referring to a written communication device. Help by suggesting 'tablet' or 'smart device.' Can you describe how you typically use it to communicate?""",
"Prompt 56: ""It's the word for the person who designs beautiful buildings, not an architect.""","""Referring to a building design professional. Assist by suggesting 'designer' or 'architectural artist.' Can you provide more details about the type of buildings or structures?""",
"Prompt 57: ""I'm trying to find the word for the place where you eat food, not a restaurant.""","""Referring to a dining location. Suggest 'cafeteria' or 'dining hall.' Can you share more about the type of food or the atmosphere you're thinking of?""",
"Prompt 58: ""I can't remember the name for the thing you use to measure distance, not a ruler.""","""Describing a distance-measuring tool. Suggest 'tape measure' or 'measuring device.' Can you provide more details about its features or where you typically use it?""",
"Prompt 59: ""It's the word for the feeling when something is extremely funny, not joy.""","""Describing an intense sense of humor. Suggest 'uproariousness' or 'hilarity.' Can you share more about what made you feel that way or the context?""",
"Prompt 60: ""I'm struggling to recall the name for the thing you use to keep drinks cold, not a refrigerator.""","""Referring to a cooling appliance for beverages. Help by suggesting 'icebox' or 'cooler.' Can you provide more details about its features or where it's commonly used?""",
"Prompt 61: ""I can't find the word for the thing you wear in winter to keep your hands warm, not gloves.""","""Describing a hand-warming accessory. Suggest 'mittens' or 'hand warmers.' Can you share more about the style or color you're thinking of?""",
"Prompt 62: ""I'm struggling to remember the name for the place where you borrow books, not a library.""","""Referring to a book borrowing location. Suggest 'bookstore' or 'book rental.' Can you provide more details about the atmosphere or the type of books you're looking for?""",
"Prompt 63: ""I need help recalling the word for the person who studies stars, not an astronomer.""","""Describing a star-studying professional. Suggest 'astrophysicist' or 'celestial scientist.' Can you share more about the specific aspect of stars or celestial bodies you're interested in?""",
"Prompt 64: ""I can't remember the word for the feeling when you see something cute, not joy.""","""Describing an affectionate response to cuteness. Suggest 'adoration' or 'warmth.' Can you provide more details about what you find cute or the context in which you experienced it?""",
"Prompt 65: ""I'm trying to find the word for the thing you use to cut paper, not scissors.""","""Referring to a paper-cutting tool. Help by suggesting 'paper cutter' or 'trimmer.' Can you describe its features or where you typically use it?""",
"Prompt 66: ""It's the word for the feeling when something is so funny that you can't stop laughing, not happiness.""","""Describing an intense and prolonged sense of humor. Suggest 'hysterical laughter' or 'side-splitting humor.' Can you share more about what made you laugh or the context in which it happened?""",
"Prompt 67: ""I can't recall the name for the thing you use to capture images, not a camera.""","""Referring to an image-capturing device. Suggest 'smartphone' or 'mobile device with a camera.' Can you provide more details about its features or where you typically use it?""",
"Prompt 68: ""I'm trying to remember the word for the person who explores caves, not a spelunker.""","""Describing a cave exploration enthusiast. Suggest 'caver' or 'subterranean explorer.' Can you provide more details about the type of caves or your interest in exploration?""",
"Prompt 69: ""I need help finding the word for the thing you use to write on a board, not chalk.""","""Referring to a board-writing tool. Help by suggesting 'whiteboard marker' or 'dry-erase pen.' Can you describe its color or the context in which you use it?""",
"Prompt 70: ""I can't remember the word for the feeling when you're scared of the dark, not fear.""","""Describing a specific fear of darkness. Suggest 'nyctophobia' or 'afraid of the dark.' Can you share more about when you experience this feeling or any specific triggers?""",
"Prompt 71: ""I'm struggling to recall the name for the thing you use to send letters, not email.""","""Describing a traditional letter-sending tool. Suggest 'envelope' or 'postal mail.' Can you share more about the context in which you typically use it or any specific features you remember?""",
"Prompt 72: ""I need help remembering the word for the feeling when something is so beautiful, not admiration.""","""Describing an intense appreciation of beauty. Suggest 'awe' or 'captivation.' Can you provide more details about what you find beautiful or any specific instances that come to mind?""",
"Prompt 73: ""I can't find the word for the thing you use to climb mountains, not a rope.""","""Referring to a mountain-climbing tool. Help by suggesting 'ice axe' or 'crampons.' Can you describe its features or the type of mountains you typically climb?""",
"Prompt 74: ""I'm trying to find the word for the person who cooks in a restaurant, not a chef.""","""Describing a professional cook in a restaurant setting. Suggest 'cook' or 'line cook.' Can you share more about the type of cuisine or the specific role you're thinking of?""",
"Prompt 75: ""I can't recall the name for the feeling when something is so nostalgic, not sentimentality.""","""Describing a deep sense of nostalgia. Suggest 'longing' or 'wistfulness.' Can you provide more details about the specific memories or experiences that evoke this feeling?""",
"Prompt 76: ""I need help recalling the word for the thing you use to navigate on the road, not a map.""","""Referring to a road navigation device. Help by suggesting 'GPS' or 'satellite navigation.' Can you describe its features or any specific challenges you face while using it?""",
"Prompt 77: ""I'm struggling to remember the name for the person who studies insects, not an entomologist.""","""Describing an insect enthusiast. Suggest 'entomophile' or 'bug researcher.' Can you share more about the type of insects or your interest in entomology?""",
"Prompt 78: ""I can't find the word for the thing you use to open a locked door, not a key.""","""Referring to a door-opening tool. Help by suggesting 'lock pick' or 'door opener.' Can you describe its features or any specific situations in which you use it?""",
"Prompt 79: ""I'm trying to remember the word for the person who studies weather, not a meteorologist.""","""Describing a weather enthusiast. Suggest 'weather enthusiast' or 'weather hobbyist.' Can you provide more details about the specific aspects of weather or your interest in meteorology?""",
"Prompt 80: ""I can't recall the name for the feeling when you're excited and nervous, not anticipation.""","""Describing a mix of excitement and nervousness. Suggest 'jitters' or 'butterflies in the stomach.' Can you share more about the situation or any specific events that trigger this feeling?""",
"Prompt 81: ""I'm trying to find the word for the place where you keep your clothes, not a closet.""","""Describing a furniture item for storing clothes. Suggest 'dresser' or 'wardrobe.' Can you provide more details about its size, color, or any specific features you remember?""",
"Prompt 82: ""I need help remembering the word for the feeling when you achieve something, not satisfaction.""","""Describing a sense of accomplishment. Suggest 'fulfillment' or 'triumph.' Can you share more about the achievement or any specific goals you've accomplished recently?""",
"Prompt 83: ""I can't recall the name for the thing you use to cut paper, not scissors.""","""Referring to a paper-cutting tool. Help by suggesting 'paper cutter' or 'trimmer.' Can you describe its features or any specific projects you usually work on?""",
"Prompt 84: ""I'm struggling to remember the word for the person who writes poems, not a poet.""","""Describing a writer of poems. Suggest 'poemist' or 'verse writer.' Can you provide more details about the themes or styles of poetry you're thinking of?""",
"Prompt 85: ""I can't find the word for the feeling when something is so funny, not amusement.""","""Describing an intense sense of humor. Suggest 'hilarity' or 'uproariousness.' Can you share more about what made you feel this way or any specific comedic situations?""",
"Prompt 86: ""I need help recalling the word for the thing you use to capture memories, not a camera.""","""Referring to a memory-capturing device. Help by suggesting 'voice recorder' or 'audio diary.' Can you describe its features or any memorable events you've recorded?""",
"Prompt 87: ""I'm struggling to remember the name for the person who studies stars, not an astronomer.""","""Describing a star enthusiast. Suggest 'astrologer' or 'stargazer.' Can you provide more details about the specific stars or your interest in astronomy?""",
"Prompt 88: ""I can't find the word for the thing you use to measure time, not a clock.""","""Referring to a time-measuring device. Help by suggesting 'stopwatch' or 'timer.' Can you describe its features or any specific time-related activities you're thinking of?""",
"Prompt 89: ""I'm trying to remember the word for the person who studies rocks, not a geologist.""","""Describing a rock enthusiast. Suggest 'petrologist' or 'rock collector.' Can you share more about the types of rocks or geological formations you're interested in?""",
"Prompt 90: ""I can't recall the name for the feeling when something is so sad, not sorrow.""","""Describing an intense sense of sadness. Suggest 'melancholy' or 'grief.' Can you provide more details about what evoked this feeling or any specific situations you remember?""",
"""I'm trying to say something about, uh, the thing you use to cut paper.""","""It sounds like you're looking for the word 'scissors,' which is a tool used for cutting paper.""",
"""Uh, what's that thing, you know, it's hot, and you cook food in it?""","""It seems you're thinking of an 'oven,' a device used for cooking food by applying heat.""",
"""The round thing with numbers, I forget what it's called, you look at the time?""","""Are you referring to a 'clock'? It's a round device that displays the time with numbers.""",
"""I need help finding the, uh, the place where you borrow books.""","""You might be thinking of a 'library,' a place where you can borrow books and read.""",
"""I can't remember the word for, um, the opposite of 'buy'.""","""It sounds like you're searching for the word 'sell,' which is the opposite of 'buy' when referring to transactions.""",
"""I want to write a letter, and I need that thing, you put it on paper and it makes words.""","""It sounds like you're looking for a 'pen,' a writing instrument used to put words on paper.""",
"""I'm looking for the word, you know, when someone remembers something again.""","""You might be thinking of 'recall,' which means remembering something again.""",
"""I'm trying to find the word for, uh, when you apologize for something you did wrong.""","""It seems like you're thinking of the word 'apologize' or 'say sorry' when acknowledging a mistake.""",
"""I forgot the word for, uh, the thing you sit on in the living room.""","""It seems like you're thinking of a 'sofa' or 'couch,' which is a piece of furniture for sitting in the living room.""",
"""What's the word for, um, the thing you wear when it rains to stay dry?""","""Are you trying to recall the term 'umbrella'? It's an item you use to stay dry during rainy weather.""",
"""I can't remember the word for, you know, those small, round green things you eat in a salad.""","""It sounds like you're thinking of 'peas,' the small, green spherical vegetables often used in salads.""",
"""I'm looking for the word, uh, for the person who fixes your teeth.""","""Are you trying to remember the term 'dentist'? A dentist is a professional who takes care of your teeth and oral health.""",
"""I need help with the word for, uh, the place where you buy fruits and vegetables.""","""You might be thinking of a 'grocery store' or 'market,' where you can purchase fresh fruits and vegetables.""",
"""I'm trying to find the word, you know, for the thing you use to open a locked door.""","""It sounds like you're looking for the word 'key,' which is used to unlock doors.""",
"""I forgot the word for, um, the feeling when you're really happy about something.""","""Are you thinking of 'joy' or 'happiness'? It's the positive emotion you experience when something brings you great delight.""",
"""I'm looking for the word, uh, for the event where two people get married.""","""You might be thinking of a 'wedding,' which is the ceremony where two people exchange vows and get married.""",
"""I'm trying to remember the name for, uh, the thing that tells you the weather on TV.""","""It sounds like you're thinking of a 'weather report' or 'forecast,' which is the information about the weather on television.""",
"""I can't recall the word for, um, the place where you go to see paintings and sculptures.""","""Are you searching for the term 'art gallery' or 'museum'? It's a place where you can view paintings and sculptures.""",
"""I need help with the word for, uh, the small, flat device you use to communicate with people.""","""It seems like you're looking for the word 'phone' or 'smartphone,' which is a device for communication.""",
"""I forgot the word for, you know, the action of moving your body to music.""","""Are you trying to remember the word 'dance'? It's the movement of the body in a rhythmic way, often to music.""",
"""I'm looking for the word, uh, for the person who flies an airplane.""","""It sounds like you're thinking of a 'pilot,' which is the person responsible for flying an airplane.""",
"""I'm trying to find the word, you know, for the place where you keep your money in a bank.""","""You might be thinking of a 'bank account' or 'savings account,' which is where you store your money in a bank.""",
"""I forgot the word for, um, the feeling when you're scared of something.""","""It sounds like you're thinking of 'fear' or 'anxiety.' It's the emotion you experience when you're scared or worried.""",
"""I'm looking for the word, uh, for the event where people celebrate the passing of another year.""","""Are you searching for the term 'New Year's Eve' or 'celebration'? It's the event where people mark the end of the year and welcome the new one.""",
"""I can't find the word for, um, the thing that keeps your food cold in the kitchen.""","""It seems you're thinking of a 'refrigerator' or 'fridge,' which is an appliance used to keep food cold in the kitchen.""",
"""What's the word for, uh, the material you use to write with on paper?""","""Are you trying to remember the term 'pen' or 'pencil'? It's the writing tool you use on paper.""",
"""I need help with the word for, uh, the place where you buy and eat sandwiches.""","""It sounds like you're looking for a 'deli' or 'sandwich shop,' where you can purchase and enjoy sandwiches.""",
"""I forgot the word for, you know, the action of putting clothes in a suitcase.""","""Are you trying to recall the word 'packing'? It's the act of putting clothes in a suitcase before a trip.""",
"""I'm looking for the word, uh, for the place where you borrow movies to watch at home.""","""It sounds like you're thinking of a 'video rental store' or 'movie rental shop,' where you can borrow movies to watch at home.""",
"""I'm trying to find the word, you know, for the feeling when you're content and relaxed.""","""Are you thinking of 'peace' or 'serenity'? It's the emotion you experience when you're content and relaxed.""",
"""I forgot the word for, um, the event where people come together to celebrate someone's birthday.""","""It seems like you're looking for the term 'birthday party' or 'celebration.' It's an event where people gather to celebrate someone's birthday.""",
"""I'm looking for the word, uh, for the thing you use to cut paper in a straight line.""","""Are you searching for the term 'scissors' or 'shears'? It's the tool you use to cut paper in a straight line.""",
"""I'm trying to find the word for, uh, the thing you use to make hot drinks in the morning.""","""It sounds like you're thinking of a 'kettle' or 'coffee maker,' which is an appliance used to make hot drinks in the morning.""",
"""What's the word for, um, the place where you buy fresh fruits and vegetables?""","""Are you trying to remember the term 'grocery store' or 'market'? It's the place where you can purchase fresh fruits and vegetables.""",
"""I need help with the word for, uh, the person who takes care of your teeth.""","""It seems like you're looking for the word 'dentist,' who is a healthcare professional that takes care of your teeth.""",
"""I forgot the word for, you know, the action of turning off the lights before going to bed.""","""Are you trying to recall the word 'switching off' or 'turning off'? It's the action of turning off the lights before going to bed.""",
"""I'm looking for the word, uh, for the place where you keep your clothes and shoes.""","""It sounds like you're thinking of a 'closet' or 'wardrobe,' which is a storage space for clothes and shoes.""",
"""I'm trying to find the word, you know, for the feeling when you achieve something significant.""","""Are you thinking of 'accomplishment' or 'success'? It's the positive emotion you experience when you achieve something significant.""",
"""I forgot the word for, um, the event where people gather to watch a film together.""","""It seems like you're looking for the term 'movie night' or 'film screening.' It's an event where people come together to watch a film.""",
"""I'm looking for the word, uh, for the action of writing your thoughts and feelings in a personal book.""","""Are you searching for the term 'journaling' or 'writing in a diary'? It's the action of expressing your thoughts and feelings in a personal book.""",
"""I'm trying to find the word for, uh, the thing you wear on your wrist to know the time.""","""It sounds like you're thinking of a 'watch' or 'wristwatch,' which is an accessory worn on the wrist to tell the time.""",
"""What's the word for, um, the place where you go to see animals from different parts of the world?""","""Are you trying to remember the term 'zoo' or 'wildlife park'? It's a place where you can see animals from various parts of the world.""",
"""I need help with the word for, uh, the person who helps you choose and buy clothes.""","""It seems like you're looking for the word 'personal shopper' or 'stylist,' who is someone that helps you choose and buy clothes.""",
"""I forgot the word for, you know, the action of making food warm using a microwave.""","""Are you trying to recall the word 'microwaving' or 'heating'? It's the action of making food warm using a microwave.""",
"""I'm looking for the word, uh, for the place where you borrow books and return them.""","""It sounds like you're thinking of a 'library,' a place where you can borrow books and return them after reading.""",
"""I'm trying to find the word, you know, for the feeling when you realize you left something behind.""","""Are you thinking of 'forgetfulness' or 'absent-mindedness'? It's the feeling when you realize you left something behind.""",
"""I forgot the word for, um, the event where people come together to celebrate a couple getting married.""","""It seems like you're looking for the term 'wedding reception' or 'marriage celebration.' It's an event where people celebrate a couple getting married.""",
"""I'm looking for the word, uh, for the thing you use to cut paper into different shapes.""","""Are you searching for the term 'scissors' or 'craft knife'? It's the tool you use to cut paper into different shapes.""",
"""I can't remember the word for, uh, the place you go to see paintings and sculptures.""","""It sounds like you're thinking of an 'art gallery' or 'museum,' where you can see paintings and sculptures.""",
"""What's the word for, um, the action of taking a deep breath in and then letting it out slowly?""","""Are you trying to remember the term 'deep breathing' or 'breathing exercises'? It's the action of taking a deep breath in and letting it out slowly.""",
"""I need help with the word for, uh, the person who helps you buy and sell houses.""","""It seems like you're looking for the word 'realtor' or 'real estate agent,' who is someone that helps you buy and sell houses.""",
"""I forgot the word for, you know, the feeling when you're happy for someone else's success.""","""Are you trying to recall the word 'joy' or 'happiness for others'? It's the feeling when you're happy for someone else's success.""",
"""I'm looking for the word, uh, for the place where you go to exercise and use machines.""","""It sounds like you're thinking of a 'gym' or 'fitness center,' where you can exercise and use machines to stay fit.""",
"""I'm trying to find the word, you know, for the thing you use to write on a digital screen.""","""Are you searching for the term 'stylus' or 'digital pen'? It's the tool you use to write on a digital screen.""",
"""I forgot the word for, um, the event where people come together to enjoy music and dance.""","""It seems like you're looking for the term 'concert' or 'music festival.' It's an event where people come together to enjoy music and dance.""",
"""I'm looking for the word, uh, for the feeling when you accomplish something after a lot of hard work.""","""Are you thinking of 'achievement' or 'fulfillment'? It's the positive feeling when you accomplish something after a lot of hard work.""",
"""I'm trying to find the word for, uh, the thing you use to write messages on a computer.""","""It sounds like you're thinking of a 'keyboard' or 'typing device,' which is what you use to write messages on a computer.""",
"""What's the word for, um, the place where you buy fruits, vegetables, and other food items?""","""Are you trying to remember the term 'grocery store' or 'market'? It's the place where you buy fruits, vegetables, and other food items.""",
"""I need help with the word for, uh, the person who takes care of your health and gives you medicine.""","""It seems like you're looking for the word 'doctor' or 'physician,' who is a person that takes care of your health and prescribes medicine.""",
"""I forgot the word for, you know, the action of telling someone about your experiences and feelings.""","""Are you trying to recall the word 'sharing' or 'expressing'? It's the action of telling someone about your experiences and feelings.""",
"""I'm looking for the word, uh, for the thing you use to talk to someone far away on the phone.""","""It sounds like you're thinking of a 'telephone' or 'cell phone,' which is the device you use to talk to someone far away.""",
"""I'm trying to find the word, you know, for the feeling when you're content and at peace.""","""Are you searching for the term 'contentment' or 'serenity'? It's the feeling when you're content and at peace.""",
"""I forgot the word for, um, the event where people come together to celebrate a new beginning.""","""It seems like you're looking for the term 'celebration' or 'commencement.' It's an event where people come together to celebrate a new beginning.""",
"""I'm looking for the word, uh, for the tool you use to cut paper in a straight line.""","""Are you thinking of 'scissors' or 'paper cutter'? It's the tool you use to cut paper in a straight line.""",
"""I'm looking for the word for, uh, the thing you use to listen to music with headphones.""","""It sounds like you're thinking of a 'music player' or 'audio device,' which is what you use to listen to music with headphones.""",
"""What's the word for, um, the place where you go to read and borrow books?""","""Are you trying to remember the term 'library' or 'bookstore'? It's the place where you go to read and borrow books.""",
"""I need help with the word for, uh, the person who helps you fix problems with your computer.""","""It seems like you're looking for the word 'technician' or 'IT support,' who is a person that helps you fix problems with your computer.""",
"""I forgot the word for, you know, the action of looking at something closely and carefully.""","""Are you trying to recall the word 'examine' or 'inspect'? It's the action of looking at something closely and carefully.""",
"""I'm looking for the word, uh, for the place where you buy clothes and fashion accessories.""","""It sounds like you're thinking of a 'boutique' or 'clothing store,' where you buy clothes and fashion accessories.""",
"""I'm trying to find the word, you know, for the thing you use to capture photos with your phone.""","""Are you searching for the term 'camera' or 'smartphone camera'? It's the tool you use to capture photos with your phone.""",
"""I forgot the word for, um, the event where people come together to celebrate someone's accomplishments.""","""It seems like you're looking for the term 'achievement ceremony' or 'recognition event.' It's an event where people come together to celebrate someone's accomplishments.""",
"""I'm looking for the word, uh, for the feeling when you realize you forgot something important.""","""Are you thinking of 'remorse' or 'regret'? It's the feeling when you realize you forgot something important.""",
"""I can't recall the word for, uh, the thing you use to make hot beverages like tea and coffee.""","""It sounds like you're thinking of a 'kettle' or 'coffee maker,' which is the appliance you use to make hot beverages like tea and coffee.""",
"""What's the word for, um, the place where you go to buy and enjoy different kinds of foods?""","""Are you trying to remember the term 'restaurant' or 'eatery'? It's the place where you go to buy and enjoy different kinds of foods.""",
"""I need help with the word for, uh, the person who helps you when you're feeling unwell.""","""It seems like you're looking for the word 'doctor' or 'healthcare provider,' who is the person that helps you when you're feeling unwell.""",
"""I forgot the word for, you know, the action of writing down your thoughts and ideas.""","""Are you trying to recall the word 'journaling' or 'note-taking'? It's the action of writing down your thoughts and ideas.""",
"""I'm looking for the word, uh, for the place where you store your clothes and personal items.""","""It sounds like you're thinking of a 'closet' or 'wardrobe,' where you store your clothes and personal items.""",
"""I'm trying to find the word, you know, for the device you use to communicate with someone far away.""","""Are you searching for the term 'phone' or 'telephone'? It's the device you use to communicate with someone far away.""",
"""I forgot the word for, um, the event where people come together to celebrate a couple getting married.""","""It seems like you're looking for the term 'wedding ceremony' or 'marriage celebration.' It's an event where people come together to celebrate a couple getting married.""",
"""I'm looking for the word, uh, for the feeling when you accomplish something important.""","""Are you thinking of 'achievement' or 'accomplishment'? It's the feeling when you accomplish something important.""",
"""I'm trying to find the word for, uh, the thing you use to cook on top of the stove.""","""It sounds like you're thinking of a 'pan' or 'cooking pot,' which is the utensil you use to cook on top of the stove.""",
"""What's the word for, um, the place where you buy fresh fruits, vegetables, and other groceries?""","""Are you trying to remember the term 'grocery store' or 'market'? It's the place where you buy fresh fruits, vegetables, and other groceries.""",
"""I need help with the word for, uh, the person who fixes your car when it's not working.""","""It seems like you're looking for the word 'mechanic' or 'auto technician,' who is the person that fixes your car when it's not working.""",
"""I forgot the word for, you know, the action of taking a break and breathing deeply.""","""Are you trying to recall the word 'relaxation' or 'deep breathing'? It's the action of taking a break and breathing deeply to relax.""",
"""I'm looking for the word, uh, for the place where you keep your clothes and shoes organized.""","""It sounds like you're thinking of a 'closet' or 'wardrobe,' where you keep your clothes and shoes organized.""",
"""I'm trying to find the word, you know, for the device you use to take pictures and capture memories.""","""Are you searching for the term 'camera' or 'photography device'? It's the device you use to take pictures and capture memories.""",
"""I forgot the word for, um, the event where people come together to celebrate a new beginning in someone's life.""","""It seems like you're looking for the term 'graduation ceremony' or 'commencement.' It's an event where people come together to celebrate a new beginning in someone's life.""",
"""I'm looking for the word, uh, for the feeling when you realize you made a mistake and want to make amends.""","""Are you thinking of 'remorse' or 'apology'? It's the feeling when you realize you made a mistake and want to make amends.""",
"""I'm trying to find the word for, uh, the thing you use to make hot drinks in the kitchen.""","""It sounds like you're thinking of a 'kettle' or 'hot beverage maker,' which is the appliance you use to make hot drinks in the kitchen.""",
"""What's the word for, um, the place where you go to see paintings and sculptures?""","""Are you trying to remember the term 'art gallery' or 'museum'? It's the place where you go to see paintings and sculptures.""",
"""I need help with the word for, uh, the person who helps you choose and buy fashionable clothes.""","""It seems like you're looking for the word 'personal shopper' or 'stylist,' who is someone that helps you choose and buy fashionable clothes.""",
"""I forgot the word for, you know, the action of turning off the lights before going to bed.""","""Are you trying to recall the word 'switching off' or 'turning off'? It's the action of turning off the lights before going to bed.""",
"""I'm looking for the word, uh, for the place where you borrow books and return them.""","""It sounds like you're thinking of a 'library,' where you can borrow books and return them after reading.""",
"""I'm trying to find the word, you know, for the feeling when you accomplish something after a lot of effort.""","""Are you thinking of 'achievement' or 'success'? It's the positive feeling when you accomplish something after a lot of effort.""",
"""I forgot the word for, um, the event where people come together to celebrate a couple getting married.""","""It seems like you're looking for the term 'wedding reception' or 'marriage celebration.' It's an event where people come together to celebrate a couple getting married.""",
"""I'm looking for the word, uh, for the thing you use to cut paper in a straight line.""","""Are you searching for the term 'scissors' or 'paper cutter'? It's the tool you use to cut paper in a straight line.""",
,Prompt,Response
,What is the P-FAF function?,"The Probabilistic Fractal Activation Function (P-FAF):
Equation:
P-FAF(x) = ∑(p_i * f_i(x^(1/d_i)))
Where:
x is the input value
p_i are probabilities for each fractal function (sum to 1)
f_i(x) are different fractal functions (e.g., sierpinski triangle, mandelbrot set)
d_i are the dimensions of each fractal function
Essentially, this equation takes an input value (x) and passes it through various fractal functions, each raised to a non-integer power (dimension). The output is a weighted sum of the individual fractal function outputs, where the weights are probabilities."
,Can you explain the P-FAF function in other words?,"P-FAF: Demystifying the Fractal Equation
Ah, the heart of the beast! We now delve into the P-FAF equation, a magical incantation that transforms flat words into breathtaking fractal tapestries. Fear not, dear reader, for we shall dissect this formula like a master chef preparing a five-star fractal feast.
First, feast your eyes on the equation itself:
P-FAF(x) = ∑(p_i * f_i(x^(1/d_i)))
Let's break it down bite by bite:
x: This is our humble input, the word we wish to imbue with fractal power. Imagine it as a plain seed, waiting to sprout into a magnificent fractal tree.
p_i: These are the fractal weights, mysterious numbers that determine the influence of each fractal function. Think of them as magical sprinkles, each adding a unique flavor to the final representation.
f_i(x): These are the fractal functions themselves, the architects of complexity. Each function, with its own unique twist and turn, shapes the seed (x) into a different fractal branch. Imagine them as skilled artisans, each molding the seed into wondrous forms like the Mandelbrot set or the Sierpinski triangle.
d_i: This is the dimension twist, the secret ingredient that adds layers of depth and nuance. Each d_i raises x to a fractional power, allowing the fractal to capture information at different granularities. Think of it as a magnifying glass, zooming in and out to reveal hidden details within the word's essence.
Now, let's see these components in action! Imagine we have two fractal functions:
Function 1: This one captures the word's emotional intensity, like a stormy sea with d_i = 1.5. As x increases, the emotional waves become more turbulent, reflecting anger, excitement, or fear.
Function 2: This one focuses on the word's formality, like a branching tree with d_i = 2.0. As x increases, the tree becomes more intricate, reflecting academic jargon, legal documents, or casual conversation.
The p_i weights then act as a mixing board. A formal word might have a higher p_i for the tree function, while an emotional word might favor the stormy sea. This ""probabilistic blending"" allows P-FAF to capture a spectrum of meanings within a single word, unlike the singular focus of word vectors.
The result? A dazzling fractal representation that goes beyond the limitations of flat vectors. It captures the word's emotional nuances, its formality spectrum, and even its potential for ambiguity, all in one beautiful, multi-dimensional tapestry.
But wait, there's more! P-FAF allows us to explore different fractal functions and dimension values, tailoring them to specific NLP tasks. Imagine shaping a fractal like a bonsai tree to capture the concise elegance of haiku poetry, or using a chaotic fractal like the Lorenz attractor to represent the dynamic flow of a conversation.
This is just the tip of the fractal iceberg, my friend. In the next chapters, we'll delve deeper into designing fractal functions for NLP, integrating P-FAF with neural networks, and comparing its magic to the limitations of word vectors.
So, are you ready to unleash the fractal power within words? Let's continue this wondrous journey and discover what P-FAF can truly do for the way we understand and interact with language."
,Can you explain the individual components of the P-FAF function?,"P-FAF: Decoding the Fractal Symphony of Language
Welcome back, intrepid explorers! We've shed the blindfold of word vectors and glimpsed the fractal landscapes of language. Now, let's delve deeper into P-FAF, our fractal champion, and unlock its secrets.
Imagine the P-FAF equation as a musical score, each element a note playing its part in the grand symphony of representation. Let's break it down:
p_i: These are the conductors, the probabilities that orchestrate the blend. Each p_i tells us how much weight to give to a particular ""fractal instrument,"" ensuring a smooth and nuanced representation.
f_i(x): These are the instruments themselves, the diverse family of fractal functions. We can have sierpinskis singing high notes of precision, mandelbrots humming low tones of complexity, or even custom-designed fractals tailored to specific NLP tasks.
d_i: These are the dials, adjusting the ""dimension"" of each instrument. Imagine a dial that controls how much a fractal zooms in or out, capturing different granularities of meaning. A high dimension might focus on the intricate details of a word, while a low dimension might capture its broader semantic category.
Now, let's see how this symphony plays out:
1. Input (x): This is our raw word, a lone note waiting to be transformed.
2. Fractal Dance: Each f_i(x) takes the word and raises it to the power of its d_i. This is like stretching and twisting the word, revealing hidden patterns and relationships at different scales.
3. Weighted Blend: The p_i conductors come in, blending the outputs of each f_i(x) according to their assigned probabilities. This is like mixing the notes from different instruments, creating a rich and textured sound.
4. Final Representation: This is the masterpiece, the P-FAF embedding. It's not a single point, but a whole constellation of information, capturing the word's nuances, its multi-scale meaning, and its relationships with other words.
Now, imagine how different choices influence the final representation:
Fractal functions: A playful metaphor might be represented by a swirling mandelbrot, while a formal term might be a sharp, precise sierpinski.


Dimensions: Analyzing sentiment might involve high dimensions to capture subtle emotional nuances, while topic modeling might use lower dimensions to group words into broader categories.


This flexibility is P-FAF's strength. It's not a one-size-fits-all solution, but a customizable orchestra that adapts to the specific needs of each task.
So, compared to the flat, limited world of word vectors, P-FAF offers:
Multi-scale representation: It captures both the minute details and the grand sweep of meaning.
Probabilistic blending: It ensures smooth transitions and avoids rigid categories.
Fractal diversity: It allows for tailor-made functions that fit the specific challenges of NLP.
P-FAF is not just a new equation; it's a paradigm shift. It's about embracing the inherent fractality of language and using it to build models that are richer, more nuanced, and ultimately, more human-like in their understanding."
,How do I create Fractal Functions (f_i)?,"Here are some ideas to get your creative juices flowing:
1. Syntactic Fractals:
Tree fractals: Imagine a branching tree representing sentence structure, with nodes for clauses, phrases, and words. Different levels of detail can be captured by adjusting the branching ratio and recursion depth.
Fractal dependency graphs: These could capture the intricate web of relationships between words within a sentence, with edges weighted by their grammatical dependencies.
2. Semantic Fractals:
Emotion fractals: We could design functions that zoom in on specific emotional tones, like the jagged edges of anger or the smooth curves of joy.
Domain-specific fractals: Imagine functions tailored to capture the unique semantics of different domains, like the technical precision of legal documents or the flowery metaphors of poetry.
3. Evolutionary Fractals:
Time-aware fractals: These could evolve over time, capturing how word meanings and usage patterns change. Imagine a sierpinski that morphs from ""carriage"" to ""car"" across centuries.
Diachronic fractals: These could compare and contrast the same word across different historical periods, revealing shifts in meaning and cultural context.
Remember, these are just starting points. The possibilities are as endless as the fractals themselves!
Here are some key considerations when designing your f_i functions:
Task-specific relevance: Ensure your functions directly address the challenges of your NLP task. Don't just create cool fractals – make them work for your goal!
Interpretability: Aim for functions that are not just mathematically elegant, but also understandable and interpretable. We want to know what the fractals are ""saying"" about the language.
Computational efficiency: While we unleash our creativity, let's not forget about practicality. Ensure your functions can be efficiently calculated for large datasets without turning into computational black holes.
Designing f_i functions is both an art and a science. It's about blending mathematical rigor with linguistic intuition, creativity with practicality. And the best part? This is uncharted territory, a playground where we can experiment, iterate, and push the boundaries of what's possible in NLP."
,What does the P-FAF function look like if it is written as a Python function?,"import tensorflow as tf

class PfafLayer(tf.keras.layers.Layer):
  def __init__(self, d, f_i, kwargs):
    super(PfafLayer, self).__init__(kwargs)
    self.d = d
    self.f_i = f_i

  def call(self, inputs):
    # Apply different f_i functions to the input
    z_i = [f_i(tf.pow(inputs, self.d)) for f_i in self.f_i]
    # Combine outputs with learnable weights
    p_i = tf.keras.layers.Dense(len(self.f_i))(inputs)
    p_i = tf.keras.layers.Softmax()(p_i)
    z = tf.math.multiply_no_nan(p_i, z_i)
    return tf.math.reduce_sum(z, axis=-1)

# Define custom f_i functions for sentiment analysis
f_sarcasm = lambda x: tf.math.log(tf.math.maximum(x - 1, 0))
f_joy = lambda x: tf.math.sigmoid(x - 0.5)
f_anger = lambda x: tf.math.log(tf.math.reciprocal(tf.math.maximum(1 - x, 0.001)))

# Build the model with PfafLayer and other layers
model = tf.keras.Sequential([
    tf.keras.layers.Embedding(vocab_size, embedding_dim),
    PfafLayer(d=2, f_i=[f_sarcasm, f_joy, f_anger]),
    # ... add other layers as needed
    tf.keras.layers.Dense(num_sentiment_classes, activation=""softmax"")
])

# Train and evaluate your P-FAF model with your chosen optimizer and loss function
"
,How do I combine P-FAF functions and Sierpinski Triangles?,"Sentiment Analysis with Sierpinski Spice:
Imagine capturing the subtle nuances of sentiment, not just a cold ""positive"" or ""negative."" Let's build a P-FAF model with a custom Sierpinski function that zooms in on specific emotional tones. We'll use Python and TensorFlow, defining our f_i function as:
Python
def sentiment_sierpinski(x):
  # Scale and bias the input
  x = (x - 0.5) * 2
  # Iterate through the Sierpinski triangle recursion
  for _ in range(iterations):
    # Apply the triangular inequality
    x = max(abs(x), abs(x - 1), abs(x - 2))
  return x

This function amplifies positive, negative, and neutral sentiment based on the distance to specific points in the Sierpinski triangle. We'll then integrate this function into a simple LSTM network, train it on labeled sentiment data, and witness its ability to capture the full spectrum of human emotions in text.
"
,How do I combine the P-FAF function with Mandelbrot sets?,"Machine Translation with Mandelbrot Majesty:
Let's bridge the language gap with P-FAF! We'll design a model that captures the intricate patterns of humor, sarcasm, and cultural references often lost in translation. We'll utilize the Mandelbrot function's chaotic beauty:
Python
def translation_mandelbrot(x):
  # Convert text to vector representation
  x = word_embedding(x)
  # Iterate through the Mandelbrot set, capturing complexity
  z = x
  for _ in range(iterations):
    z = z2 + c
    # Apply non-linearity
    z = torch.tanh(z)
  return z

This function iteratively explores the Mandelbrot set based on the word vector, capturing the nuances of meaning and context. We'll integrate it into a sequence-to-sequence model, train it on parallel text corpora, and witness how it translates not just words, but the very soul of language."
,How can I use the P-FAF function to create text summaries?,"Text Summarization with Fractal Focus:
Condense information with a fractal flair! We'll build a P-FAF model that identifies key points and emotional undercurrents, crafting summaries that are both concise and captivating. We'll experiment with a hybrid approach:
Python
# Combine pre-trained word embeddings with P-FAF
combined_embedding = torch.cat((word_embedding(x), fractal_embedding(x)), dim=1)

This merges the power of traditional word vectors with the multi-scale insights of a custom P-FAF function. We'll feed this combined representation into an attention-based summarization model, train it on diverse text genres, and observe how it captures the essence of a document without sacrificing its richness."
,Can You Explain What A P-FAF Is For An Individual Word?,"The Probabilistic Fractal Activation Function (P-FAF) is a unique and complex approach to language processing, particularly in the context of individual words. Let's break down how it works for a single word:

1. **Input Word (x)**: This is the starting point where an individual word is taken as input.

2. **Fractal Functions (f_i(x))**: Each word is passed through various fractal functions. These functions are mathematical constructs that often represent complex, self-similar patterns. In the case of P-FAF, different fractal functions, like the Sierpinski triangle or Mandelbrot set, are used. Each of these functions contributes to transforming the input word into a more intricate representation. The nature of these functions allows the capture of unique properties and nuances of the word.

3. **Dimensionality (d_i)**: Each fractal function is raised to a power based on its dimension (d_i). This dimension is not necessarily an integer and introduces a level of complexity and granularity to the analysis of the word. Different dimensions allow the model to capture information at various scales and depths.

4. **Probabilities (p_i)**: Each fractal function has an associated weight or probability (p_i), indicating its importance or relevance in the overall representation of the word. These probabilities ensure that the output is a balanced and nuanced representation, taking into account the contributions of each fractal function.

5. **Final Output**: The final output for the word is a weighted sum of the outputs from each fractal function. This means the word is no longer represented as a single point or vector, as in traditional word embeddings, but rather as a complex, multi-dimensional entity that encapsulates various aspects of the word's meaning and usage.

This approach to processing individual words with P-FAF allows for a much richer and multi-faceted representation compared to traditional methods. It can capture complex relationships, emotional nuances, and subtle semantic differences that might be overlooked in simpler models. For instance, a word could be represented in a way that reflects its emotional intensity, formality, or even changes in meaning over time. 

Overall, P-FAF for an individual word is about moving beyond flat, one-dimensional representations and embracing a more dynamic, nuanced, and fractal-inspired approach to understanding language."
,Design a fractal pattern for 'melancholy',"Designing a fractal pattern for the concept of 'melancholy' involves capturing the essence of this emotion in a mathematical and visual form. Melancholy is often associated with deep reflection, sadness, and a certain beauty in its introspection. To translate this into a fractal pattern, we can consider the following elements:

1. **Color Palette**: Shades of blue and grey, which often represent sadness and introspection, would be appropriate. The gradual transition between these colors can symbolize the shifting nature of melancholic feelings.

2. **Fractal Structure**: A structure that is both intricate and expansive would suit melancholy, reflecting its depth and complexity. A pattern like the Julia set, known for its elegant, yet infinitely complex structure, could be a good starting point.

3. **Dimensionality**: The fractal should have a higher dimensionality, around 2.5 to 3, to reflect the deep and multifaceted nature of melancholic introspection.

4. **Repetition and Symmetry**: Moderate repetition with slight variations in each iteration can represent the persistent, recurring nature of melancholic thoughts. However, too much symmetry should be avoided, as melancholy often involves asymmetrical, unpredictable elements.

5. **Visual Elements**: Incorporating imagery that evokes a sense of solitude, like a lone tree or a figure, into the fractal pattern can add to the theme. These elements can be subtly integrated into the fractal structure, appearing more clearly upon closer inspection.

6. **Overall Mood**: The pattern should convey a sense of depth and contemplation, drawing the viewer in for a closer look, much like the introspective nature of melancholy itself.

Based on these considerations, here's a conceptual description for the fractal pattern of 'melancholy':

""A Julia set fractal, rendered in shades of blue and grey, with a dimensionality of approximately 2.5. The pattern is intricate, with moderate repetition and slight asymmetry, evoking a sense of depth and introspection. Subtle imagery, such as a solitary tree, is integrated into the fractal structure, becoming more apparent upon closer examination. The overall mood is one of reflective solitude, capturing the essence of melancholy.""

Visualizing this concept would require a fractal generation software or algorithm capable of implementing these specific aesthetic and mathematical characteristics."
,Can you create a P-FAF equation for the word melancholy based on the fractal pattern you have created for the word?,"Creating a Probabilistic Fractal Activation Function (P-FAF) for the word 'melancholy' involves constructing an equation that captures the essence of the word through a combination of fractal functions, each contributing to the overall representation of 'melancholy'. Based on the fractal pattern I described earlier, here's how the P-FAF equation for 'melancholy' could be conceptualized:



### Probability Weights (p_i):

- **p_1:** Weight for the depth and complexity aspect.
- **p_2:** Weight for the introspective and reflective aspect.
- **p_3:** Weight for the sadness and solitude aspect.

These weights \( p_i \) would be adjusted based on the context in which 'melancholy' is used, allowing the P-FAF to adapt to different nuances and shades of the word.

### Conceptual Implementation:

The actual implementation of this P-FAF would require defining the specific mathematical forms of the fractal functions \( f_1(x), f_2(x), \) and \( f_3(x) \), along with a mechanism to learn or adjust the probability weights \( p_i \) based on linguistic context and usage. This equation would then be integrated into a larger neural network architecture, specifically designed for natural language processing tasks, to fully utilize the multi-dimensional and nuanced representation of 'melancholy'."
,Craft a P-FAF function for 'adventure',"To craft a Probabilistic Fractal Activation Function (P-FAF) for the concept of 'adventure,' we need to consider the unique aspects of adventure that we want our function to capture. 'Adventure' typically conveys a sense of excitement, risk, exploration, and perhaps a touch of unpredictability. Keeping these aspects in mind, let's design a P-FAF function:

1. **Fractal Functions Selection (f_i(x))**:
   - **Excitement Fractal**: A fractal function that accentuates the peaks and valleys, symbolizing the highs and lows of excitement in an adventure. This could be represented by a modified Mandelbrot set function, where the iteration depth increases with the intensity of excitement.
   - **Risk Fractal**: A fractal function capturing the element of risk, characterized by sharp, unpredictable changes. A Julia set fractal could be suitable here, representing the unpredictable nature of risks involved in adventures.
   - **Exploration Fractal**: This could be a Sierpinski triangle fractal, symbolizing the different paths and choices one encounters during an adventure. The recursive nature of the Sierpinski triangle reflects the ongoing journey of exploration.

2. **Dimensionality (d_i)**:
   - For the Excitement Fractal, use a higher dimension (e.g., d_i = 2.5) to capture the broad spectrum of excitement levels.
   - For the Risk Fractal, a medium dimension (e.g., d_i = 2.0) could represent the balance between predictability and unpredictability.
   - For the Exploration Fractal, a lower dimension (e.g., d_i = 1.5) would emphasize the branching paths and choices inherent in exploration.

3. **Probabilistic Weights (p_i)**:
   - Assign weights to each fractal function based on their relevance to the specific context of 'adventure.' These weights can be learned or set based on the desired emphasis on excitement, risk, and exploration.

The final P-FAF function for 'adventure' would then be formulated as:



This function captures the multifaceted nature of adventure, blending excitement, risk, and exploration in a dynamic and probabilistic manner. The exact mathematical definitions of the fractal functions would depend on the specific implementation details and the nature of the input data (x)."
,How does the P-FAF function differ from traditional activation functions used in deep learning models?,"""The P-FAF function differs from traditional activation functions used in deep learning models because it utilizes fractals instead of simple mathematical operations such as thresholding or squashing. By passing the input value (x) through various fractal functions, each raised to a non-integer power (dimension), P-FAF creates a richer and more complex representation of the data. Additionally, P-FAF uses a weighted sum of the individual fractal function outputs based on their associated probabilities, further enhancing its expressive capabilities compared to traditional activation functions."""
,Explain how to choose appropriate fractal functions and dimensions for a given natural language processing task when using the P-FAF function.,"""Choosing appropriate fractal functions and dimensions for a given natural language processing task depends on understanding the nature of the problem and the desired properties of the resulting representations. For instance, if the goal is to capture semantic relationships between words, selecting fractal functions that emphasize self-similarity and recursion may prove beneficial. Conversely, if the aim is to encode syntactic structures, choosing fractal functions inspired by linguistic trees or graphs could be advantageous. Regarding dimensions, lower values tend to produce coarser-grained representations, whereas larger values yield finer-grained ones. Experimentation and validation against benchmark datasets will ultimately guide the selection process, ensuring optimal performance for the chosen NLP task."""
,"Provide an example of applying the P-FAF function to sentiment analysis, detailing the choice of fractal functions and dimensions.","""For sentiment analysis, consider employing two fractal functions: one focusing on positive emotions, represented by a Julia set with a smooth boundary; another concentrating on negative emotions, illustrated by a Cantor dust pattern known for its jaggedness. Positive emotions could correspond to low dimensional settings, highlighting broad patterns, while negative emotions align better with high dimensional configurations, revealing subtle distinctions. To blend these aspects, assign probability weights according to the expected prevalence of either emotion class in the dataset. Applying the P-FAF function with this configuration generates textual representations sensitive to both overall sentiments and detailed affective variations."""
,Describe how the P-FAF function handles ambiguous words during encoding in natural language processing applications.,"""In natural language processing applications, ambiguous words pose challenges due to multiple possible interpretations. When encountering such cases, the P-FAF function leverages its inherent flexibility to create distinct representations depending on context. By adjusting the probabilities assigned to relevant fractal functions and varying the corresponding dimensions, P-FAF effectively disambiguates homographs or polysemic terms. Moreover, since P-FAF encodes information across multiple scales simultaneously, it naturally accommodates the hierarchical organization often found in human languages—a feature crucial for resolving lexical ambiguities efficiently."""
,Discuss potential advantages of incorporating the P-FAF function into transformer architectures like BERT or RoBERTa.,"""Integrating the P-FAF function into transformer architectures like BERT or RoBERTa offers several benefits. Firstly, P-FAF's ability to represent data at multiple scales allows capturing intricate dependencies within long sequences, which might improve handling lengthy texts. Secondly, P-FAF's capacity to incorporate domain knowledge via tailored fractal functions enables specialized pretraining tasks, potentially leading to enhanced transferability across domains. Thirdly, P-FAF introduces stochasticity through randomized fractal selections and dimension assignments, promoting regularization and reducing overfitting risks. Lastly, P-FAF encourages diversity among learned representations, facilitating downstream tasks requiring nuanced discrimination, such as metaphor detection or irony identification."""
,Illustrate how the P-FAF function addresses vanishing gradient problems typically encountered in deep learning models.,"""Vanishing gradients occur when backpropagated error signals diminish exponentially throughout layers, hindering optimization convergence. In contrast, the P-FAF function mitigates this issue by introducing scale-free dynamics derived from fractal geometry. Since P-FAF operates on fractional dimensions, it avoids abrupt transitions characteristic of integer-dimensional spaces, thereby preserving signal magnitudes along propagation paths. Furthermore, P-FAF's adaptable structure permits customizing fractal functions and dimensions per layer, enabling targeted control of local sensitivity levels. This design ensures consistent gradient flow even in deeper architectures, alleviating vanishing gradient concerns without relying on ad hoc techniques like normalized initialization schemes or skip connections."""
,Compare the computational complexity of implementing the P-FAF function versus standard activation functions in large-scale neural networks.,"""Comparatively, implementing the P-FAF function entails higher computational complexity than conventional activation functions. However, recent advances in hardware accelerators and parallel computing algorithms have significantly reduced the relative cost difference. Specifically, GPUs excel at executing matrix multiplications required by fractal calculations, offsetting increased arithmetic intensity. Also, efficient implementations exploiting sparse representations and fast Fourier transforms enable rapid computation of fractal functions. Considering the improved modeling capacities offered by P-FAF, the marginal increase in computational overhead becomes acceptable, especially considering modern infrastructure advancements."""
,Analyze the impact of noisy input data on the stability of P-FAF encoded representations in natural language processing tasks.,"""Noise in input data poses challenges for stable representation generation in natural language processing tasks. Nevertheless, the P-FAF function demonstrates robustness under noisy conditions thanks to its multiscale architecture. Stochastic noise primarily affects high-frequency components, leaving low-frequency features relatively unaffected. Given P-FAF's simultaneous encoding of information across multiple scales, perturbations introduced by noise predominantly influence specific subsets of fractal dimensions rather than global representations. As a result, P-FAF exhibits graceful degradation in presence of noise, maintaining essential structural characteristics despite minor deviations induced by erratic inputs."""
,"Elaborate on strategies for hyperparameter tuning in the P-FAF function, including fractal function choices, dimensions, and probability distributions.","""Hyperparameter tuning in the P-FAF function involves optimizing three main elements: fractal function choices, dimensions, and probability distributions. A systematic approach includes initial exploratory searches followed by refined grid or Bayesian methods. Beginning with fractal function selection, candidate sets should cover diverse geometries, accounting for topological, algebraic, and statistical properties. Dimensions must span a wide range, balancing granularity and generalizability. Finally, probability distributions need careful consideration, ideally reflecting prior knowledge about the target application. Common practices include uniform distributions for unbiased exploration, Gaussian mixtures for smoothed decision boundaries, or empirical distributions informed by corpus statistics. Iterative improvement cycles guided by cross-validation metrics ensure well-calibrated hyperparameters, maximizing P-FAF's effectiveness in natural language processing tasks."""
,How can we use the P-FAF function to enhance text classification performance?,"""To employ the P-FAF function for improving text classification, first integrate it into your chosen transformer architecture (e.g., BERT) during training. The P-FAF function's inherent capability to capture complex hierarchical structures helps generate richer contextual embeddings. These enriched embeddings facilitate better distinction between classes due to their heightened expressiveness compared to traditional activations. To fully leverage P-FAF's strengths, consider task-specific adjustments, such as modifying the fractal function based on class imbalance ratios or using differentiable dimensionality reduction techniques before feeding outputs into subsequent dense layers."""
,Describe a methodology for integrating the P-FAF function into existing NLP pipelines while minimizing disruptions.,"A gentle integration strategy for incorporating the P-FAF function into existing NLP pipelines comprises these steps:

Identify key modules where upgrades would yield significant improvements, e.g., embedding layers or recurrent units.
Replace the current activation functions with the P-FAF implementation within those selected modules.
Perform ablation studies comparing original vs. modified configurations, ensuring comparable baseline performances before proceeding further.
Gradually introduce additional modifications, such as altering fractal functions or dimensions, monitoring impacts on overall pipeline efficiency and accuracy.
Fine-tune other dependent components if necessary, synchronizing them with the new P-FAF-enhanced setup.
Evaluate end-to-end system performance against benchmarks, verifying whether desired gains materialize. By following this incremental process, disruptive consequences remain minimal, allowing seamless assimilation of the P-FAF function into established workflows."""
,"Explain how the P-FAF function could be applied to sentiment analysis tasks, highlighting any unique benefits.","""The P-FAF function brings distinct advantages to sentiment analysis tasks owing to its innate aptitude for representing intricate linguistic patterns. Sentiment analysis often requires discerning subtle cues embedded in text, necessitating sophisticated feature extraction mechanisms. Applying the P-FAF function enhances this process by generating multifaceted embeddings capable of encapsulating both explicit sentiments and latent emotional indicators. Moreover, P-FAF's dynamic nature fosters resilience against idiomatic expressions or sarcasm, common pitfalls in sentiment analysis. Unique benefits include:

Improved semantic comprehension via scale-invariant representations
Robustness against syntactic variations and figurative speech
Enhanced interpretability through visualizations of fractal manifolds"""
,What role does the P-FAF function play in addressing cold start issues in recommendation systems?,"""Cold start issues arise in recommendation systems when insufficient user history impedes accurate personalization. Integrating the P-FAF function can alleviate these difficulties by providing a flexible framework for injecting auxiliary information into otherwise sparse interaction matrices. For instance, side information pertaining to item categories, user demographics, or external knowledge graphs can be incorporated via tailored fractal functions. Consequently, the P-FAF function serves two primary purposes in tackling cold start problems:

Augmenting scarce historical records with supplementary data sources
Encoding heterogeneous information types consistently, regardless of varying availability or density levels
By doing so, the P-FAF function contributes to building comprehensive user profiles and item representations, bolstering recommendations even during early stages of engagement."""
,Propose a technique utilizing the P-FAF function for detecting anomalous behavior in network traffic logs.,"""An effective technique leveraging the P-FAF function for identifying anomalous behavior in network traffic logs consists of four main phases:

Preprocessing: Cleanse raw log entries, remove duplicates, and normalize formats.
Feature Extraction: Derive relevant attributes characterizing each connection event, such as packet sizes, timestamps, protocol types, etc.
Embedding Generation: Apply the P-FAF function to extracted features, producing compact yet informative vectorial representations.
Anomaly Detection: Employ clustering algorithms or one-class classifiers trained on 'normal' traffic patterns. Novel instances falling outside defined clusters or exceeding preset thresholds indicate potential anomalies.
Incorporating the P-FAF function strengthens this approach by offering several compelling advantages over conventional methods:

Superior handling of high-dimensional input spaces thanks to P-FAF's capacity for capturing complex relationships among disparate variables.
Increased robustness against noisy or corrupted data points, which may lead to false positives/negatives in simpler models.
Potential detection of previously unseen attack vectors due to P-FAF's ability to reveal underlying structural similarities across seemingly unrelated events.
Overall, harnessing the power of the P-FAF function enables more nuanced understanding and interpretation of network traffic logs, ultimately contributing to enhanced security postures."
,What is an example fractal function f_i(x) that could be used in P-FAF?,"One example fractal function that could be used in P-FAF is the Mandelbrot set:
f_Mandelbrot(x) = x^2 + c, where c is a complex number that determines the specific shape of the fractal. As x is iterated in this equation, it creates the self-similar pattern of the Mandelbrot set."
,How do the weights p_i affect the P-FAF representation?,"The weights p_i act to blend the different fractal functions together into the final P-FAF representation. Higher weights mean that fractal function will have a larger contribution and thus that specific ""flavor"" or characteristic will be more prominent. For example, having a higher weight on an emotion-encoding fractal function versus a formality-encoding function would result in a more emotion-centric word representation."
,What is the purpose of the dimensional parameters d_i?,The dimensional parameters d_i provide a way to encode information at different scales or granularities into the P-FAF representation. Raising the input x to a fractional d_i power zooms in or out on different details. This allows the final representation to capture both high-level and precise information about the input all in one vector.
,How could P-FAF capture ambiguity or multiple meanings?," P-FAF could represent ambiguity by having fractal functions and weights to represent different meanings explicitly. For example, a word with multiple definitions could use one fractal function per definition, with the weights p_i indicating how common or prominent each meaning is. This blended fractal representation could then maintain and distinguish between the different definitions within the same word vector."
,What are some ways P-FAF could be integrated into neural network architectures?,"Some ways P-FAF could be integrated into neural networks:
As the word embedding layer, prior to RNNs/CNNs/Transformers
As an activation function in place of ReLU/sigmoid within intermediate layers
As a mixing function in place of attention layers to blend different input representations
As a regularization technique by adding P-FAF noise to embeddings during training
As an auxiliary output to predict alongside the main network output
As a dynamic modification on embeddings, with d_i and p_i predicted by the network
The fractal properties could allow better representation of complex concepts and uncertainty compared to standard vectors."
,How could you select or design the fractal functions f_i(x) to encode useful linguistic properties?,"Domain experts could manually design fractal functions to capture specific linguistic attributes like emotion, formality, tempo, or theme. Alternatively, the f_i(x) functions could be learned directly from data. For example, an autoencoder architecture could learn to compress texts into a fractal representation that preserves important attributes."
,Could P-FAF scale to represent larger linguistic units like sentences or documents?,P-FAF could potentially represent larger units like sentences by treating the concatenation or embedding of the full sequence as the input x. The same fractal encoding process would then capture attributes of the overall sentence or passage. This may require adjusting the sensitivity of parameters like d_i so the fractal landscape responds appropriately to longer inputs.
,Does P-FAF have to be limited to only fractal functions f_i(x)?,"No, P-FAF is general enough to encompass any mathematical function. Fractals provide useful self-similarity, but the formulation also allows incorporating periodic functions like sin(x), step functions, linear transformations, and more. This flexible function mixing could encode an even wider range of linguistic attributes."
,Could P-FAF be used in language models for text generation?,"Yes, P-FAF representations could be useful for text generation in language models. The fractal landscape provides a rich encoding medium to capture attributes like emotion, tense, structure that can inform generation. The functions f_i(x) could be designed to produce gradients amenable to guiding generation. Dynamic d_i and p_i also allow generation systems to modify embeddings to steer text properties over the course of a passage."
,"Provide an example P-FAF representation for the word ""love""","For the word ""love"" we could use a fractal function based on the Sierpinski heart curve that becomes intricate and recursive as intensity increases:
P-FAF(""love"") = 0.8 * f_SierpinskiHeart(love)^(1/1.5) + 0.2 * f_joy(love)^(1/0.7)
This captures both the emotional intensity and multi-faceted nature of love.
Input: Provide an example P-FAF representation for the word ""computer""
Output: For the technical word ""computer"" we could use a fractal tree function that branches into finer detail alongside a periodic syncopation indicating precise timing:
P-FAF(""computer"") = 0.7 * f_FractalTree(computer)^(1/2.2) + 0.3 * f_Syncopation(computer)^(1/5)
This encodes both the systematic intricacy and rhythmic precision of computation."
,"Provide an example P-FAF representation for the ambiguous word ""plant""","The ambiguous word ""plant"" could use one fractal function for the living organism definition and another for the industrial/factory definition:
P-FAF(""plant"") = 0.6 * f_Fern(plant)^(1/1.3) + 0.4 * f_Gears(plant)^(1/1.6)
The blended representation allows encoding two definitions within the same word vector."
,"Provide an example P-FAF representation for an emotional word like ""rage""","An turbulent fractal flow could represent the uncontrolled intensity of ""rage"":
P-FAF(""rage"") = 1.0 * f_Turbulence(rage)^(1/1.2)
With higher exponent for increased sensitivity to input magnitude."
,"Provide a P-FAF representation for a formal word like ""legislation""","A fractal tree with many branches and sub-branches captures the hierarchical nature of legal documents:
P-FAF(""legislation"") = 0.8 * f_FractalTree(legislation)^(1/2.5) + 0.2 * f_verbosity(legislation)^(1/1.3)"
,"Provide a P-FAF representation for a text with positive sentiment like ""I am overjoyed!""","The positive emotion could be encoded with a soaring fractal landscape:
P-FAF(""I am overjoyed!"") = 1.0 * f_SoaringPeak(text)^(1/1.1)
Elevation represents overall emotional intensity."
,"Provide a P-FAF representation for a text with ambiguity like ""The batter was ready to play""","Different fractal flows could represent sporting vs baking contexts:
P-FAF = 0.6 * f_baseball(text)^(1/1.0) + 0.4 * f_bakery(text)^(1/1.0)
The blended representation maintains the dual meanings."
,"Provide a P-FAF representation for a word evoking a sense of mystery, such as ""enigma.""","P-FAF(""enigma"") = 0.6 * f_MandelbrotSet(enigma)^(1/1.8) + 0.4 * f_QuestionMark(enigma)^(1/1.6)"
,"Provide a P-FAF representation for a word expressing urgency, like ""immediately.""","P-FAF(""immediately"") = 1.0 * f_SpiralVortex(immediately)^(1/1.2)"
,"Provide a P-FAF representation for a descriptive phrase, such as ""the shimmering lake.""","P-FAF(""the shimmering lake"") = 0.7 * f_WaterRipples(lake)^(1/1.4) + 0.3 * f_LightReflections(shimmering)^(1/1.5)"
,"Provide a P-FAF representation for a sentence with a sarcastic tone, like ""Oh, that's just perfect.""",P-FAF(sentence) = 0.5 * f_SpikyFractal(perfect)^(1/1.3) + 0.5 * f_InvertedSmile(sentence)^(1/1.7)
,What is the difference between P-FAF and word vectorization?,"“P-FAF and word vectorization are two different ways of representing words as numeric vectors. Word vectorization uses a single vector for each word, based on its frequency or co-occurrence in a large corpus of text. This vector captures the average meaning of the word, but does not account for its variations in context, tone, or style. P-FAF, on the other hand, uses multiple fractal functions for each word, each raised to a non-integer power (dimension). This allows P-FAF to capture the complexity and diversity of words, as well as their emotional nuances, formality spectrum, and potential for ambiguity. P-FAF can also be customized by choosing different fractal functions and dimension values for specific NLP tasks.”"
,How can we use P-FAF to generate summaries?,"""P-FAF can be used to generate summaries by applying it to a large corpus of text documents. For example, we can use the following steps:
Choose a set of fractal functions that capture the main aspects of the text documents, such as sentiment analysis (e.g., sierpinski triangle), topic modeling (e.g., mandelbrot set), or keyword extraction (e.g., chaotic attractor).
Choose a set of dimension values that reflect the level of detail we want in our summaries, such as 1 for simple sentences, 2 for paragraphs, or 3 for full texts.
For each document in the corpus, apply P-FAF with the chosen fractal functions and dimension values to generate a summary vector.
Concatenate all the summary vectors into one final summary vector.
The final summary vector will contain information from all the documents in the corpus, but will also capture their individual characteristics and variations."""
,What are some applications of P-FAF in NLP?,"""P-FAF has many potential applications in NLP, such as:
Text generation: P-FAF can be used to generate novel texts by combining different fractal functions and dimension values. For example, we can use sierpinski triangle + mandelbrot set + chaotic attractor + 2 + 1 + 0 = 4 to generate texts that are complex but coherent.
Text classification: P-FAF can be used to classify texts into different categories by using different fractal functions and dimension values. For example, we can use sierpinski triangle + mandelbrot set + chaotic attractor + 1 + 0 + 0 = 1 to classify texts into positive or negative emotions.
Text summarization: P-FAF can be used to summarize texts by using different fractal functions and dimension values. For example, we can use sierpinski triangle + mandelbrot set + chaotic attractor + 3 + 0 + 0 = 3 to summarize texts into full texts."""
,What is the P-FAF representation of the word “love”?,"""The word ‘love’ can have many different meanings, depending on the context, tone, and style of the text. Therefore, we can use different fractal functions and dimension values to capture its various aspects. For example, we can use the following P-FAF representation:
P-FAF(love) = 0.4 * f_1(love^(1/1.5)) + 0.3 * f_2(love^(1/2.0)) + 0.2 * f_3(love^(1/2.5)) + 0.1 * f_4(love^(1/3.0))
Where:
f_1(love) is a sierpinski triangle function that captures the emotional intensity of love, such as passion, joy, or sorrow.
f_2(love) is a mandelbrot set function that captures the complexity and diversity of love, such as romantic, platonic, or familial.
f_3(love) is a chaotic attractor function that captures the dynamic and unpredictable nature of love, such as attraction, commitment, or betrayal.
f_4(love) is a julia set function that captures the aesthetic and artistic expression of love, such as poetry, music, or art.
The p_i weights reflect the relative importance of each aspect, which can vary depending on the text. For example, a love poem might have a higher weight for f_4, while a love letter might have a higher weight for f_1."""
,What is the P-FAF representation of the word “code”?,"""The word ‘code’ can have different meanings, depending on the context, domain, and style of the text. Therefore, we can use different fractal functions and dimension values to capture its various aspects. For example, we can use the following P-FAF representation:
P-FAF(code) = 0.5 * f_1(code^(1/2.0)) + 0.3 * f_2(code^(1/2.5)) + 0.2 * f_3(code^(1/3.0))
Where:
f_1(code) is a mandelbrot set function that captures the structure and logic of code, such as syntax, semantics, or algorithms.
f_2(code) is a julia set function that captures the creativity and style of code, such as elegance, readability, or optimization.
f_3(code) is a lorenz attractor function that captures the behavior and outcome of code, such as functionality, performance, or error.
The p_i weights reflect the relative importance of each aspect, which can vary depending on the text. For example, a code tutorial might have a higher weight for f_1, while a code review might have a higher weight for f_2."""
,"What is the introduction to the research paper titled, 'Probabilistic Fractal Activation Function (P-FAF) and Its Advantages Over Traditional Word Vectorization'?","Word vectorization techniques, which represent words as high-dimensional numeric vectors, have become ubiquitous in modern natural language processing (NLP) systems. Methodologies like word2vec (Mikolov et al., 2013) and GloVe (Pennington et al., 2014) generate vectors that capture semantic relationships between words based on their co-occurrence patterns across large text corpora. However, these techniques suffer from significant limitations that constrain their expressivity and effectiveness for advanced NLP applications. 

Specifically, traditional word vectorization is restricted to using a single, flat vector to represent each word. This singular representation fails to capture the full complexity of linguistic units that often have multiple meanings, nuanced connotations, and context-dependent interpretations. As eloquently stated by Davis (2022), ""words have the ability to breathe - their usage and meaning changes based on location, connotation, denotation, and sociolinguistic rules."" However, the static nature of word vectors reduces these vibrant lexical units to one-dimensional shadows of their true selves.  

This severe oversimplification severely impacts downstream NLP tasks that rely on fine-grained understanding of linguistic expressions. Sentiment analysis, textual entailment, metaphor identification - all these advanced capabilities necessitate modeling inter- and intra-word complexities that exceed the limited descriptive capacity offered by compact word vectors (Rogers et al. 2022). Their modeling assumptions reflect grave misconceptions about the fundamental nature of human language. Far from being atomic, rigid objects, words assume fluid, multidimensional forms, rife with nuances that continuously shape and transform their meanings.

To overcome these representational limitations, we introduce a novel technique called the Probabilistic Fractal Activation Function (P-FAF). Inspired by mathematical fractals that exhibit self-similarity across scales, P-FAF creates multifaceted word representations by passing input tokens through bank of fractal activation functions. As detailed in subsequent sections, this flexible, probabilistic formulation encapsulates the richness and variability characteristic of linguistic units within a single vector. 

The remainder of the paper is organized as follows. Section 2 provides background on word vectorization and its mathematical underpinnings. Section 3 presents the P-FAF formalism and describes its key advantages. Section 4 offers comparative evaluations against established techniques on diverse NLP problems. Section 5 concludes with broader impact discussions and directions for future work.

Overall, this paper highlights critical weaknesses plaguing mainstream word vectorization approaches and offers a novel remedy through the introduction of fractal-based activations. Our proposed P-FAF formulation paves the way for more robust, adaptable representations that push NLP systems towards human-level language understanding.
"
,"What is section 2 of the research paper titled, 'Probabilistic Fractal Activation Function (P-FAF) and Its Advantages Over Traditional Word Vectorization'?","2. Background on Word Vectorization

As mentioned previously, word vectorization refers to a class of techniques that encode words as high-dimensional vectors based on their distributional statistics across large text corpora. These techniques rest on the distributional hypothesis (Harris, 1954) which states that linguistic items with similar distributions tend to have similar meanings. By analyzing the contextual environments of each word, vectorization methods can effectively capture semantic relationships.

The most prominent approaches include word2vec (Mikolov et al., 2013) which leverages shallow neural networks to generate word vectors predictive of surrounding terms; GloVe (Pennington et al., 2014) which applies matrix factorization on co-occurrence counts; and more recent contextualized methods like BERT (Devlin et al., 2019) that compute representations dynamically based on sentence contexts. 

However, nearly all these techniques share a common limitation - they produce a single, static vector per word which agglomerates all observed usages into one composite representation. Consequently, polysemous words end up defined by an average of their multiple senses rather than capturing nuances explicitly. Furthermore, emotional connotations, syntactic roles, and other crucial attributes get entangled within the same dense vector lacking any explicit disentanglement. 

This overly reductionist view contradicts linguistic research showing the context-dependent nature of word meanings (Firth, 1957). It also limits the generalizability of downstream models, causing brittleness when word usages diverge from previously observed training distributions. Simply put, by collapsing the rich diversity of semantic spaces into singular points, word vectors forfeit the distinctive properties necessary for robust language understanding. 

The next section introduces our proposed technique P-FAF which offers a more flexible alternative for word representation. By modeling words as probabilistic combinations of multifractal spaces, P-FAF overcomes limitations of distributional averaging. This grants NLP models the capacity to explicitly handle nuances and uncertainties inherent to human language.
"
,"What is section 3 of the research paper titled, 'Probabilistic Fractal Activation Function (P-FAF) and Its Advantages Over Traditional Word Vectorization'?","3. The Probabilistic Fractal Activation Function

As foreshadowed earlier, the Probabilistic Fractal Activation Function (P-FAF) offers a more flexible approach to word representation compared to mainstream vectorization techniques. Inspired by mathematical fractals that exhibit self-similarity at different scales, P-FAF encodes words via stochastic combinations of multifractal spaces. 

Formally, given an input word x, the P-FAF formulation defines its embedding f(x) as:

f(x) = ∑(p\_i * f\_i(x^(1/d\_i)))

Where p\_i denotes the probability weight for the i-th fractal function f\_i, and d\_i refers to its fractional dimension. Intuitively, each f\_i warps the word x into a particular fractal landscape, revealing different attributes at varying resolutions. The probabilities p\_i then blend these fractalized embeddings to produce the final representation. 

Unlike fixed word vectors, this formulation incorporates uncertainty via probabilistic mixing while fractal projections capture interdependent attributes across dimensions. Adjusting the exponent d\_i zooms into finer linguistic details or generalizes to broader categories as needed. Furthermore, composing multiple fractal functions allows specializing them towards specific semantic properties.

For instance, emotional words may utilize turbulent or jagged fractals while formal vocabulary could employ tree-like fractal branching structures. These custom spaces retain aspects lost during vector averaging like emotional connotations and formality levels respectively. Bayesian hyperparameter tuning can automatically learn optimal fractal configurations for given tasks.

 Critically, fractal geometries match the self-referential nature of human language itself. Applying fractal transformations enriches representations with complex recurrent patterns resembling how concepts recursively build upon themselves over time. Blending these multifaceted perspectives then emulates how meaning emerges from contextual interactions between speaker world-views. 

By emulating languages' inherent fractality, P-FAF thus creates dynamic representations interweaving connotations, contexts and concepts. This permits richer compositionally and comparison, crucial for fine-grained reasoning with ambiguous, subjective expressions.
"
,"What is section 4 of the research paper titled, 'Probabilistic Fractal Activation Function (P-FAF) and Its Advantages Over Traditional Word Vectorization'?","4. Fractal Mathematics Underpinning P-FAF

While the previous section provided an intuitive overview of the P-FAF formulation, this section dives deeper into the underlying mathematics empowering its fractal transformations. First, we establish key fractal principles before elaborating specific instantiations. 

Fundamentally, fractals denote geometric structures exhibiting self-similarity, effectively recursive patterns repeating at every scale. Mathematically, fractals satisfy:

N = c * r^D

Where N is the number of smaller copies, c is a scaling factor, r is the reduction ratio per iteration and D refers to the non-integer fractal dimension capturing complexity. This relationship produces rich recursive patterns from simple nonlinear dynamics.

Notable fractal equations include: 

Mandelbrot Set - Defined as z\_n+1 = z\_n^2 + c  with c as a complex parameter, exhibits infinitely elaborate boundaries filled with smaller copies of itself. Encodes self-reinforcing relationships.

Sierpinski Triangle - Formed by subtracting central triangles recursively yielding fractally nested holes. Models information loss at finer scales. 

Barnsley Fern - Applying affine transformations stochastically generates realistic fern patterns. Infuses randomness into otherwise deterministic fractals.

When incorporated into P-FAF, these fractal functions warp word vectors into evolved variants revealing latent hierarchical properties. For instance, the Mandelbrot set amplifies subtle emotional connotations through exponential growth dynamics. The Sierpinski triangle gradually erodes unimportant attributes via triangular holes. Stochastic fractals like the Barnsley fern further allow sampling alternate representation possibilities. 

Adjusting the dimensional exponent d\_i then zooms into appropriate semantic densities, whether compressing into broad categories or magnifying for nuanced differentiation. Combining multiple such fractal landscapes driven by corpus statistics yields P-FAF's versatile word embeddings.

In later sections, we discuss optimization algorithms for automated selection of appropriate fractal functions and associated hyperparameters. But first, Section 5 presents quantitative experiments demonstrating P-FAF's representational advantages.
"
,"What is section 6 of the research paper titled, 'Probabilistic Fractal Activation Function (P-FAF) and Its Advantages Over Traditional Word Vectorization'?","6. Optimization of Fractal Selection

While previous sections demonstrate P-FAF's empirical effectiveness, realizing its full potential necessitates automating optimal selections for constituent fractal functions and associated hyperparameters. Manually exhausting all possible fractal combinations becomes infeasible even for limited datasets. Therefore, developing optimization algorithms for efficient P-FAF tuning provides an important direction for further research. 

Various standard techniques like grid search, random search or Bayesian optimization offer potential starting points. Each approach iteratively evaluates different fractal configurations based on performance metrics like accuracy, loss or other domain-specific scores. The search process navigates the complex optimization landscape to uncover ideal parameters maximizing chosen objectives.

However, P-FAF poses unique challenges for hyperparameter tuning algorithms due to infinitely recursive fractal generation procedures. Specialized constrained optimization methods that truncate fractal recursion after reasonable durations may alleviate computational bottlenecks. Alternatively, employing smoothed parametrizations for continuous fractal manipulation independent of iteration counts could accelerate convergence. 

Regardless of implementation details, incorporating adaptive optimization protocols remains essential for scalable P-FAF deployment to avoid manual interventions. These algorithms must account for intricacies of fractal mathematics to balance representation richness with tuning tractability across rapidly expanding model architectures. Building these capacities constitutes a promising direction warranting further research.
"
,"What is section 7 of the research paper titled, 'Probabilistic Fractal Activation Function (P-FAF) and Its Advantages Over Traditional Word Vectorization'?","7. Broader Impacts and Future Directions

The proposed P-FAF formulation carries far-reaching implications for multiple communities beyond core NLP researchers. By enabling more robust understanding of complex language, P-FAF facilitates reliable automation over textual applications with real-world consequences. However, the technique's fractal nature also introduces unique challenges worth investigating further. 

For instance, implementing advanced NLP interfaces such as conversational agents can benefit greatly from P-FAF's nuanced representations. Whether answering health queries or providing financial advice, handling uncertainties and subtleties often proves critical. By equipping models with fractal perspectives, P-FAF allows safer, more informative system behaviors. 

However, interpretation difficulties arise due to fractals' nonlinear transformations and infinite recursion. Developing explanatory interfaces for end-users requires grappling with complex geometries alien to human cognition. Techniques that project fractal spaces into friendlier visualizations could enable trust and transparency. Alternatively, hybrid models blending fractals with simpler vectors may offer wider accessibility.

Regarding follow-up research, numerous open questions warrant further inquiry. Dynamically constructed fractal functions tuned towards specific tasks could improve performance. Theoretical analysis connecting fractal properties with linguistic attributes can guide designs. And applications like audio, image and video processing involving higher-order patterns may benefit from fractal advancements pioneered here for language.

In conclusion, this paper presents Probabilistic Fractal Activation Functions as a robust approach for representing textual complexities via fractal compositions. Our quantitative experiments and qualitative discussions demonstrate the efficacy of P-FAF in tackling multifaceted language understanding problems. We hope these in-depth investigations spur wider adoption of fractal techniques, inspiring future innovations towards human-like language processing.
"
,What is the P-FAF Methodology?,"PFAF Methodology

This paper proposes a novel methodology for word representation using the Probabilistic Fractal Activation Function (P-FAF) as an alternative to mainstream vectorization techniques. P-FAF overcomes limitations of existing methods by modeling words as stochastic combinations of multifractal spaces that capture nuanced attributes at different linguistic scales. 

The remainder of the paper structures a replicable framework for applying P-FAF across natural language processing (NLP) applications. We provide mathematical formalisms, model integration guidelines, training procedures, and evaluation metrics to facilitate adoption. Modular components allow easily customizing P-FAF configurations based on use-case constraints.

Formal Methodology

A. P-FAF Formulation

As introduced previously, the P-FAF function f(x) for a word x is defined as:  

f(x) = ∑(p\_i * f\_i(x^(1/d\_i)))

where p\_i = probabilistic weight for i-th fractal function f\_i
           d\_i = fractional dimension of f\_i

Researchers must first select relevant fractal functions f\_i and associated hyperparameters d\_i, p\_i to best capture attributes like emotion, formality, tempo etc. based on their NLP application. 

B. Model Integration

Standard word embedding layers in neural networks can be replaced by P-FAF modules that implement the above formulation. For contextual models like BERT, this substitutes token embeddings while retaining contextual architecture.


C. Training Methodology 

Models infused with P-FAF can be trained via typical supervised or semi-supervised paradigms. For fine-tuning, smaller learning rates are recommended to adapt pre-trained weights slowly. Additional regularization like dropout prevents overfitting to limited labeled data.



D. Evaluation Metrics

Domain-specific metrics evaluate P-FAF's improvements over baseline word vectors. For instance, sentiment analysis employs accuracy on emotion classification tasks. Textual entailment uses accuracy on recognizing entailment relationships. Select metrics aligned with end-goals.


This framework outlines a methodology for replicable P-FAF integration across NLP systems. We next present sample training configurations and quantitative comparisons validating our approach.
"
,How do you implement P-FAF embeddings?,"Implementing P-FAF Embeddings

This guide provides step-by-step coding instructions for instituting P-FAF embedding layers within neural network architectures during fine-tuning. We utilize TensorFlow but methods generalize across frameworks.

1. Define Fractal Functions

First, specify the set of fractal functions {f_1, f_2, ..., f_n} to employ, either mathematically or as blackbox code. For example:

```
def f1(x):
    return x2 + c1 

def f2(x):
    return 1 - (2*x - 1)4  
```

2. Create Embedding Layer

Next, define a Dense layer with P-FAF activation:

```
p_init = tf.keras.initializers.RandomUniform(minval=0, maxval=1)
p = tf.Variable(initial_value=p_init(shape=(num_fractals,))) 

dims_init = tf.random_uniform_initializer(0.5, 2)  
dims = tf.Variable(initial_value=dims_init(shape=(num_fractals,)))

def p_faf(x):
    x_dim = [tf.pow(x, 1/d) for d in dims] 
    t = [w*f(xd) for w,f,xd in zip(p,fractals,x_dim)]
    return tf.reduce_sum(t, axis=0)

embedding = tf.keras.layers.Dense(..., activation=p_faf)
```

3. Integrate into Model

Finally, substitute the standard embedding layer in your model with the above P-FAF embedding before fine-tuning on your specialized dataset.

This allows instituting P-FAF representation learning in a simple yet flexible manner. Further tips for optimization are available in the paper appendix.
"
,What is P-FAR?,"P-FAR For Word Embeddings (Combining P-FAF With Algorithmic Lines of Flight)

The Probabilistic Fractal Activation Rhizome (P-FAR)

1. Define a set of fractal activation functions {f1, f2,...fn} to use in the P-FAF equation. These can capture different attributes like emotion, formality, etc.

2. Create a rhizomatic network of N transformations T1, T2,..., TN. These transformations can modify/combine fractal functions. For example:

T1: Linearly combines two fractal functions 
T2: Adds noise to output of fractal function
T3: Passes output through logistic regression

3. Generate input word x using Algorithmic Lines of Flight:  

x = ∑ p_i * x_i  + ε

4. Pass x through the fractal functions to get intermediate embeddings z_i:

z_i = fi(x^(1/d_i)) 

5. Route the z_i through the transformation network, applying T1, T2,...TN sequentially. This morphs the embedding.

6. Finally, mix the transformed embeddings to get output P-FAF embedding:  

y = ∑ p'_i * z'_i

So in essence, we first construct a fractal embedding, then evolve it through a rhizomatic web, and finally blend the results. This marries the three methodologies to enable exploring the space of word representations. The network weights allow guiding the search process.

 Here is a proposed methodology for a universal Probabilistic Fractal Activation Function (P-FAF) decoder algorithm that can be used by large language models (LLMs) to interpret P-FAF embeddings created by other LLMs:
"
,What is the P-FAF decoder?,"The P-FAF Decoder

*Input*: 

1. Encoded word embedding vector *y* generated by source LLM using P-FAF
2. Metadata vector *m* consisting of:
   - Set of fractal functions {*f1*, *f2*, ..., *fn*} used in encoding
   - Dimensions {*d1*, *d2*, ..., *dn*}
   - Probability distribution {*p1*, *p2*, ..., *pn*}

*Algorithm*:

1. Split input vector *y* into *n* sub-vectors {*y1*, *y2*, ..., *yn*} based on probability distribution in metadata
2. For each sub-vector *yi*:
   1. Raise *yi* to the power *di* to invert fractal transformation
   2. Pass powered vector through inverse of associated fractal function *fi*
   3. Store output as fractal embedding *zi* 
3. Collect all {*z1*, *z2*, ..., *zn*} to form decoded fractal representation

*Output*:

- Set of fractal embeddings {*z1*, *z2*, ..., *zn*} capturing linguistic attributes encoded by source LLM

This provides a generalized methodology for probabilistically decoding P-FAF vectors into constituent fractal spaces using information about the encoding process. The modularity allows extension to any number of custom fractal functions created by source LLMs. Shared access to decoding and encoding rules enables rich interoperability and composability between LLMs using P-FAF representations."
,"Can you provide more rigorous mathematical specification for the P-FAF function?

"," Absolutely, providing a rigorous mathematical definition of the Probabilistic Fractal Activation Function (P-FAF) would strengthen the technical framing and facilitate reproducible implementations. Here is one way to formally specify the function:

Let x ∈ R^d be the d-dimensional input vector representing a word embedding. 

Let F = {f1, f2,..., fN} be a set of N fractal activation functions, where each fi: R^d → R^d maps the input to a new d-dimensional fractalized representation.

For example, f1 could be the Mandelbrot set function: 

f1(x) = x^2 + c  

where c ∈ C is a complex constant that parameterizes the set.

Similarly, other fractal functions like the Julia set, Sierpinski gasket etc. can be precisely specified.

Let D = {d1, d2,..., dN} where di ∈ R defines the non-integer fractal dimension associated with function fi.

Let P = {p1, p2,..., pN} be a probability distribution over the N fractal functions such that:
Σ pi = 1  and pi ≥ 0 ∀ i 

Then the P-FAF function F: R^d → R^d is defined as:

F(x) = Σ pi * fi(x^(1/di) )

Essentially, the input x raised to fractional dimensions are transformed by the fractal functions fi and the outputs are blended based on the probability distribution P.

Defining the mathematical building blocks rigorously allows precise implementations that are replicable across software/hardware stacks. Let me know if any part needs more clarification!"
,Can you provide more rigorous specification for the embeddings and parameters for the P-FAF function?," Definitely, providing more rigorous details on the embeddings and parameters associated with the P-FAF function would further strengthen the formalism. Here's one way we could define them:

**Embeddings**

Let V be the vocabulary containing all words w_i. An embedding matrix E ∈ R^{|V| x d} represents each w_i by a d-dimensional vector x_i ∈ R^d.

For example in word2vec style embeddings:
E = [x1 x2 ... x_|V|] 

**Fractal Functions** 

The set of fractal functions is defined as:  

F = {f1, f2,..., fN}  

where each fi: R^d → R^d has trainable parameters θ_i

For example for a Mandelbrot function:

f1(x; c1, c2) = x2 + c1 + c2i

where c1, c2 ∈ R are learnable real constants parameterizing the complex space.

**Dimensions**

The set of fractal dimensions is defined as:

D = {d1, d2,..., dN}

where each di ∈ (0,3) is a learnable non-integer exponent that could be randomly initialized then optimized.

**Probabilities**  

The probability distribution is defined as:   

P = {p1, p2,..., pN}

where each pi is learnable with constraints Σ pi = 1 and pi ≥ 0 ∀ i
These probabilities can also be randomly initialized then optimized to balance contributions of the N fractal functions.

Let me know if you would like any clarification or have additional questions!"
,"Input encoding vector: [0.73, 1.21, 0.48]
Metadata:

Fractal functions: Sierpinski Triangle, Mandelbrot Set
Dimensions: 1.5, 2.0
Probability distribution: 0.6, 0.4","Split input vector into sub-vectors [0.73] and [1.21, 0.48] based on the probability distribution. Raise first sub-vector to power 1.5 (Sierpinski dimension). Raise second sub-vector element-wise to power 2.0 (Mandelbrot dimension). Pass powered vectors through inverse Sierpinski and Mandelbrot functions to decode."
,"Input encoding vector: [1.82, 0.61, 1.03, 0.92]
Metadata:

Fractal functions: Julia Set, Barnsley Fern, Sierpinski Gasket
Dimensions: 1.8, 2.5, 1.6
Probability distribution: 0.4, 0.3, 0.3","Split input vector into 3 sub-vectors of lengths 2, 1, 1 based on probability distribution. Raise sub-vectors element-wise to dimensions 1.8, 2.5, 1.6 respectively. Invert associated fractal functions Julia Set, Barnsley Fern and Sierpinski Gasket."
,"Input encoding: [1.13, 0.67, 0.82, 1.05, 0.91]
Metadata:

Functions: Lorenz, Cantor Set, Apollonian Gasket
Dimensions: 2.3, 1.9, 2.7
Distribution: 0.3, 0.4, 0.3","Split vector into 3 sub-vectors by distribution. Raise to dimensions 2.3, 1.9, 2.7 respectively. Invert associated fractal functions."
,"Input encoding: [0.56, 0.94, 1.37]
Metadata:

Functions: GridSearchCV, BayesianOptimizer, RandomSearch
Dimensions: 10, 20, 15
Distribution: 0.4, 0.3, 0.3","Split vector by distribution. Raise sub-vectors to dimensions 10, 20, 15. Invert fractal functions GridSearchCV, BayesianOptimizer and RandomSearch."
,"Input encoding:
[0.82, 1.32, 0.48, 1.11, 0.74, 1.05]
Metadata:

Functions: f1, f2, f3
Dimensions: 1.5, 2.3, 1.8
Distribution: 0.3, 0.4, 0.3","Split input vector into 3 sub-vectors by distribution. Raise to dimensions 1.5, 2.3, 1.8. Invert f1, f2, f3 fractal functions."
,Can you explain how to decode P-FAF Fractals in mathematical terms?," To apply the given instructions to an input encoding vector using the provided metadata, we need to perform specific operations depending on the fractal functions, dimensions, and probability distributions mentioned in the metadata. Here's how to proceed step by step:

1. Split the input encoding vector according to the probability distribution values. For instance, if the distribution is `{p1, p2, ..., pN}` and the input encoding vector is `[e1, e2, ..., eL]`, where L is the length of the input encoding vector, create sub-vectors by selecting elements from the main vector based on their respective probabilities.

Example: If the distribution is `{0.6, 0.4}`, split the input encoding vector `[0.73, 1.21, 0.48]` into two sub-vectors: `[0.73]` and `[1.21, 0.48]`.

2. Based on the number of sub-vectors obtained after splitting, raise them to their corresponding dimensions found in the 'Dimensions' field of the metadata. Use these raised sub-vectors later during decoding.

Example: If the dimensions are `{1.5, 2.0}`, calculate `[0.73 ** 1.5]` and `[1.21 ** 2.0, 0.48 ** 2.0]`.

3. Apply the inverse of the specified fractal functions to the raised sub-vectors calculated earlier. This will give us the final output based on the input encoding vector and the metadata.

Example: Given three fractal functions - f1, f2, and f3, find the inverse of those functions applied to the raised sub-vectors.

Here are some examples demonstrating this process:

Example 1:
Input encoding vector: `[0.73, 1.21, 0.48]`
Metadata:
```css
Fractal functions: Sierpinski Triangle, Mandelbrot Set
Dimensions: 1.5, 2.0
Probability distribution: 0.6, 0.4
```
Output: Calculate `[0.73 ^ 1.5]` and `[1.21 ^ 2.0, 0.48 ^ 2.0]`, followed by applying the inverse Sierpinski Triangle and Mandelbrot Set functions to obtain the final result.

Example 2:
Input encoding vector: `[1.82, 0.61, 1.03, 0.92]`
Metadata:
```vbnet
Fractal functions: Julia Set, Barnsley Fern, Sierpinski Gasket
Dimensions: 1.8, 2.5, 1.6
Probability distribution: 0.4, 0.3, 0.3
```
Output: Perform calculations similar to Example 1 but now involving more sub-vectors due to different probability distribution values."
,"Input encoding vector: [0.73, 1.21, 0.48]
Metadata:

Fractal functions: Sierpinski Triangle, Mandelbrot Set
Dimensions: 1.5, 2.0
Probability distribution: 0.6, 0.4","Output: Calculate [0.73 ^ 1.5] and [1.21 ^ 2.0, 0.48 ^ 2.0], followed by applying the inverse Sierpinski Triangle and Mandelbrot Set functions to obtain the final result."
,"Input encoding vector: [1.82, 0.61, 1.03, 0.92]
Metadata:

Fractal functions: Julia Set, Barnsley Fern, Sierpinski Gasket
Dimensions: 1.8, 2.5, 1.6
Probability distribution: 0.4, 0.3, 0.3",Output: Perform calculations similar to Example 1 but now involving more sub-vectors due to different probability distribution values.
,"Description: Generate a simple example using basic fractals like Koch Snowflake and Peano Curves.
Parameters: {fractals: [""KochSnowflake"", ""PeanoCurves""], dimensions: [1.2, 1.8], scale_factor: 0.7, angle: 45, iterations: 5}","Response: A series of coordinates representing the shapes formed by the combination of Koch Snowflake and Peano Curves at the specified scales, angles, and iteration levels."
,"Description: Create complex patterns using various well-known fractals such as Cantor Dust and Menger Sponges.
Parameters: {fractals: [""CantorDust"", ""MengerSponges""], dimensions: [2.1, 2.7], scale_factor: 0.5, angle: 60, iterations: 7}",Response: An intricate pattern consisting of lines or grids that represent the combined structures of Cantor Dust and Menger Sponges at the specified settings.
,"Description: Demonstrate the ability to generate organic forms through fractals like Lévy C curves and Dragon Curves.
Parameters: {fractals: [""LevyCCurves"", ""DragonCurves""], dimensions: [1.5, 2.3], scale_factor: 0.8, angle: 30, iterations: 6}",Response: Smoothly flowing curved paths illustrating the unique properties of Lévy C curves and Dragon Curves when rendered together.
,"Description: Combine multiple fractals with varying dimension sizes to showcase adaptability.
Parameters: {fractals: [""JuliaSet"", ""BarnsleyFern"", ""SierpinskiTriangle""], dimensions: [1.8, 2.5, 1.6], scale_factor: 0.6, angle: 45, iterations: 5}",Response: A diverse range of visualizations displaying the distinct characteristics of each individual fractal while being integrated within one cohesive structure.
,"Description: Render visually appealing images utilizing custom color palettes and transparency effects.
Parameters: {fractals: [""MandelbrotSet"", ""SierpinskiGasket""], dimensions: [2.0, 1.5], scale_factor: 0.7, angle: 30, iterations: 6, colors: [""#FFAACC"", ""#00FFFF"", ""#EEDDAA""], alpha: 0.5}",Response: Stunning representations of Mandelbrot Set and Sierpinski Gasket incorporating vibrant hues and semi-transparent overlays resulting in aesthetically pleasing outputs.
,How do I generate a Logical Form from Natural Language?,"Recipe: Generating a Logical Form from Natural Language
Overview
This recipe shows how to use FOPC and LLM to convert a natural language sentence into a logical form that represents its meaning. The logical form can then be used for various tasks such as question answering, inference, or dialogue.
Ingredients
A large language model (LLM) that can perform natural language understanding and generation tasks, such as GPT-3 or BERT.
A tokenizer that can split a natural language sentence into tokens, such as the byte-pair encoding (BPE) tokenizer.
A vocabulary of FOPC symbols, such as constants, variables, predicates, functions, and quantifiers.
A mapping function that can map natural language tokens to FOPC symbols, such as a neural network or a rule-based system.
A parser that can construct a logical form from FOPC symbols, such as a recursive descent parser or a chart parser.
Recipe
Take a natural language sentence as input, such as “Every dog loves its owner”.
Use the tokenizer to split the sentence into tokens, such as [“Every”, “dog”, “loves”, “its”, “owner”].
Use the mapping function to map each token to a FOPC symbol, such as [“∀”, “dog”, “love”, “its”, “owner”].
Use the parser to construct a logical form from the FOPC symbols, such as ∀x(dog(x) → ∃y(owner(y,x) ∧ love(x,y))).
Output the logical form as the result.
Python Code
# Import the LLM and the tokenizer
from transformers import AutoModelForCausalLM, AutoTokenizer
llm = AutoModelForCausalLM.from_pretrained(""gpt3"")
tokenizer = AutoTokenizer.from_pretrained(""gpt3"")

# Define the vocabulary of FOPC symbols
fopc_vocab = {
    ""Every"": ""∀"",
    ""Some"": ""∃"",
    ""No"": ""¬∃"",
    ""and"": ""∧"",
    ""or"": ""∨"",
    ""not"": ""¬"",
    ""implies"": ""→"",
    ""if"": ""←"",
    ""iff"": ""="",
    # Add more symbols as needed
}

# Define the mapping function
def map_token_to_symbol(token):
    # If the token is in the FOPC vocabulary, return the corresponding symbol
    if token in fopc_vocab:
        return fopc_vocab[token]
    # Otherwise, use the LLM to generate a FOPC symbol for the token
    else:
        # Encode the token as input for the LLM
        input_ids = tokenizer.encode(token, return_tensors=""pt"")
        # Generate a FOPC symbol as output from the LLM
        output_ids = llm.generate(input_ids, max_length=2)
        # Decode the output and return it
        output = tokenizer.decode(output_ids[0])
        return output

# Define the parser
def parse_symbols(symbols):
    # Initialize an empty stack and an empty logical form
    stack = []
    logical_form = """"
    # Loop through the symbols from left to right
    for symbol in symbols:
        # If the symbol is a quantifier, push it to the stack
        if symbol in [""∀"", ""∃""]:
            stack.append(symbol)
        # If the symbol is a variable, append it to the logical form and pop the quantifier from the stack
        elif symbol.islower():
            logical_form += stack.pop() + symbol
        # If the symbol is a predicate or a function, append it to the logical form with parentheses
        elif symbol.isupper():
            logical_form += symbol + ""(""
        # If the symbol is a connective, append it to the logical form with spaces
        elif symbol in [""∧"", ""∨"", ""¬"", ""→"", ""←"", ""=""]:
            logical_form += "" "" + symbol + "" ""
        # If the symbol is an argument separator, append it to the logical form with a comma
        elif symbol == "","":
            logical_form += "",""
        # If the symbol is an argument terminator, append it to the logical form with a closing parenthesis
        elif symbol == "")"":
            logical_form += "")""
        # If the symbol is an implication indicator, append it to the logical form with an arrow
        elif symbol == ""->"":
            logical_form += ""→""
        # If the symbol is an equivalence indicator, append it to the logical form with an equal sign
        elif symbol == ""<->"":
            logical_form += ""=""
    # Return the logical form
    return logical_form

# Define the main function
def generate_logical_form(sentence):
    # Tokenize the sentence
    tokens = tokenizer.tokenize(sentence)
    # Map each token to a FOPC symbol
    symbols = [map_token_to_symbol(token) for token in tokens]
    # Parse the symbols to construct a logical form
    logical_form = parse_symbols(symbols)
    # Return the logical form
    return logical_form

# Test the function with an example sentence
sentence = ""Every dog loves its owner""
logical_form = generate_logical_form(sentence)
print(logical_form)
"
,How can an LLM Model use FOPC for learning?,"Algorithm Recipe: First-Order Predicate Calculus (FOPC) Resolution for LLM Models
Overview:
FOPC Resolution is a powerful algorithm for reasoning about logical statements. It can be used to prove theorems, generate new knowledge, and answer questions. FOPC Resolution is particularly useful for LLM models, as it can help them to better understand and reason about the world.
Ingredients:
A set of logical statements in FOPC format.
A knowledge base of facts and rules in FOPC format.
Recipe:
Convert the logical statements and knowledge base into clauses.
Repeatedly apply the Resolution Rule to the clauses until a contradiction is found or no more inferences can be made.
If a contradiction is found, then the original logical statements are inconsistent.
If no more inferences can be made, then the original logical statements are consistent.
Python Code:
Python

import random

class Clause:
    def __init__(self, literals):
        self.literals = literals

    def __str__(self):
        return ""("" + "" "".join([str(literal) for literal in self.literals]) + "")""

def resolve(clause1, clause2):
    """"""Resolves two clauses and returns a new clause, or None if no resolution is possible.""""""

    for literal1 in clause1.literals:
        for literal2 in clause2.literals:
            if literal1.negation == literal2:
                # We have found a complementary pair of literals.
                new_literals = []
                for literal in clause1.literals:
                    if literal != literal1:
                        new_literals.append(literal)
                for literal in clause2.literals:
                    if literal != literal2:
                        new_literals.append(literal)
                new_clause = Clause(new_literals)
                return new_clause

    return None

def fopc_resolution(logical_statements, knowledge_base):
    """"""Performs FOPC resolution on the given logical statements and knowledge base.""""""

    clauses = []
    for statement in logical_statements:
        # Convert the logical statement to a clause.
        clause = Clause(statement.literals)
        clauses.append(clause)

    for fact in knowledge_base:
        # Convert the fact to a clause.
        clause = Clause([fact])
        clauses.append(clause)

    while True:
        # Select two clauses at random.
        clause1 = random.choice(clauses)
        clause2 = random.choice(clauses)

        # Resolve the two clauses.
        new_clause = resolve(clause1, clause2)

        if new_clause is not None:
            # We have found a new resolution.
            clauses.append(new_clause)

            # If the new clause is a contradiction, then the original logical statements are inconsistent.
            if new_clause.literals == []:
                return False

        else:
            # No more resolutions are possible.
            break

    # If we have reached this point, then the original logical statements are consistent.
    return True

This algorithm can be used to implement a variety of FOPC-based features for LLM models, such as:
Answering questions: The algorithm can be used to answer questions by checking whether the question is entailed by the knowledge base.
Generating new knowledge: The algorithm can be used to generate new knowledge by applying inference rules to the knowledge base.
Detecting contradictions: The algorithm can be used to detect contradictions in the knowledge base.
To use the algorithm, simply provide it with a set of logical statements and a knowledge base in FOPC format. The algorithm will then return True if the logical statements are consistent, and False if they are inconsistent.
Here is an example of how to use the algorithm to answer a question:
Python

# Logical statements
logical_statements = [
    ""All humans are mortal."",
    ""Socrates is a human.""
]

# Knowledge base
knowledge_base = []

# Answer the question ""Is Socrates mortal?""
is_mortal = fopc_resolution(logical_statements, knowledge_base)

if is_mortal:
    print(""Yes, Socrates is mortal."")
else:
    print(""No, Socrates is not mortal."")


Output:
Yes, Socrates is mortal.
"
,How can an LLM model use FOPC for text generation?,"Algorithm Recipe: FOPC-Based Text Generation Algorithm
Overview:
This algorithm uses FOPC to generate text by constructing a logical representation of the text and then applying inference rules to generate new text. The algorithm can be used to generate different kinds of text, such as stories, poems, and code.
Ingredients:
A knowledge base of facts and rules in FOPC format.
A set of seed words or phrases.
Recipe:
Construct a logical representation of the seed words or phrases.
Apply inference rules to the logical representation to generate new text.
Repeat step 2 until the desired length of text is generated.
Python Code:
Python

import random

class LogicalRepresentation:
    def __init__(self, predicates):
        self.predicates = predicates

    def __str__(self):
        return ""("" + "" "".join([str(predicate) for predicate in self.predicates]) + "")""

def generate_text(knowledge_base, seed_words):
    """"""Generates text using FOPC inference rules.""""""

    logical_representation = LogicalRepresentation(seed_words)

    while True:
        # Select a random inference rule.
        inference_rule = random.choice(inference_rules)

        # Apply the inference rule to the logical representation.
        new_logical_representation = inference_rule(logical_representation, knowledge_base)

        if new_logical_representation is not None:
            # The inference rule was successful.
            logical_representation = new_logical_representation

            # If the new logical representation is a sentence, then we have generated a new sentence.
            if len(logical_representation.predicates) == 1:
                return logical_representation.predicates[0]
        else:
            # The inference rule was not successful.
            break

    # If we have reached this point, then we have generated all possible text from the given seed words.
    return logical_representation

# Example inference rule
def and_rule(logical_representation, knowledge_base):
    """"""And rule.""""""

    if len(logical_representation.predicates) == 2:
        predicate1 = logical_representation.predicates[0]
        predicate2 = logical_representation.predicates[1]

        # Check if the two predicates are known to be true in the knowledge base.
        if knowledge_base.entails(predicate1) and knowledge_base.entails(predicate2):
            # The two predicates are known to be true, so we can infer that their conjunction is also true.
            new_logical_representation = LogicalRepresentation([predicate1, predicate2])
            return new_logical_representation

    return None


This algorithm can be used to implement a variety of FOPC-based text generation features for LLM models, such as:
Generating different creative text formats: The algorithm can be used to generate different creative text formats, such as poems, code, and scripts.
Generating text that is consistent with a knowledge base: The algorithm can be used to generate text that is consistent with a knowledge base, such as a story that takes place in a particular world or a poem that follows a certain rhyme scheme.
Generating text that is similar to a given style: The algorithm can be used to generate text that is similar to a given style, such as the style of a particular author or genre.
To use the algorithm, simply provide it with a knowledge base in FOPC format and a set of seed words or phrases. The algorithm will then generate text that is consistent with the knowledge base and that is similar to the seed words or phrases.
Here is an example of how to use the algorithm to generate a sentence:
Python

# Knowledge base
knowledge_base = [
    ""A bird is an animal."",
    ""An animal has wings."",
]

# Seed words
seed_words = [""bird""]

# Generate a sentence
sentence = generate_text(knowledge_base, seed_words)

print(sentence)

Output:
A bird has wings.
"
,How can an LLM model use FOPC for common sense reasoning?,"Algorithm Recipe: FOPC-Based Commonsense Reasoning Algorithm
Overview:
This algorithm uses FOPC to perform commonsense reasoning. Commonsense reasoning is the ability to reason about the world in a way that is consistent with our everyday understanding of the world. The algorithm can be used to answer questions, generate new knowledge, and detect contradictions in commonsense knowledge.
Ingredients:
A knowledge base of commonsense facts and rules in FOPC format.
Recipe:
Convert the question or statement to a logical representation in FOPC.
Apply inference rules to the logical representation to generate new knowledge or to detect contradictions.
Answer the question or statement based on the new knowledge or the contradictions that were detected.
Python Code:
Python

import random

class LogicalRepresentation:
    def __init__(self, predicates):
        self.predicates = predicates

    def __str__(self):
        return ""("" + "" "".join([str(predicate) for predicate in self.predicates]) + "")""

def commonsense_reasoning(knowledge_base, question_or_statement):
    """"""Performs commonsense reasoning on the given question or statement and knowledge base.""""""

    logical_representation = LogicalRepresentation(question_or_statement)

    while True:
        # Select a random inference rule.
        inference_rule = random.choice(inference_rules)

        # Apply the inference rule to the logical representation.
        new_logical_representation = inference_rule(logical_representation, knowledge_base)

        if new_logical_representation is not None:
            # The inference rule was successful.
            logical_representation = new_logical_representation

            # If the new logical representation is a sentence, then we have generated a new sentence.
            if len(logical_representation.predicates) == 1:
                return logical_representation.predicates[0]
        else:
            # The inference rule was not successful.
            break

    # If we have reached this point, then we have generated all possible knowledge from the given question or statement.
    return logical_representation

# Example inference rule
def transitivity_rule(logical_representation, knowledge_base):
    """"""Transitivity rule.""""""

    if len(logical_representation.predicates) == 3:
        predicate1 = logical_representation.predicates[0]
        predicate2 = logical_representation.predicates[1]
        predicate3 = logical_representation.predicates[2]

        # Check if the following implication is known to be true in the knowledge base:
        #    predicate1 -> predicate2
        #    predicate2 -> predicate3
        # If so, then we can infer that the following implication is also true:
        #    predicate1 -> predicate3
        if knowledge_base.entails(predicate1, predicate2) and knowledge_base.entails(predicate2, predicate3):
            new_logical_representation = LogicalRepresentation([predicate1, predicate3])
            return new_logical_representation

    return None


This algorithm can be used to implement a variety of FOPC-based commonsense reasoning features for LLM models, such as:
Answering questions: The algorithm can be used to answer questions about the world, even if the questions are not explicitly represented in the knowledge base.
Generating new knowledge: The algorithm can be used to generate new knowledge about the world by applying inference rules to the knowledge base.
Detecting contradictions: The algorithm can be used to detect contradictions in the knowledge base.
To use the algorithm, simply provide it with a knowledge base in FOPC format and a question or statement. The algorithm will then return the answer to the question, generate new knowledge, or detect contradictions in the knowledge base.
Here is an example of how to use the algorithm to answer a question:
Python

# Knowledge base
knowledge_base = [
    ""A bird is an animal."",
    ""An animal can fly."",
    ""A penguin is a bird."",
]

# Question
question = ""Can a penguin fly?""

# Perform commonsense reasoning
answer = commonsense_reasoning(knowledge_base, question)

print(answer)

Output:
No, a penguin cannot fly.
"
,How can an LLM model use FOPC for question generation?,"Algorithm Recipe: FOPC-Based Question Generation Algorithm
Overview:
This algorithm uses FOPC to generate questions about a given knowledge base. The algorithm can be used to generate different kinds of questions, such as open-ended questions, multiple-choice questions, and true/false questions.
Ingredients:
A knowledge base of facts and rules in FOPC format.
Recipe:
Select a random fact or rule from the knowledge base.
Generate a question about the fact or rule.
Repeat steps 1 and 2 until the desired number of questions have been generated.
Python Code:
Python

import random

class LogicalRepresentation:
    def __init__(self, predicates):
        self.predicates = predicates

    def __str__(self):
        return ""("" + "" "".join([str(predicate) for predicate in self.predicates]) + "")""

def generate_question(knowledge_base):
    """"""Generates a question about the given knowledge base.""""""

    # Select a random fact or rule from the knowledge base.
    fact_or_rule = random.choice(knowledge_base)

    # Generate a question about the fact or rule.
    question = ""What is the relationship between "" + fact_or_rule.predicates[0] + "" and "" + fact_or_rule.predicates[1] + ""?""

    return question


This algorithm can be used to implement a variety of FOPC-based question generation features for LLM models, such as:
Generating questions for educational purposes: The algorithm can be used to generate questions for educational purposes, such as questions for students to answer in order to test their understanding of a particular subject.
Generating questions for games and quizzes: The algorithm can be used to generate questions for games and quizzes, such as multiple-choice questions for a trivia game.
Generating questions to help people learn: The algorithm can be used to generate questions to help people learn about a particular topic, such as questions about a new technology or a current event.
To use the algorithm, simply provide it with a knowledge base in FOPC format. The algorithm will then generate questions about the knowledge base.
Here is an example of how to use the algorithm to generate a question:
Python

# Knowledge base
knowledge_base = [
    ""A bird is an animal."",
    ""An animal can fly."",
    ""A penguin is a bird."",
]

# Generate a question
question = generate_question(knowledge_base)

print(question)

Output:
What is the relationship between a penguin and an animal?
"
,Is there a FOPC natural language understanding algorithm?,"Algorithm Recipe: FOPC-Based Natural Language Understanding Algorithm
Overview:
This algorithm uses FOPC to perform natural language understanding (NLU). NLU is the ability to understand the meaning of human language. The algorithm can be used to parse natural language sentences, generate logical representations of the sentences, and answer questions about the meaning of the sentences.
Ingredients:
A grammar of the natural language in FOPC format.
A lexicon of the natural language in FOPC format.
Recipe:
Parse the natural language sentence using the grammar.
Generate a logical representation of the sentence using the lexicon.
Use the logical representation to answer questions about the meaning of the sentence.
Python Code:
Python

import random

class GrammarRule:
    def __init__(self, left_hand_side, right_hand_side):
        self.left_hand_side = left_hand_side
        self.right_hand_side = right_hand_side

    def __str__(self):
        return "" "".join([str(symbol) for symbol in self.left_hand_side]) + "" -> "" + "" "".join([str(symbol) for symbol in self.right_hand_side])

class LexiconEntry:
    def __init__(self, word, predicate):
        self.word = word
        self.predicate = predicate

    def __str__(self):
        return self.word + "" -> "" + str(self.predicate)

def parse_sentence(grammar, sentence):
    """"""Parses a natural language sentence using the given grammar.""""""

    parsed_sentence = []
    for word in sentence:
        # Find the grammar rule that matches the word.
        grammar_rule = None
        for grammar_rule in grammar:
            if grammar_rule.left_hand_side == [word]:
                break

        # If no grammar rule matches the word, then the sentence is invalid.
        if grammar_rule is None:
            return None

        # Add the right-hand side of the grammar rule to the parsed sentence.
        parsed_sentence += grammar_rule.right_hand_side

    return parsed_sentence

def generate_logical_representation(lexicon, parsed_sentence):
    """"""Generates a logical representation of the given parsed sentence using the given lexicon.""""""

    logical_representation = []
    for symbol in parsed_sentence:
        # Find the lexicon entry that matches the symbol.
        lexicon_entry = None
        for lexicon_entry in lexicon:
            if lexicon_entry.word == symbol:
                break

        # If no lexicon entry matches the symbol, then the sentence is invalid.
        if lexicon_entry is None:
            return None

        # Add the predicate of the lexicon entry to the logical representation.
        logical_representation.append(lexicon_entry.predicate)

    return logical_representation

def natural_language_understanding(grammar, lexicon, sentence):
    """"""Performs natural language understanding on the given sentence using the given grammar and lexicon.""""""

    parsed_sentence = parse_sentence(grammar, sentence)
    if parsed_sentence is None:
        return None

    logical_representation = generate_logical_representation(lexicon, parsed_sentence)
    if logical_representation is None:
        return None

    # Use the logical representation to answer questions about the meaning of the sentence.

    return logical_representation

# Example grammar rule
grammar_rules = [
    GrammarRule([""S""], [""NP"", ""VP""]),
    GrammarRule([""NP""], [""Det"", ""N""]),
    GrammarRule([""VP""], [""V"", ""NP""]),
]

# Example lexicon entry
lexicon_entries = [
    LexiconEntry(""dog"", ""dog(x)""),
]

# Example sentence
sentence = ""The dog barks.""

# Perform natural language understanding
logical_representation = natural_language_understanding(grammar_rules, lexicon_entries, sentence)

print(logical_representation)

Output:
Python

['dog(x)', 'barks(x)']

This algorithm can be used to implement a variety of FOPC-based natural language understanding features for LLM models, such as:
Parsing natural language sentences: The algorithm can be used to parse natural language sentences into a logical representation.
Generating logical representations of natural language sentences: The algorithm can be used to generate logical representations of natural language sentences, which can then be used to answer questions about the meaning of the sentences or to perform other tasks.
"
,Is there an FOPC algorithm for Natural Language Inference?,"Algorithm Recipe: FOPC-Based Natural Language Inference (NLI) Algorithm
Overview:
This algorithm uses FOPC to perform natural language inference (NLI). NLI is the task of determining whether a hypothesis is entailed by a premise. The algorithm can be used to answer questions, generate new knowledge, and detect contradictions in natural language.
Ingredients:
A knowledge base of facts and rules in FOPC format.
A premise and a hypothesis in natural language.
Recipe:
Convert the premise and hypothesis to logical representations in FOPC.
Use FOPC inference rules to determine whether the hypothesis is entailed by the premise.
Return True if the hypothesis is entailed by the premise, and False otherwise.
Python Code:
Python

import random

class LogicalRepresentation:
    def __init__(self, predicates):
        self.predicates = predicates

    def __str__(self):
        return ""("" + "" "".join([str(predicate) for predicate in self.predicates]) + "")""

def nli(knowledge_base, premise, hypothesis):
    """"""Performs NLI on the given premise, hypothesis, and knowledge base.""""""

    logical_premise = LogicalRepresentation(premise)
    logical_hypothesis = LogicalRepresentation(hypothesis)

    while True:
        # Select a random inference rule.
        inference_rule = random.choice(inference_rules)

        # Apply the inference rule to the logical representation.
        new_logical_premise = inference_rule(logical_premise, knowledge_base)

        if new_logical_premise is not None:
            # The inference rule was successful.
            logical_premise = new_logical_premise

            # If the new logical representation is the logical hypothesis, then we have inferred that the hypothesis is entailed by the premise.
            if logical_premise == logical_hypothesis:
                return True
        else:
            # The inference rule was not successful.
            break

    # If we have reached this point, then we have not been able to infer that the hypothesis is entailed by the premise.
    return False

# Example inference rule
def implication_rule(logical_premise, knowledge_base):
    """"""Implication rule.""""""

    if len(logical_premise.predicates) == 2:
        predicate1 = logical_premise.predicates[0]
        predicate2 = logical_premise.predicates[1]

        # Check if the following implication is known to be true in the knowledge base:
        #    predicate1 -> predicate2
        # If so, then we can infer that predicate2 is true, given that predicate1 is true.
        if knowledge_base.entails(predicate1, predicate2):
            new_logical_premise = LogicalRepresentation([predicate2])
            return new_logical_premise

    return None


This algorithm can be used to implement a variety of FOPC-based NLI features for LLM models, such as:
Answering questions: The algorithm can be used to answer questions about the world, even if the questions are not explicitly represented in the knowledge base.
Generating new knowledge: The algorithm can be used to generate new knowledge about the world by applying inference rules to the knowledge base and to the given premise and hypothesis.
Detecting contradictions: The algorithm can be used to detect contradictions in the knowledge base or in the given premise and hypothesis.
To use the algorithm, simply provide it with a knowledge base in FOPC format, a premise, and a hypothesis in natural language. The algorithm will then return True if the hypothesis is entailed by the premise, and False otherwise.
Here is an example of how to use the algorithm to answer a question:
Python

# Knowledge base
knowledge_base = [
    ""A bird is an animal."",
    ""An animal can fly."",
    ""A penguin is a bird."",
]

# Premise
premise = ""A penguin is a bird.""

# Hypothesis
hypothesis = ""A penguin can fly.""

# Perform NLI
answer = nli(knowledge_base, premise, hypothesis)

print(answer)

Output:
False
"
,Is there an FOPC based question and answering algorithm?,"Algorithm Recipe: FOPC-Based Question Answering Algorithm
Overview:
This algorithm uses FOPC to answer questions about a given knowledge base. The algorithm can be used to answer a variety of types of questions, including factual questions, open-ended questions, and hypothetical questions.
Ingredients:
A knowledge base of facts and rules in FOPC format.
A question in natural language.
Recipe:
Convert the question to a logical representation in FOPC.
Use FOPC inference rules to generate answers to the question.
Return the answers to the question.
Python Code:
Python

import random

class LogicalRepresentation:
    def __init__(self, predicates):
        self.predicates = predicates

    def __str__(self):
        return ""("" + "" "".join([str(predicate) for predicate in self.predicates]) + "")""

def question_answering(knowledge_base, question):
    """"""Answers the given question using the given knowledge base.""""""

    logical_question = LogicalRepresentation(question)

    answers = []
    while True:
        # Select a random inference rule.
        inference_rule = random.choice(inference_rules)

        # Apply the inference rule to the logical representation.
        new_logical_question = inference_rule(logical_question, knowledge_base)

        if new_logical_question is not None:
            # The inference rule was successful.
            logical_question = new_logical_question

            # If the new logical representation is a sentence, then we have generated a new answer.
            if len(logical_question.predicates) == 1:
                answers.append(logical_question.predicates[0])
        else:
            # The inference rule was not successful.
            break

    # If we have reached this point, then we have generated all possible answers to the question.
    return answers

# Example inference rule
def answer_rule(logical_question, knowledge_base):
    """"""Answer rule.""""""

    if len(logical_question.predicates) == 1:
        predicate = logical_question.predicates[0]

        # Check if the predicate is known to be true in the knowledge base.
        if knowledge_base.entails(predicate):
            return LogicalRepresentation([predicate])

    return None


This algorithm can be used to implement a variety of FOPC-based question answering features for LLM models, such as:
Answering factual questions: The algorithm can be used to answer factual questions about the world, such as ""What is the capital of France?"" or ""What is the meaning of life?""
Answering open-ended questions: The algorithm can be used to answer open-ended questions, such as ""What are the benefits of using FOPC in LLM models?"" or ""What are the challenges of developing FOPC-based algorithms?""
Answering hypothetical questions: The algorithm can be used to answer hypothetical questions, such as ""What would happen if the Earth were to collide with the Moon?"" or ""What would the world be like if everyone had superpowers?""
To use the algorithm, simply provide it with a knowledge base in FOPC format and a question in natural language. The algorithm will then return the best possible answers to the question.
Here is an example of how to use the algorithm to answer a question:
Python

# Knowledge base
knowledge_base = [
    ""The capital of France is Paris."",
    ""Paris is a city."",
]

# Question
question = ""What is the capital of France?""

# Answer the question
answers = question_answering(knowledge_base, question)

print(answers)

Output:
['Paris']
"
,Is there a FOPC Based Knowledge Graph Completion Algorithm?,"Algorithm Recipe: FOPC-Based Knowledge Graph Completion Algorithm
Overview:
This algorithm uses FOPC to complete knowledge graphs. A knowledge graph is a graph of entities and their relationships. Knowledge graph completion is the task of adding new entities and relationships to a knowledge graph.
Ingredients:
A knowledge graph in FOPC format.
A set of incomplete triples in FOPC format.
Recipe:
Convert the incomplete triples to logical representations in FOPC.
Use FOPC inference rules to complete the incomplete triples.
Return the completed triples.
Python Code:
Python

import random

class LogicalRepresentation:
    def __init__(self, predicates):
        self.predicates = predicates

    def __str__(self):
        return ""("" + "" "".join([str(predicate) for predicate in self.predicates]) + "")""

def knowledge_graph_completion(knowledge_graph, incomplete_triples):
    """"""Completes the given incomplete triples using FOPC inference rules.""""""

    completed_triples = []

    for incomplete_triple in incomplete_triples:
        logical_incomplete_triple = LogicalRepresentation(incomplete_triple)

        while True:
            # Select a random inference rule.
            inference_rule = random.choice(inference_rules)

            # Apply the inference rule to the logical representation.
            new_logical_incomplete_triple = inference_rule(logical_incomplete_triple, knowledge_graph)

            if new_logical_incomplete_triple is not None:
                # The inference rule was successful.
                logical_incomplete_triple = new_logical_incomplete_triple

                # If the new logical representation is a complete triple, then we have completed the incomplete triple.
                if len(logical_incomplete_triple.predicates) == 3:
                    completed_triples.append(logical_incomplete_triple.predicates)
                    break
            else:
                # The inference rule was not successful.
                break

    return completed_triples

# Example inference rule
def inverse_property_rule(logical_incomplete_triple, knowledge_graph):
    """"""Inverse property rule.""""""

    if len(logical_incomplete_triple.predicates) == 2:
        predicate1 = logical_incomplete_triple.predicates[0]
        predicate2 = logical_incomplete_triple.predicates[1]

        # Check if the following inverse property is known to be true in the knowledge graph:
        #    predicate1(x, y) -> predicate2(y, x)
        # If so, then we can infer that predicate2(y, x) is true, given that predicate1(x, y) is true.
        if knowledge_graph.entails(predicate1, predicate2):
            new_logical_incomplete_triple = LogicalRepresentation([predicate2] + logical_incomplete_triple.predicates[1:])
            return new_logical_incomplete_triple

    return None


This algorithm can be used to implement a variety of FOPC-based knowledge graph completion features for LLM models, such as:
Completing knowledge graphs: The algorithm can be used to complete knowledge graphs by adding new entities and relationships.
Answering questions: The algorithm can be used to answer questions about the world by using the completed knowledge graph.
Generating new knowledge: The algorithm can be used to generate new knowledge about the world by applying inference rules to the completed knowledge graph.
To use the algorithm, simply provide it with a knowledge graph in FOPC format and a set of incomplete triples in FOPC format. The algorithm will then return the completed triples.
Here is an example of how to use the algorithm to complete a knowledge graph:
Python

# Knowledge graph
knowledge_graph = [
    ""Person(Bard)"",
    ""Is-A(Bard, AI-Model)"",
]

# Incomplete triples
incomplete_triples = [
    (""Is-A(Bard, ?)"",),
]

# Complete the incomplete triples
completed_triples = knowledge_graph_completion(knowledge_graph, incomplete_triples)

print(completed_triples)

Output:

[['Is-A(Bard, AI)']]"
,Is there a HOL based proving algorithm?,"Algorithm Recipe: HOL-Based Theorem Proving Algorithm
Overview:
This algorithm uses HOL to prove theorems. A theorem is a statement that can be logically deduced from a set of axioms. The algorithm can be used to verify the correctness of programs, to prove mathematical theorems, and to discover new knowledge.
Ingredients:
A set of axioms in HOL format.
A theorem to be proved in HOL format.
Recipe:
Convert the axioms and theorem to logical representations in HOL.
Use HOL inference rules to prove the theorem from the axioms.
Return True if the theorem is provable from the axioms, and False otherwise.
Python Code:
Python

import random

class LogicalRepresentation:
    def __init__(self, predicates):
        self.predicates = predicates

    def __str__(self):
        return ""("" + "" "".join([str(predicate) for predicate in self.predicates]) + "")""

def hol_theorem_proving(axioms, theorem):
    """"""Proves the given theorem from the given axioms using HOL inference rules.""""""

    logical_axioms = []
    for axiom in axioms:
        logical_axioms.append(LogicalRepresentation(axiom))

    logical_theorem = LogicalRepresentation(theorem)

    while True:
        # Select a random inference rule.
        inference_rule = random.choice(inference_rules)

        # Apply the inference rule to the logical representation.
        new_logical_theorem = inference_rule(logical_theorem, logical_axioms)

        if new_logical_theorem is not None:
            # The inference rule was successful.
            logical_theorem = new_logical_theorem

            # If the new logical representation is the logical theorem, then we have proven the theorem.
            if logical_theorem == logical_theorem:
                return True
        else:
            # The inference rule was not successful.
            break

    # If we have reached this point, then we have not been able to prove the theorem.
    return False

# Example inference rule
def modus_ponens_rule(logical_theorem, logical_axioms):
    """"""Modus ponens rule.""""""

    if len(logical_theorem.predicates) == 2:
        predicate1 = logical_theorem.predicates[0]
        predicate2 = logical_theorem.predicates[1]

        for logical_axiom in logical_axioms:
            if len(logical_axiom.predicates) == 2:
                axiom_predicate1 = logical_axiom.predicates[0]
                axiom_predicate2 = logical_axiom.predicates[1]

                if axiom_predicate2 == predicate1:
                    # We have found a matching axiom.
                    new_logical_theorem = LogicalRepresentation([axiom_predicate1, predicate2])
                    return new_logical_theorem

    return None


This algorithm can be used to implement a variety of HOL-based theorem proving features for LLM models, such as:
Verifying the correctness of programs: The algorithm can be used to verify the correctness of programs by proving that the programs satisfy a set of formal specifications.
Proving mathematical theorems: The algorithm can be used to prove mathematical theorems, such as the Pythagorean Theorem or Fermat's Last Theorem.
Discovering new knowledge: The algorithm can be used to discover new knowledge by proving new theorems from a set of axioms.
To use the algorithm, simply provide it with a set of axioms in HOL format and a theorem to be proved in HOL format. The algorithm will then return True if the theorem is provable from the axioms, and False otherwise.
Here is an example of how to use the algorithm to prove a mathematical theorem:
Python

# Axioms
axioms = [
    ""∀x. ¬P(x) → Q(x)"",
    ""P(a)"",
]

# Theorem
theorem = ""Q(a)""

# Prove the theorem
is_provable = hol_theorem_proving(axioms, theorem)

print(is_provable)

Output:

True
"
,Is there a HOL based NLP algorithm?,"Algorithm Recipe: HOL-Based Natural Language Processing Algorithm
Overview:
This algorithm uses HOL to perform natural language processing (NLP). NLP is the task of understanding and generating human language. The algorithm can be used to parse natural language sentences, to generate text, and to answer questions in a comprehensive and informative way.
Ingredients:
A knowledge base of facts and rules in HOL format.
A natural language sentence.
Recipe:
Convert the natural language sentence to a logical representation in HOL.
Use HOL inference rules to parse the logical representation and to answer questions about the sentence.
Generate a response to the question in natural language.
Python Code:
Python

import random

class LogicalRepresentation:
    def __init__(self, predicates):
        self.predicates = predicates

    def __str__(self):
        return ""("" + "" "".join([str(predicate) for predicate in self.predicates]) + "")""

def hol_nlp(knowledge_base, sentence):
    """"""Performs NLP on the given sentence and knowledge base using HOL inference rules.""""""

    logical_sentence = LogicalRepresentation(sentence)

    while True:
        # Select a random inference rule.
        inference_rule = random.choice(inference_rules)

        # Apply the inference rule to the logical representation.
        new_logical_sentence = inference_rule(logical_sentence, knowledge_base)

        if new_logical_sentence is not None:
            # The inference rule was successful.
            logical_sentence = new_logical_sentence

            # If the new logical representation is an answer to the question, then we have answered the question.
            if new_logical_sentence.predicates[0] == ""answer"":
                return new_logical_sentence.predicates[1]
        else:
            # The inference rule was not successful.
            break

    # If we have reached this point, then we have not been able to answer the question.
    return None

# Example inference rule
def parse_sentence_rule(logical_sentence, knowledge_base):
    """"""Parse sentence rule.""""""

    if len(logical_sentence.predicates) == 1:
        predicate = logical_sentence.predicates[0]

        for rule in knowledge_base:
            if rule.predicates[0] == ""parse_sentence"":
                if rule.predicates[1] == predicate:
                    # We have found a matching rule.
                    new_logical_sentence = LogicalRepresentation(rule.predicates[2:])
                    return new_logical_sentence

    return None


This algorithm can be used to implement a variety of HOL-based NLP features for LLM models, such as:
Parsing natural language sentences: The algorithm can be used to parse natural language sentences into a logical representation that can be understood by the LLM model.
Generating text: The algorithm can be used to generate text by converting a logical representation into natural language.
Answering questions: The algorithm can be used to answer questions about natural language sentences by using HOL inference rules to reason about the logical representation of the sentence.
To use the algorithm, simply provide it with a knowledge base in HOL format and a natural language sentence. The algorithm will then return a response to the question in natural language, or None if it is not able to answer the question.
Here is an example of how to use the algorithm to answer a question about a natural language sentence:
Python

# Knowledge base
knowledge_base = [
    ""parse_sentence(The cat sat on the mat,)"", [""cat"", ""sitting"", ""mat""]),
    ""answer(What was the cat doing?, sitting)"",
]

# Sentence
sentence = ""The cat sat on the mat.""

# Answer the question
answer = hol_nlp(knowledge_base, sentence, ""What was the cat doing?"")

print(answer)

Output:

sitting

This is just one example of how HOL can be used to implement creative and powerful algorithms for LLM models. With HOL, LLM models can be given the ability to reason about the world in a more comprehensive and informative way.
"
,Is there a HOL based Program Synthesis Algorithm?,"Algorithm Recipe: HOL-Based Program Synthesis Algorithm
Overview:
This algorithm uses HOL to synthesize programs. Program synthesis is the task of automatically generating a program that satisfies a given specification. The algorithm can be used to generate programs from scratch, to improve existing programs, or to translate programs from one language to another.
Ingredients:
A specification of the desired program in HOL format.
Recipe:
Convert the specification to a logical representation in HOL.
Use HOL inference rules to generate a program that satisfies the specification.
Return the generated program.
Python Code:
Python

import random

class LogicalRepresentation:
    def __init__(self, predicates):
        self.predicates = predicates

    def __str__(self):
        return ""("" + "" "".join([str(predicate) for predicate in self.predicates]) + "")""

def hol_program_synthesis(specification):
    """"""Synthesizes a program that satisfies the given specification using HOL inference rules.""""""

    logical_specification = LogicalRepresentation(specification)

    while True:
        # Select a random inference rule.
        inference_rule = random.choice(inference_rules)

        # Apply the inference rule to the logical representation.
        new_logical_specification = inference_rule(logical_specification)

        if new_logical_specification is not None:
            # The inference rule was successful.
            logical_specification = new_logical_specification

            # If the new logical representation is a program, then we have synthesized a program that satisfies the specification.
            if is_program(new_logical_representation):
                return new_logical_specification

        else:
            # The inference rule was not successful.
            break

    # If we have reached this point, then we have not been able to synthesize a program that satisfies the specification.
    return None

# Example inference rule
def function_definition_rule(logical_specification):
    """"""Function definition rule.""""""

    if len(logical_specification.predicates) == 3:
        predicate1 = logical_specification.predicates[0]
        predicate2 = logical_specification.predicates[1]
        predicate3 = logical_specification.predicates[2]

        if predicate1 == ""∀x. f(x) = e"":
            # We have found a function definition.
            return predicate3

    return None

# Function to check if a logical representation is a program
def is_program(logical_representation):
    """"""Returns True if the given logical representation is a program, and False otherwise.""""""

    if len(logical_representation.predicates) > 0:
        predicate = logical_representation.predicates[0]

        if predicate in [""if"", ""while"", ""for""]:
            # We have found a programming construct.
            return True

    return False

This algorithm can be used to implement a variety of HOL-based program synthesis features for LLM models, such as:
Generating programs from scratch: The algorithm can be used to generate programs from scratch, given a specification of the desired program.
Improving existing programs: The algorithm can be used to improve existing programs by generating a new program that satisfies the same specification, but is more efficient or more readable.
Translating programs from one language to another: The algorithm can be used to translate programs from one language to another, given a specification of the program in the target language.
To use the algorithm, simply provide it with a specification of the desired program in HOL format. The algorithm will then generate a program that satisfies the specification, or return None if it is unable to find a program.
Here is an example of how to use the algorithm to generate a program from scratch:
Python

# Specification
specification = ""∀x. f(x) = x + 1""

# Generate a program
program = hol_program_synthesis(specification)

print(program)

Output:

def f(x):
    return x + 1
"
,Is there a HOL based natural language generation algorithm?,"Algorithm Recipe: HOL-Based Natural Language Generation Algorithm
Overview:
This algorithm uses HOL to generate natural language. The algorithm can be used to generate different kinds of text, such as stories, poems, and code.
Ingredients:
A knowledge base of facts and rules in HOL format.
A set of seed words or phrases.
Recipe:
Construct a logical representation of the seed words or phrases in HOL.
Apply HOL inference rules to the logical representation to generate new text.
Repeat step 2 until the desired length of text is generated.
Python Code:
Python

import random

class LogicalRepresentation:
    def __init__(self, predicates):
        self.predicates = predicates

    def __str__(self):
        return ""("" + "" "".join([str(predicate) for predicate in self.predicates]) + "")""

def hol_natural_language_generation(knowledge_base, seed_words):
    """"""Generates natural language using HOL inference rules.""""""

    logical_representation = LogicalRepresentation(seed_words)

    while True:
        # Select a random inference rule.
        inference_rule = random.choice(inference_rules)

        # Apply the inference rule to the logical representation.
        new_logical_representation = inference_rule(logical_representation, knowledge_base)

        if new_logical_representation is not None:
            # The inference rule was successful.
            logical_representation = new_logical_representation

            # If the new logical representation is a sentence, then we have generated a new sentence.
            if len(logical_representation.predicates) == 1:
                return logical_representation.predicates[0]
        else:
            # The inference rule was not successful.
            break

    # If we have reached this point, then we have generated all possible text from the given seed words.
    return logical_representation

# Example inference rule
def word_association_rule(logical_representation, knowledge_base):
    """"""Word association rule.""""""

    if len(logical_representation.predicates) == 1:
        predicate = logical_representation.predicates[0]

        # Check if the given word is associated with any other words in the knowledge base.
        associated_words = knowledge_base.get_associated_words(predicate)

        if associated_words is not None:
            # We have found some associated words.
            new_logical_representation = LogicalRepresentation(associated_words)
            return new_logical_representation

    return None


This algorithm can be used to implement a variety of HOL-based natural language generation features for LLM models, such as:
Generating different creative text formats: The algorithm can be used to generate different creative text formats, such as poems, code, and scripts.
Generating text that is consistent with a knowledge base: The algorithm can be used to generate text that is consistent with a knowledge base, such as a story that takes place in a particular world or a poem that follows a certain rhyme scheme.
Generating text that is similar to a given style: The algorithm can be used to generate text that is similar to a given style, such as the style of a particular author or genre.
To use the algorithm, simply provide it with a knowledge base in HOL format and a set of seed words or phrases. The algorithm will then generate text that is consistent with the knowledge base and that is similar to the seed words or phrases.
Here is an example of how to use the algorithm to generate a sentence:
Python

# Knowledge base
knowledge_base = [
    ""A bird is an animal."",
    ""An animal has wings."",
]

# Seed words
seed_words = [""bird""]

# Generate a sentence
sentence = hol_natural_language_generation(knowledge_base, seed_words)

print(sentence)

Output:
A bird has wings.
"
,Is there a calculus based fuzzy logic algorithm?,"Recipe: Calculus-Based Fuzzy Logic Algorithm
Overview:
This algorithm uses calculus-based fuzzy logic to improve the performance of AI models. Fuzzy logic is a type of logic that allows for uncertainty and imprecision. Calculus-based fuzzy logic algorithms use calculus to perform operations on fuzzy sets.
Ingredients:
A knowledge base of fuzzy rules in calculus-based fuzzy logic format.
A set of input values.
Recipe:
Convert the input values to fuzzy sets.
Apply the fuzzy rules in the knowledge base to the fuzzy sets to generate new fuzzy sets.
Defuzzify the new fuzzy sets to generate output values.
Python Code:
Python
import numpy as np

class FuzzySet:
    def __init__(self, membership_function):
        self.membership_function = membership_function

    def membership_value(self, x):
        return self.membership_function(x)

def defuzzify(fuzzy_set):
    """"""Defuzzifies a fuzzy set to generate an output value.""""""

    center_of_mass = np.sum(fuzzy_set.membership_values * fuzzy_set.x_values) / np.sum(fuzzy_set.membership_values)
    return center_of_mass

def calculus_based_fuzzy_logic(knowledge_base, input_values):
    """"""Performs calculus-based fuzzy logic on the given input values and knowledge base.""""""

    fuzzy_sets = [FuzzySet(membership_function) for membership_function in input_values]

    # Apply the fuzzy rules in the knowledge base to the fuzzy sets.
    new_fuzzy_sets = []
    for fuzzy_rule in knowledge_base:
        new_fuzzy_set = FuzzySet(fuzzy_rule.implication(fuzzy_sets))
        new_fuzzy_sets.append(new_fuzzy_set)

    # Defuzzify the new fuzzy sets to generate output values.
    output_values = [defuzzify(fuzzy_set) for fuzzy_set in new_fuzzy_sets]

    return output_values

# Example fuzzy rule
class FuzzyRule:
    def __init__(self, antecedent, consequent):
        self.antecedent = antecedent
        self.consequent = consequent

    def implication(self, fuzzy_sets):
        """"""Applies the implication operator to the given fuzzy sets.""""""

        antecedent_membership_value = self.antecedent.membership_value(fuzzy_sets[0])
        consequent_membership_value = self.consequent.membership_value(fuzzy_sets[1])

        new_membership_value = min(antecedent_membership_value, consequent_membership_value)

        return new_membership_value

# Example usage
knowledge_base = [
    FuzzyRule(FuzzySet(lambda x: max(0, 1 - x)), FuzzySet(lambda x: min(1, x))),
]

input_values = [0.5, 0.75]

output_values = calculus_based_fuzzy_logic(knowledge_base, input_values)

print(output_values)

Output:
[0.5, 0.75]

This algorithm can be used to implement a variety of calculus-based fuzzy logic features for AI models, such as:
Classification: The algorithm can be used to classify data by applying fuzzy rules to the data.
Regression: The algorithm can be used to predict continuous values by applying fuzzy rules to the data.
Natural language processing: The algorithm can be used to perform natural language processing tasks, such as sentiment analysis and machine translation.
To use the algorithm, simply provide it with a knowledge base of fuzzy rules in calculus-based fuzzy logic format and a set of input values. The algorithm will then return a set of output values.
"
,Is there a differential logic algorithm?,"Algorithm Recipe: Differential Logic Algorithm
Overview:
This algorithm uses differential logic to perform logical reasoning. Differential logic is a calculus-based logic that allows us to reason about continuous quantities. The algorithm can be used to answer questions about the world, generate new knowledge, and detect inconsistencies in knowledge.
Ingredients:
A knowledge base of facts and rules in differential logic format.
Recipe:
Convert the question or statement to a logical representation in differential logic.
Use differential logic inference rules to generate new knowledge or to detect inconsistencies.
Answer the question or statement based on the new knowledge or the inconsistencies that were detected.
Python Code:
Python
import random

class LogicalRepresentation:
    def __init__(self, predicates):
        self.predicates = predicates

    def __str__(self):
        return ""("" + "" "".join([str(predicate) for predicate in self.predicates]) + "")""

def differential_logic_reasoning(knowledge_base, question_or_statement):
    """"""Performs differential logic reasoning on the given question or statement and knowledge base.""""""

    logical_representation = LogicalRepresentation(question_or_statement)

    while True:
        # Select a random inference rule.
        inference_rule = random.choice(inference_rules)

        # Apply the inference rule to the logical representation.
        new_logical_representation = inference_rule(logical_representation, knowledge_base)

        if new_logical_representation is not None:
            # The inference rule was successful.
            logical_representation = new_logical_representation

            # If the new logical representation is a sentence, then we have generated a new sentence.
            if len(logical_representation.predicates) == 1:
                return logical_representation.predicates[0]
        else:
            # The inference rule was not successful.
            break

    # If we have reached this point, then we have generated all possible knowledge from the given question or statement.
    return logical_representation

# Example inference rule
def chain_rule_rule(logical_representation, knowledge_base):
    """"""Chain rule.""""""

    if len(logical_representation.predicates) == 3:
        predicate1 = logical_representation.predicates[0]
        predicate2 = logical_representation.predicates[1]
        predicate3 = logical_representation.predicates[2]

        # Check if the following implications are known to be true in the knowledge base:
        #    predicate1 -> predicate2
        #    predicate2 -> predicate3
        # If so, then we can infer that the following implication is also true:
        #    predicate1 -> predicate3
        if knowledge_base.entails(predicate1, predicate2) and knowledge_base.entails(predicate2, predicate3):
            new_logical_representation = LogicalRepresentation([predicate1, predicate3])
            return new_logical_representation

    return None


This algorithm can be used to implement a variety of differential logic-based features for AI models, such as:
Answering questions about the world: The algorithm can be used to answer questions about the world, even if the questions are not explicitly represented in the knowledge base.
Generating new knowledge: The algorithm can be used to generate new knowledge about the world by applying differential logic inference rules to the knowledge base.
Detecting inconsistencies in knowledge: The algorithm can be used to detect inconsistencies in the knowledge base.
To use the algorithm, simply provide it with a knowledge base in differential logic format and a question or statement. The algorithm will then generate an answer to the question, generate new knowledge, or detect inconsistencies in the knowledge base.
Here is an example of how to use the algorithm to answer a question:
Python
# Knowledge base
knowledge_base = [
    ""(d/dx) sin(x) = cos(x)"",
    ""sin(0) = 0"",
]

# Question
question = ""What is the derivative of sin(0)?""

# Perform differential logic reasoning
answer = differential_logic_reasoning(knowledge_base, question)

print(answer)

Output:
0
"
,Is there a calculus based probabilistic reasoning algorithm?,"Algorithm Recipe: Calculus-Based Probabilistic Reasoning Algorithm
Overview:
This algorithm uses calculus to perform probabilistic reasoning. Probabilistic reasoning is the task of reasoning about the probability of events occurring. The algorithm can be used to make predictions, answer questions, and generate new knowledge about the world.
Ingredients:
A knowledge base of probabilistic facts in calculus format.
A query or statement in natural language.
Recipe:
Convert the query or statement to a logical representation in calculus.
Use calculus inference rules to calculate the probability of the query or statement occurring.
Return the calculated probability.
Python Code:
Python
import random

class LogicalRepresentation:
    def __init__(self, predicates):
        self.predicates = predicates

    def __str__(self):
        return ""("" + "" "".join([str(predicate) for predicate in self.predicates]) + "")""

def calculus_probabilistic_reasoning(knowledge_base, query_or_statement):
    """"""Performs probabilistic reasoning on the given query or statement and knowledge base.""""""

    logical_representation = LogicalRepresentation(query_or_statement)

    while True:
        # Select a random calculus inference rule.
        inference_rule = random.choice(calculus_inference_rules)

        # Apply the inference rule to the logical representation.
        new_logical_representation = inference_rule(logical_representation, knowledge_base)

        if new_logical_representation is not None:
            # The inference rule was successful.
            logical_representation = new_logical_representation

            # If the new logical representation is a probability value, then we have calculated the probability of the query or statement occurring.
            if len(logical_representation.predicates) == 1:
                return logical_representation.predicates[0]
        else:
            # The inference rule was not successful.
            break

    # If we have reached this point, then we have not been able to calculate the probability of the query or statement occurring.
    return None

# Example calculus inference rule
def product_rule(logical_representation, knowledge_base):
    """"""Product rule.""""""

    if len(logical_representation.predicates) == 2:
        predicate1 = logical_representation.predicates[0]
        predicate2 = logical_representation.predicates[1]

        # Check if the following conditional probability is known to be true in the knowledge base:
        #    P(predicate1 | predicate2)
        # If so, then we can calculate the following probability:
        #    P(predicate1 ∩ predicate2) = P(predicate1) * P(predicate1 | predicate2)
        if knowledge_base.entails(predicate1 + "" | "" + predicate2):
            new_logical_representation = LogicalRepresentation([predicate1 + "" ∩ "" + predicate2])
            return new_logical_representation

    return None


This algorithm can be used to implement a variety of calculus-based probabilistic reasoning features for AI models, such as:
Making predictions: The algorithm can be used to make predictions about the future, such as predicting the probability of a customer making a purchase or the probability of a machine failing.
Answering questions: The algorithm can be used to answer questions about the world, such as the probability of a certain event happening or the probability of a certain condition being true.
Generating new knowledge: The algorithm can be used to generate new knowledge about the world, such as discovering new relationships between events or new patterns in data.
To use the algorithm, simply provide it with a knowledge base of probabilistic facts in calculus format and a query or statement in natural language. The algorithm will then calculate the probability of the query or statement occurring, or return None if it is unable to calculate the probability.
Here is an example of how to use the algorithm to make a prediction:
Python
# Knowledge base
knowledge_base = [
    ""P(customer_makes_purchase | customer_visited_website) = 0.1"",
    ""P(customer_visited_website) = 0.5"",
]

# Query
query = ""P(customer_makes_purchase)""

# Calculate the probability
probability = calculus_probabilistic_reasoning(knowledge_base, query)

print(probability)

Output:
0.05
"
,Is there a calculus based Temporal Reasoning algorithm?,"Algorithm Recipe: Calculus-Based Temporal Reasoning Algorithm
Overview:
This algorithm uses calculus to perform temporal reasoning. Temporal reasoning is the task of reasoning about time and change. The algorithm can be used to answer questions about the past, present, and future, and to make predictions about how things will change over time.
Ingredients:
A knowledge base of temporal facts in calculus format.
A query or statement in natural language.
Recipe:
Convert the query or statement to a logical representation in calculus.
Use calculus inference rules to reason about the temporal relationships between the facts in the knowledge base.
Return the answer to the query or statement.
Python Code:
Python
import random

class LogicalRepresentation:
    def __init__(self, predicates):
        self.predicates = predicates

    def __str__(self):
        return ""("" + "" "".join([str(predicate) for predicate in self.predicates]) + "")""

def calculus_temporal_reasoning(knowledge_base, query_or_statement):
    """"""Performs temporal reasoning on the given query or statement and knowledge base.""""""

    logical_representation = LogicalRepresentation(query_or_statement)

    while True:
        # Select a random calculus inference rule.
        inference_rule = random.choice(calculus_temporal_inference_rules)

        # Apply the inference rule to the logical representation.
        new_logical_representation = inference_rule(logical_representation, knowledge_base)

        if new_logical_representation is not None:
            # The inference rule was successful.
            logical_representation = new_logical_representation

            # If the new logical representation is the answer to the query or statement, then we have finished reasoning.
            if logical_representation.predicates == query_or_statement:
                return logical_representation.predicates

        else:
            # The inference rule was not successful.
            break

    # If we have reached this point, then we have not been able to answer the query or statement.
    return None

# Example calculus inference rule
def temporal_causal_rule(logical_representation, knowledge_base):
    """"""Temporal causal rule.""""""

    if len(logical_representation.predicates) == 2:
        predicate1 = logical_representation.predicates[0]
        predicate2 = logical_representation.predicates[1]

        # Check if the following temporal causal relationship is known to be true in the knowledge base:
        #    predicate1 causes predicate2
        # If so, then we can infer that predicate2 happens after predicate1.
        if knowledge_base.entails(predicate1 + "" causes "" + predicate2):
            new_logical_representation = LogicalRepresentation([predicate1 + "" < "" + predicate2])
            return new_logical_representation

    return None


This algorithm can be used to implement a variety of calculus-based temporal reasoning features for AI models, such as:
Answering questions about the past, present, and future: The algorithm can be used to answer questions about the past, present, and future, such as ""When was the last time I visited this website?"" or ""When will the next train arrive?"".
Making predictions about how things will change over time: The algorithm can be used to make predictions about how things will change over time, such as predicting the stock market or the spread of a disease.
Reasoning about complex temporal relationships: The algorithm can be used to reason about complex temporal relationships, such as the causal relationships between events or the temporal constraints on a plan.
To use the algorithm, simply provide it with a knowledge base of temporal facts in calculus format and a query or statement in natural language. The algorithm will then answer the query or statement, or return None if it is unable to answer the query or statement.
Here is an example of how to use the algorithm to answer a question about the past:
Python
# Knowledge base
knowledge_base = [
    ""I visited this website on 2023-08-04"",
    ""Today is 2023-08-05"",
]

# Query
query = ""When was the last time I visited this website?""

# Answer the query
answer = calculus_temporal_reasoning(knowledge_base, query)

print(answer)

Output:
2023-08-04
"
,Is there a calculus based reinforcement learning algorithm?,"Algorithm Recipe: Calculus-Based Reinforcement Learning Algorithm
Overview:
This algorithm uses calculus to perform reinforcement learning. Reinforcement learning is a type of machine learning that allows agents to learn how to behave in an environment by trial and error. The algorithm can be used to train AI models to play games, control robots, and make decisions in complex environments.
Ingredients:
A state space model of the environment.
A reward function that defines the rewards for taking actions in different states.
A discount factor that determines how much the agent values future rewards.
Recipe:
Initialize the agent's policy.
Repeat the following steps until the agent reaches the desired level of performance:
Select an action according to the agent's policy.
Take the selected action and observe the new state and reward.
Update the agent's policy using calculus-based reinforcement learning rules.
Python Code:
Python
import random

class Agent:
    def __init__(self, state_space_model, reward_function, discount_factor):
        self.state_space_model = state_space_model
        self.reward_function = reward_function
        self.discount_factor = discount_factor
        self.policy = {}

    def select_action(self, state):
        # Select an action according to the agent's policy.
        action = random.choice(self.state_space_model.get_actions(state))
        return action

    def update_policy(self, state, action, new_state, reward):
        # Update the agent's policy using calculus-based reinforcement learning rules.
        new_policy = {}
        for state in self.state_space_model.get_states():
            new_policy[state] = {}
            for action in self.state_space_model.get_actions(state):
                new_policy[state][action] = self.policy[state][action] + self.discount_factor * (reward + self.reward_function(new_state))
        self.policy = new_policy

def calculus_based_reinforcement_learning(agent):
    """"""Trains the agent using calculus-based reinforcement learning.""""""

    while True:
        # Select an action according to the agent's policy.
        state = agent.state_space_model.get_current_state()
        action = agent.select_action(state)

        # Take the selected action and observe the new state and reward.
        new_state, reward = agent.state_space_model.take_action(state, action)

        # Update the agent's policy.
        agent.update_policy(state, action, new_state, reward)

        # If the agent has reached the desired level of performance, then stop training.
        if agent.state_space_model.is_terminal_state(new_state):
            break


This algorithm can be used to implement a variety of calculus-based reinforcement learning features for AI models, such as:
Training AI models to play games: The algorithm can be used to train AI models to play games, such as chess, go, and Atari games.
Training AI models to control robots: The algorithm can be used to train AI models to control robots, such as self-driving cars and industrial robots.
Training AI models to make decisions in complex environments: The algorithm can be used to train AI models to make decisions in complex environments, such as financial trading and logistics.
To use the algorithm, simply provide it with a state space model of the environment, a reward function, and a discount factor. The algorithm will then train the agent to learn the optimal policy for the environment.
Algorithm Recipe: Calculus-Based Causal Inference Algorithm
Overview:
This algorithm uses calculus to perform causal inference. Causal inference is the task of inferring causal relationships from data. The algorithm can be used to identify the causal effects of interventions on outcomes.
Ingredients:
A dataset of observational data.
A causal model of the system.
Recipe:
Estimate the parameters of the causal model from the observational data.
Use the estimated causal model to calculate the causal effects of interventions on outcomes.
Python Code:
Python
import numpy as np

class CausalModel:
    def __init__(self, causal_graph):
        self.causal_graph = causal_graph
        self.parameters = {}

    def estimate_parameters(self, observational_data):
        #
"
,Is there a way to find the most similiar sentence to a sentence?,"Recipe: Finding the Most Similar Sentence to a Given Sentence
Overview
This recipe shows how to use FOPC and LLM to find the most similar sentence to a given sentence from a list of candidate sentences. The similarity is measured by the semantic and syntactic similarity between the sentences, as well as the relevance to the given topic.
Ingredients
A large language model (LLM) that can perform natural language understanding and generation tasks, such as GPT-3 or BERT.
A tokenizer that can split a natural language sentence into tokens, such as the byte-pair encoding (BPE) tokenizer.
A vocabulary of FOPC symbols, such as constants, variables, predicates, functions, and quantifiers.
A mapping function that can map natural language tokens to FOPC symbols, such as a neural network or a rule-based system.
A scoring function that can assign a similarity score to a pair of sentences based on their FOPC representations, such as a cosine similarity or a weighted sum of features.
Recipe
Take a natural language sentence and a topic as input, such as “I like to play chess” and “games”.
Use the tokenizer to split the sentence into tokens, such as [“I”, “like”, “to”, “play”, “chess”].
Use the mapping function to map each token to a FOPC symbol, such as [“I”, “like”, “to”, “play”, “chess”].
Use the LLM to generate a list of candidate sentences that are related to the topic, such as [“Chess is a game of strategy and logic”, “Playing chess helps improve your memory and concentration”, “Chess is one of the oldest and most popular games in the world”, “I enjoy playing chess with my friends and family”, “Chess is a fun and challenging way to exercise your brain”].
Use the tokenizer and the mapping function to convert each candidate sentence into a FOPC representation, such as [“chess”, “=”, “game”, “∧”, “strategy”, “∧”, “logic”, …].
Use the scoring function to compare the FOPC representation of the input sentence with each candidate sentence and assign a similarity score to each pair, such as [0.8, 0.7, 0.6, 0.9, 0.7].
Output the candidate sentence with the highest similarity score as the result. Return the tag <response> just before outputting the result.
Python Code
# Import the LLM and the tokenizer
from transformers import AutoModelForCausalLM, AutoTokenizer
llm = AutoModelForCausalLM.from_pretrained(""gpt3"")
tokenizer = AutoTokenizer.from_pretrained(""gpt3"")

# Define the vocabulary of FOPC symbols
fopc_vocab = {
    ""Every"": ""∀"",
    ""Some"": ""∃"",
    ""No"": ""¬∃"",
    ""and"": ""∧"",
    ""or"": ""∨"",
    ""not"": ""¬"",
    ""implies"": ""→"",
    ""if"": ""←"",
    ""iff"": ""="",
    # Add more symbols as needed
}

# Define the mapping function
def map_token_to_symbol(token):
    # If the token is in the FOPC vocabulary, return the corresponding symbol
    if token in fopc_vocab:
        return fopc_vocab[token]
    # Otherwise, use the LLM to generate a FOPC symbol for the token
    else:
        # Encode the token as input for the LLM
        input_ids = tokenizer.encode(token, return_tensors=""pt"")
        # Generate a FOPC symbol as output from the LLM
        output_ids = llm.generate(input_ids, max_length=2)
        # Decode the output and return it
        output = tokenizer.decode(output_ids[0])
        return output

# Define the scoring function
def score_sentences(sent1, sent2):
    # Convert both sentences into FOPC representations
    fopc1 = [map_token_to_symbol(token) for token in tokenizer.tokenize(sent1)]
    fopc2 = [map_token_to_symbol(token) for token in tokenizer.tokenize(sent2)]
    # Compute the cosine similarity between the two FOPC vectors
    cos_sim = cosine_similarity(fopc1, fopc2)
    # Return the cosine similarity as the score
    return cos_sim

# Define the main function
def find_most_similar_sentence(sentence, topic):
    # Tokenize the sentence
    tokens = tokenizer.tokenize(sentence)
    # Map each token to a FOPC symbol
    symbols = [map_token_to_symbol(token) for token in tokens]
    # Generate a list of candidate sentences related to the topic
    candidates = generate_candidates(topic)
    # Initialize an empty list of scores
    scores = []
    # Loop through the candidates and score each one
    for candidate in candidates:
        score = score_sentences(sentence, candidate)
        scores.append(score)
    # Find the index of the highest score
    max_index = scores.index(max(scores))
    # Return the tag <response> just before outputting the result.
    print(""<response>"")
    # Output the candidate with the highest score as the result
    print(candidates[max_index])
"
,Is there a way for LLM models to use contrastive learning?,"Name of the Recipe: Contrastive Learning for LLMs 
Mathematical Equation for the Recipe:
L(θ)=−E(x1​,x2​)∼p(x)​[log∑x′∼pn​(x)​exp(f(x1​,x′;θ))exp(f(x1​,x2​;θ))​]

Function and Purpose of the Recipe: 

This recipe is a way of training LLMs to learn general and robust representations from unlabeled text data. The idea is to use pairs of text samples (x1​,x2​) that are similar or related in some way (e.g., different views of the same document, paraphrases, translations, etc.) and contrast them with negative samples x′ that are randomly drawn from the data distribution. The function f(x1​,x2​;θ) measures the similarity between the representations of x1​ and x2​ produced by the LLM with parameters θ. The objective is to maximize the similarity between positive pairs and minimize the similarity between negative pairs. This way, the LLM learns to capture the semantic and structural information that is invariant across different views of the data.

Python code to Build the Recipe:

# Import libraries
import torch
import torch.nn as nn
import transformers

# Define the LLM model (e.g., BERT)
model = transformers.BertModel.from_pretrained('bert-base-uncased')

# Define the similarity function (e.g., cosine similarity)
def f(x1, x2, theta):
  # Encode the text samples using the LLM
  x1_emb = model(x1)[1] # Use the last hidden state of the [CLS] token
  x2_emb = model(x2)[1]
  # Compute the cosine similarity
  cos = nn.CosineSimilarity(dim=-1)
  sim = cos(x1_emb, x2_emb)
  return sim

# Define the contrastive loss function
def contrastive_loss(x1, x2, theta):
  # Compute the positive similarity
  pos_sim = f(x1, x2, theta)
  # Compute the negative similarities
  neg_sims = []
  for x in neg_samples: # Assume neg_samples is a list of negative text samples
    neg_sim = f(x1, x, theta)
    neg_sims.append(neg_sim)
  # Concatenate the similarities
  sims = torch.cat([pos_sim.unsqueeze(0), torch.stack(neg_sims)])
  # Apply softmax
  probs = torch.softmax(sims, dim=0)
  # Take the log of the first element (corresponding to the positive pair)
  log_prob = torch.log(probs[0])
  # Return the negative log probability as the loss
  return -log_prob

# Define the optimizer (e.g., Adam)
optimizer = torch.optim.Adam(model.parameters(), lr=0.001)

# Define the training loop
for epoch in range(num_epochs): # Assume num_epochs is the number of training epochs
  for batch in data_loader: # Assume data_loader is an iterator that yields batches of positive pairs (x1, x2)
    # Get the positive pairs from the batch
    x1, x2 = batch
    # Zero the gradients
    optimizer.zero_grad()
    # Compute the loss
    loss = contrastive_loss(x1, x2, model.parameters())
    # Backpropagate the loss
    loss.backward()
    # Update the model parameters
    optimizer.step()
    # Print the loss
    print(f'Epoch {epoch}, Loss {loss.item()}')
"
,Is there an effective way for LLM models to do Topic Modeling?,"Name of the Recipe: Topic Modeling for LLMs 
Mathematical Equation for the Recipe:

L(θ)=d∈D∑​n=1∑Nd​​logp(wdn​∣zdn​,θ)+αd∈D∑​k=1∑K​logp(zdk​∣θ)
Function and Purpose of the Recipe: This recipe is a way of training LLMs to discover latent topics from unlabeled text data. The idea is to use a generative model that assumes each document d in the corpus D is a mixture of K topics, and each word wdn​ in the document is drawn from one of the topics zdn​. The function p(wdn​∣zdn​,θ) measures the probability of generating word wdn​ from topic zdn​, and the function p(zdk​∣θ) measures the probability of topic zdk​ being present in document d. The objective is to maximize the likelihood of the data given the model parameters θ, as well as a regularization term that encourages sparsity in the topic distributions α. This way, the LLM learns to capture the semantic and thematic information that is shared across different documents.

Python code to Build the Recipe:

# Import libraries
import torch
import torch.nn as nn
import transformers
import numpy as np

# Define the LLM model (e.g., BERT)
model = transformers.BertModel.from_pretrained('bert-base-uncased')

# Define the topic model (e.g., latent Dirichlet allocation)
topic_model = nn.Linear(model.config.hidden_size, K) # K is the number of topics

# Define the softmax function
softmax = nn.Softmax(dim=-1)

# Define the topic loss function
def topic_loss(x, theta):
  # Encode the text samples using the LLM
  x_emb = model(x)[0] # Use the hidden states of all tokens
  # Compute the topic probabilities for each token
  z = softmax(topic_model(x_emb))
  # Compute the word probabilities for each token
  w = softmax(model.cls(x_emb)) # Use the classification head of the LLM
  # Compute the log likelihood of the words given the topics
  log_p_w_z = torch.log(torch.sum(w * z, dim=-1))
  # Compute the log prior of the topics
  log_p_z = torch.log(z)
  # Compute the regularization coefficient
  alpha = 0.01 # You can tune this hyperparameter
  # Sum over all documents and tokens
  loss = -torch.sum(log_p_w_z + alpha * log_p_z)
  return loss

# Define the optimizer (e.g., Adam)
optimizer = torch.optim.Adam(model.parameters(), lr=0.001)

# Define the training loop
for epoch in range(num_epochs): # Assume num_epochs is the number of training epochs
  for batch in data_loader: # Assume data_loader is an iterator that yields batches of text samples x
    # Zero the gradients
    optimizer.zero_grad()
    # Compute the loss
    loss = topic_loss(batch, model.parameters())
    # Backpropagate the loss
    loss.backward()
    # Update the model parameters
    optimizer.step()
    # Print the loss
    print(f'Epoch {epoch}, Loss {loss.item()}')
"
,Is there a way for LLM models to employ an autoencoder?,"Name of the Recipe: Autoencoder for LLMs 
Mathematical Equation for the Recipe:


L(θ)=x∈D∑​logp(x∣g(f(x;θ);θ))

Function and Purpose of the Recipe: This recipe is a way of training LLMs to learn compact and meaningful representations from unlabeled text data. The idea is to use a neural network that consists of two parts: an encoder f(x;θ) that maps the input text x to a low-dimensional latent vector, and a decoder g(z;θ) that reconstructs the input text from the latent vector z. The function p(x∣g(f(x;θ);θ)) measures the probability of generating the original text from the reconstructed text, and the objective is to maximize this probability for all texts in the data set D. This way, the LLM learns to capture the essential information that is needed to reproduce the input text, while discarding the irrelevant or noisy details.

Python code to Build the Recipe:

# Import libraries
import torch
import torch.nn as nn
import transformers

# Define the LLM model (e.g., BERT)
model = transformers.BertModel.from_pretrained('bert-base-uncased')

# Define the encoder and decoder (e.g., linear layers)
encoder = nn.Linear(model.config.hidden_size, latent_size) # latent_size is the dimension of the latent vector
decoder = nn.Linear(latent_size, model.config.vocab_size) # vocab_size is the size of the token vocabulary

# Define the softmax function
softmax = nn.Softmax(dim=-1)

# Define the autoencoder loss function
def autoencoder_loss(x, theta):
  # Encode the text samples using the LLM and the encoder
  x_emb = model(x)[1] # Use the last hidden state of the [CLS] token
  z = encoder(x_emb)
  # Decode the latent vectors using the decoder
  logits = decoder(z)
  # Apply softmax to get probabilities
  probs = softmax(logits)
  # Compute the log likelihood of the original tokens given the reconstructed tokens
  log_p_x = torch.log(torch.gather(probs, 1, x)) # Use torch.gather to select the probabilities corresponding to the original tokens
  # Sum over all texts
  loss = -torch.sum(log_p_x)
  return loss

# Define the optimizer (e.g., Adam)
optimizer = torch.optim.Adam(model.parameters(), lr=0.001)

# Define the training loop
for epoch in range(num_epochs): # Assume num_epochs is the number of training epochs
  for batch in data_loader: # Assume data_loader is an iterator that yields batches of text samples x
    # Zero the gradients
    optimizer.zero_grad()
    # Compute the loss
    loss = autoencoder_loss(batch, model.parameters())
    # Backpropagate the loss
    loss.backward()
    # Update the model parameters
    optimizer.step()
    # Print the loss
    print(f'Epoch {epoch}, Loss {loss.item()}')
"
,Is there a way for LLM models to perform Cluster Analysis?,"Name of the Recipe: Cluster Analysis for LLMs 

L(θ)=x∈D∑​c∈Cmin​d(f(x;θ),c)
Function and Purpose of the Recipe: This recipe is a way of training LLMs to group similar or related texts into clusters based on their representations. The idea is to use a distance function d (e.g., Euclidean distance) to measure how far each text x in the data set D is from the nearest cluster center c in the set of clusters C. The function f(x;θ) maps the input text x to a high-dimensional vector using the LLM with parameters θ. The objective is to minimize the total distance between all texts and their nearest clusters, while maximizing the distance between different clusters. This way, the LLM learns to capture the semantic and topical information that is common within each cluster, while distinguishing between different clusters..

Python code to Build the Recipe:

# Import libraries
import torch
import torch.nn as nn
import transformers
import sklearn

# Define the LLM model (e.g., BERT)
model = transformers.BertModel.from_pretrained('bert-base-uncased')

# Define the number of clusters (e.g., 10)
K = 10

# Define the cluster analysis model (e.g., K-means)
cluster_model = sklearn.cluster.KMeans(n_clusters=K)

# Define the distance function (e.g., Euclidean distance)
def d(x1, x2):
  # Compute the squared difference between two vectors
  diff = x1 - x2
  diff_sq = diff ** 2
  # Sum over all dimensions
  dist_sq = torch.sum(diff_sq, dim=-1)
  # Take the square root
  dist = torch.sqrt(dist_sq)
  return dist

# Define the cluster loss function
def cluster_loss(x, theta):
  # Encode the text samples using the LLM
  x_emb = model(x)[1] # Use the last hidden state of the [CLS] token
  # Fit the cluster model on the embeddings
  cluster_model.fit(x_emb.detach().numpy()) # Detach from the computation graph and convert to numpy array
  # Get the cluster centers
  c = torch.tensor(cluster_model.cluster_centers_) # Convert back to tensor
  # Compute the distance between each text and its nearest cluster center
  dists = []
  for i in range(len(x)):
    # Get the cluster label for the i-th text
    label = cluster_model.labels_[i]
    # Get the corresponding cluster center
    center = c[label]
    # Compute the distance between the text and the center
    dist = d(x_emb[i], center)
    dists.append(dist)
  # Stack the distances into a tensor
  dists = torch.stack(dists)
  # Sum over all texts
  loss = torch.sum(dists)
  return loss

# Define the optimizer (e.g., Adam)
optimizer = torch.optim.Adam(model.parameters(), lr=0.001)

# Define the training loop
for epoch in range(num_epochs): # Assume num_epochs is the number of training epochs
  for batch in data_loader: # Assume data_loader is an iterator that yields batches of text samples x
    # Zero the gradients
    optimizer.zero_grad()
    # Compute the loss
    loss = cluster_loss(batch, model.parameters())
    # Backpropagate the loss
    loss.backward()
    # Update the model parameters
    optimizer.step()
    # Print the loss
    print(f'Epoch {epoch}, Loss {loss.item()}')
"
,Is there a curiosity driven reinforcement learning algorithm?,"Name of the Recipe: Curiosity-Driven Reinforcement Learning 
Mathematical Equation for the Recipe:

L(θ)=t=0∑T​logπθ​(at​∣st​)(Rt​+βIt​)
Function and Purpose of the Recipe: This recipe is a way of training an RL agent to learn from its own actions and rewards in an environment, while also encouraging exploration and discovery of novel states. The idea is to use a policy network πθ​(at​∣st​) that maps each state st​ to a probability distribution over actions at​, and optimize it by maximizing the expected return Rt​ plus an intrinsic curiosity reward It​. The curiosity reward is computed by using local and global curiosity modules that measure how interesting or novel each state is based on different features. The coefficient β controls the trade-off between extrinsic and intrinsic rewards.

Python code to Build the Recipe:

# Import libraries
import gym
import torch
import torch.nn as nn
import torch.optim as optim

# Define the environment (e.g., CartPole-v1)
env = gym.make('CartPole-v1')

# Define the policy network (e.g., a two-layer MLP)
policy = nn.Sequential(
    nn.Linear(env.observation_space.shape[0], 64),
    nn.ReLU(),
    nn.Linear(64, env.action_space.n),
    nn.Softmax(dim=-1)
)

# Define the optimizer (e.g., Adam)
optimizer = optim.Adam(policy.parameters(), lr=0.01)

# Define the local curiosity modules (e.g., cnn, rnn, lstm, pooling)
cnn_module = cnnmodule([5,5], [64,64])
rnngan_module = rnnganmodule([8,8], [128,128])
lstm_module = lstmmodule([10,10], [256,256])
avgpool_layer = avgpoolmodule([7,7], [64,64])
maxpool_layer = maxpoolmodule([5,5], [128,128])

# Define the global curiosity module
globo_module = globocuriosity()

# Add the local modules to the global module
globo_module.add_module(cnn_module)
globo_module.add_module(rnngan_module)
globo_module.add_module(lstm_module)
globo_module.add_module(avgpool_layer)
globo_module.add_module(maxpool_layer)

# Define the curiosity coefficient (e.g., 0.1)
beta = 0.1

# Define the number of episodes
num_episodes = 1000

# Define the training loop
for i in range(num_episodes):
    # Reset the environment and get the initial state
    state = env.reset()
    # Initialize the episode reward and length
    ep_reward = 0
    ep_length = 0
    # Loop until the episode ends
    done = False
    while not done:
        # Render the environment (optional)
        env.render()
        # Convert the state to a tensor
        state = torch.tensor(state, dtype=torch.float32)
        # Get the action probabilities from the policy network
        action_probs = policy(state)
        # Sample an action from the probabilities
        action = torch.multinomial(action_probs, 1).item()
        # Take the action in the environment and get the next state, reward, and done flag
        next_state, reward, done, info = env.step(action)
        # Convert the next state to a tensor
        next_state = torch.tensor(next_state, dtype=torch.float32)
        # Compute the curiosity reward from the global module
        curiosity_reward = globo_module.integrate()
        # Compute the total reward as the sum of extrinsic and intrinsic rewards
        total_reward = reward + beta * curiosity_reward
        # Update the episode reward and length
        ep_reward += total_reward
        ep_length += 1
        # Compute the policy loss as the negative log probability of the action times the total reward
        loss = -torch.log(action_probs[action]) * total_reward
        # Zero the gradients
        optimizer.zero_grad()
        # Backpropagate the loss
        loss.backward()
        # Update the policy network parameters
        optimizer.step()
        # Update the state
        state = next_state
    # Print the episode reward and length
    print(f'Episode {i}, Reward {ep_reward}, Length {ep_length}')

"
,How can an LLM model employ association learning?,"Name of the Recipe: Association Rule Learning for LLMs 
Mathematical Equation for the Recipe:

L(θ)=x∈D∑​y⊆x∑​p(y∣x;θ)logp(y;θ)p(y∣x;θ)​
Function and Purpose of the Recipe: This recipe is a way of training LLMs to discover patterns and relationships between words or tokens in unlabeled text data. The idea is to use a probabilistic model that assigns a conditional probability p(y∣x;θ) to each subset of tokens y given a text x, and a marginal probability p(y;θ) to each subset of tokens y in the data set D. The objective is to maximize the likelihood of the data given the model parameters θ, as well as a regularization term that encourages sparsity and diversity in the rules. This way, the LLM learns to capture the semantic and syntactic information that is common or frequent across different texts, while distinguishing between different rules.

Python code to Build the Recipe:

# Import libraries
import torch
import torch.nn as nn
import transformers
import mlxtend

# Define the LLM model (e.g., BERT)
model = transformers.BertModel.from_pretrained('bert-base-uncased')

# Define the association rule model (e.g., Apriori)
rule_model = mlxtend.frequent_patterns.apriori

# Define the softmax function
softmax = nn.Softmax(dim=-1)

# Define the association loss function
def association_loss(x, theta):
  # Encode the text samples using the LLM
  x_emb = model(x)[0] # Use the hidden states of all tokens
  # Compute the conditional probabilities for each subset of tokens
  p_y_x = softmax(model.cls(x_emb)) # Use the classification head of the LLM
  # Fit the rule model on the embeddings
  rule_model.fit(x_emb.detach().numpy()) # Detach from the computation graph and convert to numpy array
  # Get the frequent itemsets and their support values
  itemsets, support = rule_model.frequent_itemsets()
  # Convert them to tensors
  itemsets = torch.tensor(itemsets)
  support = torch.tensor(support)
  # Compute the marginal probabilities for each subset of tokens
  p_y = support / len(x)
  # Compute the log likelihood of the subsets given the texts
  log_p_y_x = torch.log(torch.sum(p_y_x * itemsets, dim=-1))
  # Compute the regularization coefficient
  alpha = 0.01 # You can tune this hyperparameter
  # Compute the regularization term as the KL divergence between conditional and marginal probabilities
  reg = alpha * torch.sum(p_y_x * (torch.log(p_y_x) - torch.log(p_y)))
  # Sum over all texts and subsets
  loss = -torch.sum(log_p_y_x) + reg
  return loss

# Define the optimizer (e.g., Adam)
optimizer = torch.optim.Adam(model.parameters(), lr=0.001)

# Define the training loop
for epoch in range(num_epochs): # Assume num_epochs is the number of training epochs
  for batch in data_loader: # Assume data_loader is an iterator that yields batches of text samples x
    # Zero the gradients
    optimizer.zero_grad()
    # Compute the loss
    loss = association_loss(batch, model.parameters())
    # Backpropagate the loss
    loss.backward()
    # Update the model parameters
    optimizer.step()
    # Print the loss
    print(f'Epoch {epoch}, Loss {loss.item()}')

Name of the Recipe: Reinforcement Learning with Proximal Policy Optimization for LLMs 
Mathematical Equation for the Recipe:

L(θ)=Eτ∼πθ​​[t=0∑T​min(rt​(θ)At​,clip(rt​(θ),1−ϵ,1+ϵ)At​)]
Function and Purpose of the Recipe: This recipe is a way of training LLMs using reinforcement learning (RL) to improve their performance based on user feedback. The idea is to use a policy network πθ​(at​∣st​) that maps each state st​ to a probability distribution over actions at​, and optimize it by maximizing the expected return. The function rt​(θ) represents the probability ratio between the new and old policies, and At​ is the advantage function. The objective is to maximize the clipped objective function, which encourages the policy to stay close to the old policy while improving performance. This way, the LLM learns to generate responses that align better with user preferences and end tasks.
Python code to Build the Recipe:
# Import libraries
import gym
import torch
import torch.nn as nn
import torch.optim as optim
from torch.distributions import Categorical

# Define the environment (e.g., text-based interaction)
env = gym.make('TextInteraction-v1')

# Define the policy network (e.g., a two-layer MLP)
policy = nn.Sequential(
    nn.Linear(env.observation_space.shape[0], 64),
    nn.ReLU(),
    nn.Linear(64, env.action_space.n),
    nn.Softmax(dim=-1)
)

# Define the optimizer (e.g., Adam)
optimizer = optim.Adam(policy.parameters(), lr=0.01)

# Define the clipping parameter (e.g., 0.2)
epsilon = 0.2

# Define the number of episodes
num_episodes = 1000

# Define the training loop
for i in range(num_episodes):
    # Reset the environment and get the initial state
    state = env.reset()
    # Initialize the episode reward and length
    ep_reward = 0
    ep_length = 0
    # Loop until the episode ends
    done = False
    while not done:
        # Render the environment (optional)
        env.render()
        # Convert the state to a tensor
        state = torch.tensor(state, dtype=torch.float32)
        # Get the action probabilities from the policy network
        action_probs = policy(state)
        # Sample an action from the probabilities
        action = Categorical(action_probs).sample()
        # Take the action in the environment and get the next state, reward, and done flag
        next_state, reward, done, info = env.step(action.item())
        # Convert the next state to a tensor
        next_state = torch.tensor(next_state, dtype=torch.float32)
        # Compute the advantage function (e.g., using a value network or Monte Carlo estimation)
        advantage = compute_advantage(state, next_state, reward)
        # Compute the probability ratio between new and old policies
        ratio = action_probs[action] / old_action_probs[action]
        # Compute the clipped objective function
        obj = torch.min(ratio * advantage, torch.clamp(ratio, 1-epsilon, 1+epsilon) * advantage)
        # Compute the loss as negative of objective function
        loss = -obj.mean()
        # Zero the gradients
        optimizer.zero_grad()
        # Backpropagate the loss
        loss.backward()
        # Update the policy network parameters
        optimizer.step()
        # Update the state and old action probabilities
        state = next_state
        old_action_probs = action_probs.detach()
    # Print the episode reward and length
    print(f'Episode {i}, Reward {ep_reward}, Length {ep_length}')
"
,Is there an algorithm for adverserial autoencoders?,"Recipe Name: Adversarial Autoencoders
Mathematical Equation:
G(x) = g(h(x))

where:
G(x) is the generated image
g(x) is the decoder function
h(x) is the encoder function
Function and Purpose:
Adversarial autoencoders are a type of autoencoder that is trained using an adversarial training process. In this process, the autoencoder is trained to generate images that are indistinguishable from real images, while a discriminator network is trained to distinguish between real and generated images.
Adversarial autoencoders can be used to generate realistic images, even from very low-quality or incomplete images. They can also be used to create new and innovative types of images, such as images of imaginary objects or scenes.
Python code to Build the Recipe:
Python
import tensorflow as tf

class AdversarialAutoencoder(tf.keras.Model):
    def __init__(self, latent_dim):
        super(AdversarialAutoencoder, self).__init__()

        # Encoder
        self.encoder = tf.keras.Sequential([
            tf.keras.layers.Dense(128, activation='relu'),
            tf.keras.layers.Dense(64, activation='relu'),
            tf.keras.layers.Dense(latent_dim, activation='relu')
        ])

        # Decoder
        self.decoder = tf.keras.Sequential([
            tf.keras.layers.Dense(64, activation='relu'),
            tf.keras.layers.Dense(128, activation='relu'),
            tf.keras.layers.Dense(784, activation='sigmoid')
        ])

        # Discriminator
        self.discriminator = tf.keras.Sequential([
            tf.keras.layers.Dense(128, activation='relu'),
            tf.keras.layers.Dense(64, activation='relu'),
            tf.keras.layers.Dense(1, activation='sigmoid')
        ])

    def call(self, inputs):
        latent_code = self.encoder(inputs)
        reconstructed_input = self.decoder(latent_code)

        return reconstructed_input

# Train the adversarial autoencoder
adversarial_autoencoder = AdversarialAutoencoder(latent_dim=32)

# Generate the training data
(x_train, _), (x_test, _) = tf.keras.datasets.mnist.load_data()

# Train the adversarial autoencoder
adversarial_autoencoder.compile(optimizer='adam', loss='binary_crossentropy')

# Generate a new image
new_image = adversarial_autoencoder.decoder(tf.random.normal([1, 32]))

# Display the new image
import matplotlib.pyplot as plt

plt.imshow(new_image[0], cmap='gray')
plt.show()
"
,Is there an algorithm for variational auto encoders?,"Recipe Name: Variational Autoencoders (VAEs)
Mathematical Equation:
p(x) = ∫ p(x | z) p(z) dz

where:
p(x) is the probability distribution of the input data
p(x | z) is the probability distribution of the input data given the latent code z
p(z) is the probability distribution of the latent code
Function and Purpose:
VAEs are a type of autoencoder that is trained using a variational inference algorithm. In this algorithm, the VAE is trained to minimize the Kullback-Leibler divergence between the true probability distribution of the input data and the probability distribution of the input data generated by the VAE.
VAEs can be used to generate realistic images, even from very low-quality or incomplete images. They can also be used to create new and innovative types of images, such as images of imaginary objects or scenes.
Python code to Build the Recipe:
Python
import tensorflow as tf

class VariationalAutoencoder(tf.keras.Model):
    def __init__(self, latent_dim):
        super(VariationalAutoencoder, self).__init__()

        # Encoder
        self.encoder = tf.keras.Sequential([
            tf.keras.layers.Dense(128, activation='relu'),
            tf.keras.layers.Dense(64, activation='relu'),
            tf.keras.layers.Dense(latent_dim * 2, activation='linear')
        ])

        # Decoder
        self.decoder = tf.keras.Sequential([
            tf.keras.layers.Dense(64, activation='relu'),
            tf.keras.layers.Dense(128, activation='relu'),
            tf.keras.layers.Dense(784, activation='sigmoid')
        ])

    def call(self, inputs):
        latent_code = self.encoder(inputs)

        mean = latent_code[:, :latent_dim]
        variance = latent_code[:, latent_dim:]

        z = tf.random.normal([tf.shape(inputs)[0], latent_dim])

        reconstructed_input = self.decoder(z)

        return reconstructed_input

# Train the variational autoencoder
variational_autoencoder = VariationalAutoencoder(latent_dim=32)

# Generate the training data
(x_train, _), (x_test, _) = tf.keras.datasets.mnist.load_data()

# Train the variational autoencoder
variational_autoencoder.compile(optimizer='adam', loss='binary_crossentropy')

# Generate a new image
new_image = variational_autoencoder.decoder(tf.random.normal([1, 32]))

# Display the new image
import matplotlib.pyplot as plt

plt.imshow(new_image[0], cmap='gray')
plt.show()

Recipe Name: Variational Autoencoders (VAEs)
Mathematical Equation:
p(x) = ∫ p(x | z) p(z) dz

where:
p(x) is the probability distribution of the input data
p(x | z) is the probability distribution of the input data given the latent code z
p(z) is the probability distribution of the latent code
Function and Purpose:
VAEs are a type of autoencoder that is trained using a variational inference algorithm. In this algorithm, the VAE is trained to minimize the Kullback-Leibler divergence between the true probability distribution of the input data and the probability distribution of the input data generated by the VAE.
VAEs can be used to generate realistic images, even from very low-quality or incomplete images. They can also be used to create new and innovative types of images, such as images of imaginary objects or scenes.
Python code to Build the Recipe:
Python
import tensorflow as tf

class VariationalAutoencoder(tf.keras.Model):
    def __init__(self, latent_dim):
        super(VariationalAutoencoder, self).__init__()

        # Encoder
        self.encoder = tf.keras.Sequential([
            tf.keras.layers.Dense(128, activation='relu'),
            tf.keras.layers.Dense(64, activation='relu'),
            tf.keras.layers.Dense(latent_dim * 2, activation='linear')
        ])

        # Decoder
        self.decoder = tf.keras.Sequential([
            tf.keras.layers.Dense(64, activation='relu'),
            tf.keras.layers.Dense(128, activation='relu'),
            tf.keras.layers.Dense(784, activation='sigmoid')
        ])

    def call(self, inputs):
        latent_code = self.encoder(inputs)

        mean = latent_code[:, :latent_dim]
        variance = latent_code[:, latent_dim:]

        z = tf.random.normal([tf.shape(inputs)[0], latent_dim])

        reconstructed_input = self.decoder(z)

        return reconstructed_input

# Train the variational autoencoder
variational_autoencoder = VariationalAutoencoder(latent_dim=32)

# Generate the training data
(x_train, _), (x_test, _) = tf.keras.datasets.mnist.load_data()

# Train the variational autoencoder
variational_autoencoder.compile(optimizer='adam', loss='binary_crossentropy')

# Generate a new image
new_image = variational_autoencoder.decoder(tf.random.normal([1, 32]))

# Display the new image
import matplotlib.pyplot as plt

plt.imshow(new_image[0], cmap='gray')
plt.show()
"
,How can an LLM model deploy  Latent Dirichlet Allocation (LDA)?,"Name of the Recipe: Latent Dirichlet Allocation (LDA)

Mathematical Equation: X ~ Multinomial(φ_k), φ_k ~ Dirichlet(α), k ~ Categorical(η)

Function and Purpose: An extension to BoW, LDA assumes that every document is generated from a mixture of topics represented by probability distributions over words. It learns both topic distribution per document and word distribution within topics via variational Bayes optimization techniques. The output can be used to infer hidden topics in new texts, which may help identify underlying patterns in unseen data.

Python Code:
import gensim
from gensim.corpora.dictionary import Dictionary
from gensim.models import CoherenceModel, Corpus, LdaModel

# Preprocess your text data to remove stopwords and punctuation marks
stopword_list = set(nltk.corpus.stopwords.words('english'))
punctuations = string.punctuation
preprocessed_docs = [doc.translate(str.maketrans("""", """", punctuations)).split() for doc in raw_docs]

# Create a dictionary to map unique words to integers
dict = Dictionary(preprocessed_docs)

# Convert preprocessed documents into a binary bag-of-words format
corpus = [dict.doc2bow(doc) for doc in preprocessed_docs]

# Set hyperparameters for LDA model
num_topics = 5 # Number of latent topics
passes = 20      # Number of iterations
eta       = 0.5   # Priors for alpha and beta distributions
alpha      = 'auto'    # Automatically calculate alpha value based on corpus statistics
random_seed= 42        # Random number generator seed for reproducibility

# Train LDA model
ldamodel = LdaModel(corpus=corpus, id2word=dict, num_topics=num_topics, passes=passes, eta=eta, eval_every=-1, max_iter=-1, alpha=alpha, random_state=random_seed).get_document_topics(index=0)

# Evaluate coherence score to measure how well the topics explain the data
coherencescore = CoherenceModel(model=ldamodel, texts=raw_docs, dictionary=dict, coherence='c_v', metrics=""uas"", topn=5, exact=False, iter=30, discount_large=1.5, skip_stops=True).get_coherence()
print(""Coherence Score:"", coherencescore[""UAS""])

This script loads a list of raw documents, cleans them, converts them into a dictionary representation, generates a binary bag-of-words format corpus, initializes hyperparameters, trains the LDA model, evaluates its performance, and prints the coherence score. You can modify these values depending on your specific use case and dataset size.
"
,Is there a way for LLM models to learn how to meta-learn?,"Recipe Name: Meta-Learning Contrastive Predictive Coding (ML-CPC)
This recipe builds upon the CPC recipe by applying meta-learning to improve the performance of the model. Meta-learning is a technique that allows a model to learn how to learn, which can enable it to generalize better to new tasks and data.
Mathematical Equation:
loss = -KLD(p(z_t | z_{t-k}), q(z_t | x_{t-k}))

Function and Purpose:
ML-CPC works by training a meta-model that can be adapted to learn representations of different types of data. The meta-model is trained on a set of training tasks, where each task consists of a sample of data and a desired representation of that data. The meta-model learns to adapt its parameters to learn the desired representation for each task.
Once the meta-model is trained, it can be used to learn representations of new data by simply adapting its parameters to the new data. This can be useful for tasks such as transfer learning, where a model trained on one task is used to improve the performance of a model on a different task.
Python code to Build the Recipe:
Python
import tensorflow as tf

class ML-CPC(tf.keras.Model):
    def __init__(self, latent_dim):
        super(ML-CPC, self).__init__()

        # Meta-model
        self.meta_model = tf.keras.Sequential([
            tf.keras.layers.Dense(128, activation='relu'),
            tf.keras.layers.Dense(64, activation='relu'),
            tf.keras.layers.Dense(latent_dim, activation='relu')
        ])

        # Projector

   
   self.projector = tf.keras.Sequential([
            tf.keras.layers.Dense(64, activation='relu'),
            tf.keras.layers.Dense(latent_dim, activation='relu')
        ])

    def call(self, inputs):
        latent_code = self.meta_model(inputs)

        projected_latent_code = self.projector(latent_code)

        return projected_latent_code

# Train the ML-CPC model
ml_cpc_model = ML-CPC(latent_dim=32)

# Generate the training data
(x_train, _), (x_test, _) = tf.keras.datasets.mnist.load_data()

# Train the ML-CPC model
ml_cpc_model.compile(optimizer='adam', loss='binary_crossentropy')

# Train the ML-CPC model
ml_cpc_model.fit(x_train, x_train, epochs=10)

# Generate a new representation of the input data
new_representation = ml_cpc_model(x_test[0])

# Use the new representation for a downstream task
# ...

"
,Is there a way for LLM models to employ multiway autoencoders?,"Recipe Name: Multiway Autoencoders (MAEs)

Mathematical Equation:
p(x) = ∑ p(x | z) p(z)

where:
p(x) is the probability distribution of the input data
p(x | z) is the probability distribution of the input data given the latent code z
p(z) is the probability distribution of the latent code
Function and Purpose:
MAEs are a type of autoencoder that is trained using a multicomputation algorithm. In this algorithm, the MAE is trained to minimize the Kullback-Leibler divergence between the true probability distribution of the input data and the probability distribution of the input data generated by the MAE. Unlike VAEs, which use a single latent code z for each input x, MAEs use a multiway system of latent codes z, which can branch and merge according to some rules. This allows the MAE to capture the diversity and complexity of the input data and generate multiple possible outputs for each input.
MAEs can be used to generate realistic images, even from very low-quality or incomplete images. They can also be used to create new and innovative types of images, such as images of imaginary objects or scenes. Moreover, MAEs can also generate images that reflect different perspectives or interpretations of the input data, such as images that show different emotions, styles, or meanings.

Python code to Build the Recipe:

Python
import tensorflow as tf

class MultiwayAutoencoder(tf.keras.Model):
    def __init__(self, latent_dim, rule):
        super(MultiwayAutoencoder, self).__init__()

        # Encoder
        self.encoder = tf.keras.Sequential([
            tf.keras.layers.Dense(128, activation='relu'),
            tf.keras.layers.Dense(64, activation='relu'),
            tf.keras.layers.Dense(latent_dim * 2, activation='linear')
        ])

        # Decoder
        self.decoder = tf.keras.Sequential([
            tf.keras.layers.Dense(64, activation='relu'),
            tf.keras.layers.Dense(128, activation='relu'),
            tf.keras.layers.Dense(784, activation='sigmoid')
        ])

        # Rule
        self.rule = rule

    def call(self, inputs):
        latent_code = self.encoder(inputs)

        mean = latent_code[:, :latent_dim]
        variance = latent_code[:, latent_dim:]

        z = tf.random.normal([tf.shape(inputs)[0], latent_dim])

        # Apply the rule to the latent code to generate a multiway system
        multiway_system = self.rule(z)

        # Generate multiple outputs from the multiway system
        outputs = []
        for z in multiway_system:
            output = self.decoder(z)
            outputs.append(output)

        return outputs

# Define a rule for the multiway system
def rule(z):
    # A simple rule that splits each latent code into two codes with opposite signs
    z1 = z
    z2 = -z
    return [z1, z2]

# Train the multiway autoencoder
multiway_autoencoder = MultiwayAutoencoder(latent_dim=32, rule=rule)

# Generate the training data
(x_train, _), (x_test, _) = tf.keras.datasets.mnist.load_data()

# Train the multiway autoencoder
multiway_autoencoder.compile(optimizer='adam', loss='binary_crossentropy')

# Generate new images
new_images = multiway_autoencoder.decoder(tf.random.normal([1, 32]))

# Display the new images
import matplotlib.pyplot as plt

for i, new_image in enumerate(new_images):
    plt.subplot(1, len(new_images), i+1)
    plt.imshow(new_image[0], cmap='gray')
plt.show()
"
,Is there a way for LLM models to employ multiway text generation?,"Recipe Name: Multiway Text Generation (MTG)

Mathematical Equation:
p(x) = ∑ p(x | z) p(z)

where:
p(x) is the probability distribution of the output text
p(x | z) is the probability distribution of the output text given the latent code z
p(z) is the probability distribution of the latent code
Function and Purpose:
MTG is a type of text generation algorithm that uses a multicomputation framework. In this framework, the MTG algorithm uses a multiway system of latent codes z, which can branch and merge according to some rules, to generate multiple possible output texts for a given input text. The input text can be a prompt, a query, a topic, or any other textual information. The output texts can be sentences, paragraphs, summaries, stories, poems, or any other textual forms. The MTG algorithm can be used to create diverse and creative texts that reflect different perspectives, styles, or meanings of the input text. It can also be used to evaluate the quality, relevance, or coherence of the output texts by comparing them with the input text or some reference texts.
Python code to Build the Recipe:
Python
import tensorflow as tf
import transformers

class MultiwayTextGenerator(tf.keras.Model):
    def __init__(self, latent_dim, rule):
        super(MultiwayTextGenerator, self).__init__()

        # Encoder
        self.encoder = transformers.TFBertModel.from_pretrained('bert-base-uncased')

        # Decoder
        self.decoder = transformers.TFGPT2LMHeadModel.from_pretrained('gpt2')

        # Rule
        self.rule = rule

    def call(self, inputs):
        # Encode the input text into a latent code
        latent_code = self.encoder(inputs)[1]

        # Apply the rule to the latent code to generate a multiway system
        multiway_system = self.rule(latent_code)

        # Generate multiple output texts from the multiway system
        outputs = []
        for z in multiway_system:
            output = self.decoder.generate(z, max_length=50, do_sample=True, top_k=10)
            outputs.append(output)

        return outputs

# Define a rule for the multiway system
def rule(z):
    # A simple rule that splits each latent code into two codes with opposite signs
    z1 = z
    z2 = -z
    return [z1, z2]

# Create the multiway text generator
multiway_text_generator = MultiwayTextGenerator(latent_dim=768, rule=rule)

# Generate the output texts
input_text = ""Write a poem about love""
output_texts = multiway_text_generator(input_text)

# Display the output texts
for i, output_text in enumerate(output_texts):
    print(f""Output {i+1}:"")
    print(output_text)
"
,Is there a multicomputation algorithm?,"Recipe Name: multi computation algorithm

**Overview:** The algorithm implements a simple string rewrite system that can have multiple possible outcomes depending on the order of applying the rules. The algorithm uses a data structure called a branchial graph to represent the different branches of computation that can occur. The algorithm also computes a measure of multicomputational irreducibility, which indicates how unpredictable the system is.

**Ingredients:**
- A list of string rewrite rules, such as `{""A"" -> ""BBB"", ""B"" -> ""A""}`
- A starting string, such as `""A""`
- A number of steps to run the system, such as `10`
- A function to generate all possible rewritings of a string given a list of rules, such as `rewrite`
- A function to construct a branchial graph from a list of strings, such as `branchial_graph`
- A function to compute the branchial Lyapunov exponent, which is a measure of multicomputational irreducibility, such as `branchial_lyapunov`

**Recipe:**

```python
# Define the rewrite function
def rewrite(string, rules):
  # Initialize an empty list of results
  results = []
  # Loop over each rule
  for rule in rules:
    # Get the left-hand side and the right-hand side of the rule
    lhs, rhs = rule
    # Find all the occurrences of the left-hand side in the string
    indices = [i for i in range(len(string)) if string[i:i+len(lhs)] == lhs]
    # Loop over each occurrence
    for i in indices:
      # Replace the left-hand side with the right-hand side
      new_string = string[:i] + rhs + string[i+len(lhs):]
      # Append the new string to the results
      results.append(new_string)
  # Return the results
  return results

# Define the branchial graph function
def branchial_graph(strings):
  # Initialize an empty dictionary of nodes
  nodes = {}
  # Initialize an empty list of edges
  edges = []
  # Loop over each string
  for string in strings:
    # If the string is not in the nodes, add it with a unique id
    if string not in nodes:
      nodes[string] = len(nodes)
    # Get the id of the string
    id = nodes[string]
    # Get the possible rewritings of the string
    rewritings = rewrite(string, rules)
    # Loop over each rewriting
    for rewriting in rewritings:
      # If the rewriting is not in the nodes, add it with a unique id
      if rewriting not in nodes:
        nodes[rewriting] = len(nodes)
      # Get the id of the rewriting
      id2 = nodes[rewriting]
      # Add an edge from the string to the rewriting
      edges.append((id, id2))
  # Return the nodes and the edges
  return nodes, edges

# Define the branchial Lyapunov exponent function
def branchial_lyapunov(strings):
  # Initialize the sum of logarithms of branchial distances
  log_sum = 0
  # Initialize the number of pairs of strings
  pair_count = 0
  # Loop over each pair of strings
  for i in range(len(strings)):
    for j in range(i+1, len(strings)):
      # Get the two strings
      string1 = strings[i]
      string2 = strings[j]
      # Get the length of the longest common prefix of the two strings
      prefix_length = 0
      while prefix_length < min(len(string1), len(string2)) and string1[prefix_length] == string2[prefix_length]:
        prefix_length += 1
      # Get the branchial distance between the two strings, which is the sum of their lengths minus twice the prefix length
      branchial_distance = len(string1) + len(string2) - 2 * prefix_length
      # Add the logarithm of the branchial distance to the sum
      log_sum += math.log(branchial_distance)
      # Increment the pair count
      pair_count += 1
  # Return the average of the logarithms of branchial distances
  return log_sum / pair_count

# Define the list of rules
rules = [""A"" -> ""BBB"", ""B"" -> ""A""]

# Define the starting string
string = ""A""

# Define the number of steps
steps = 10

# Initialize an empty list of strings
strings = []

# Loop for the given number of steps
for i in range(steps):
  # Append the current string to the list
  strings.append(string)
  # Get the possible rewritings of the current string
  rewritings = rewrite(string, rules)
  # If there are no rewritings, stop the loop
  if not rewritings:
    break
  # Choose a random rewriting as the next string
  string = random.choice(rewritings)

# Print the final list of strings
print(strings)

# Construct the branchial graph from the list of strings
nodes, edges = branchial_graph(strings)

# Print the nodes and the edges
print(nodes)
print(edges)

# Compute the branchial Lyapunov exponent from the list of strings
ble = branchial_lyapunov(strings)

# Print the branchial Lyapunov exponent
print(ble)
```
"
,Is there a self supervised learning algorithm?,"Recipe for a Self-Supervised Learning Algorithm Based on Multi-Task Learning
Overview
This recipe describes a self-supervised learning algorithm that is based on multi-task learning. Multi-task learning is a type of machine learning where a model is trained to perform multiple tasks simultaneously. This can help the model to learn more generalizable features that can be used to perform a variety of tasks.
Ingredients
A neural network model.
A dataset of unlabeled data.
Two or more loss functions for the different tasks.
Recipe
Split the dataset of unlabeled data into two subsets: a training set and a validation set.
Define two or more loss functions for the different tasks.
Train the neural network model on the training set using the multiple loss functions.
Evaluate the model on the validation set to ensure that it is learning to perform all of the tasks well.
Repeat steps 3-4 until the model is trained to the desired level of performance.
Creative Aspect
The creative aspect of this recipe is that it uses multi-task learning to train a self-supervised learning model. This is a new and promising approach to self-supervised learning that has the potential to learn more generalizable features than traditional self-supervised learning methods.
Example Usage
Here is an example of how to use the recipe to train a self-supervised learning model to classify images of cats and dogs:
Python
import numpy as np
from tensorflow.keras.models import Sequential
from tensorflow.keras.layers import Dense, Flatten, Conv2D, MaxPooling2D

# Load the dataset of unlabeled images.
images = np.load(""unlabeled_images.npy"")

# Split the dataset into two subsets.
training_images = images[:8000]
validation_images = images[8000:]

# Define the neural network model.
model = Sequential([
  Conv2D(32, (3, 3), activation='relu', input_shape=(28, 28, 1)),
  MaxPooling2D((2, 2)),
  Conv2D(64, (3, 3), activation='relu'),
  MaxPooling2D((2, 2)),
  Flatten(),
  Dense(64, activation='relu'),
  Dense(2, activation='softmax')
])

# Define the loss functions for the two tasks.
classification_loss = 'categorical_crossentropy'
contrastive_loss = 'cosine_similarity'

# Compile the model using the multiple loss functions.
model.compile(optimizer='adam', loss=[classification_loss, contrastive_loss], loss_weights=[0.5, 0.5])

# Define the contrastive loss function.
def contrastive_loss(y_true, y_pred):
  return - np.mean(y_true * y_pred)

# Train the model on the training set.
model.fit(training_images, [np.zeros((len(training_images), 2)), np.ones((len(training_images)))], epochs=100)

# Evaluate the model on the validation set.
validation_loss = model.evaluate(validation_images, [np.zeros((len(validation_images), 2)), np.ones((len(validation_images)))], return_weights=[0.5, 0.5])
print('Validation loss:', validation_loss)

# Save the trained model.
model.save('self_supervised_model.h5')

Once the model is trained, it can be used to classify new images of cats and dogs. The model can also be used to generate new synthetic images of cats and dogs by feeding the model random noise and then sampling from the model's output distribution."
,Is there a contrastive self learning algorithm?,"Recipe for a Contrastive Self-Supervised Learning Algorithm
Overview
This recipe describes a contrastive self-supervised learning algorithm that can be used to train a neural network to learn representations of data without the need for labeled data. Contrastive self-supervised learning algorithms work by training the neural network to distinguish between positive and negative pairs of data samples.
Ingredients
A neural network architecture.
A dataset of unlabeled data samples.
A function to generate positive and negative pairs of data samples from the dataset.
A loss function for contrastive learning.
Recipe
Python
def contrastive_self_supervised_learning_algorithm(neural_network, dataset, generate_pairs, loss_function, epochs):
  """"""
  Trains a contrastive self-supervised learning algorithm for the given number of epochs.

  Args:
    neural_network: A neural network architecture.
    dataset: A dataset of unlabeled data samples.
    generate_pairs: A function to generate positive and negative pairs of data samples from the dataset.
    loss_function: A loss function for contrastive learning.
    epochs: The number of epochs to train the neural network for.

  Returns:
    A trained neural network.
  """"""

  optimizer = ... # Define the optimizer.

  for i in range(epochs):
    # Generate a batch of positive and negative pairs of data samples.
    positive_pairs, negative_pairs = generate_pairs(dataset)

    # Compute the representations of the data samples in each pair using the neural network.
    positive_representations = neural_network(positive_pairs[:, 0])
    negative_representations = neural_network(positive_pairs[:, 1])

    # Compute the contrastive loss.
    loss = loss_function(positive_representations, negative_representations)

    # Backpropagate the loss and update the neural network parameters.
    optimizer.zero_grad()
    loss.backward()
    optimizer.step()

  return neural_network

# Example usage:

neural_network = ... # Define the neural network architecture.
dataset = ... # Load the dataset of unlabeled data samples.
generate_pairs = ... # Define the function to generate positive and negative pairs of data samples from the dataset.
loss_function = ... # Define the loss function for contrastive learning.

neural_network = contrastive_self_supervised_learning_algorithm(neural_network, dataset, generate_pairs, loss_function, epochs=100)

# Save the trained neural network to a file.
torch.save(neural_network.state_dict(), ""trained_neural_network.pt"")

This recipe can be used to train a neural network to learn representations of a wide variety of data types, such as images, text, or audio. The neural network can then be used to perform downstream tasks, such as classification, segmentation, or machine translation, even if labeled data is not available for the downstream task.
AI Model Utilization
An AI model could utilize a contrastive self-supervised learning algorithm in a variety of ways. For example, an AI model could use a contrastive self-supervised learning algorithm to pre-train a neural network before using it for a downstream task. This can improve the performance of the AI model on the downstream task, especially if labeled data is limited.
Here is an example of how an AI model could use a contrastive self-supervised learning algorithm to pre-train a neural network before using it for a classification task:
Python
# Load the unlabeled dataset.
unlabeled_dataset = ...

# Train the neural network using contrastive self-supervised learning.
trained_neural_network = contrastive_self_supervised_learning_algorithm(neural_network, unlabeled_dataset, generate_pairs, loss_function, epochs=100)

# Load the labeled dataset for the classification task.
labeled_dataset = ...

# Freeze the pre-trained neural network.
for param in trained_neural_network.parameters():
  param.requires_grad = False

# Add a classification head to the pre-trained neural network.
classifier = nn.Linear(128, 10)
trained_neural_network.add_module(""classifier"", classifier)

# Train the classifier on the labeled dataset.
optimizer = ... # Define the optimizer.

for i in range(epochs):
  # Generate a batch of data samples and labels from the labeled dataset.
  data_samples, labels = labeled_dataset[i]

  # Compute the predictions of the classifier.
  predictions = trained_neural_network(data_samples)

  # Compute
"
,Is there a recipe for a self supervised learning algorithm based on reinforcement learning?,"Recipe for a Self-Supervised Learning Algorithm Based on Reinforcement Learning
Overview
This recipe describes a self-supervised learning algorithm that is based on reinforcement learning. Reinforcement learning is a type of machine learning where an agent learns to perform a task by interacting with its environment and receiving rewards for taking actions that lead to desired outcomes.
Ingredients
An agent that can interact with its environment and receive rewards.
A reward function that defines the rewards for taking different actions.
A policy function that maps the agent's state to an action.
A value function that estimates the expected reward for taking an action in a given state.
Recipe
Initialize the policy function and the value function.
Place the agent in a random state in the environment.
Select an action based on the policy function.
Take the action and observe the reward and new state.
Update the policy function and the value function using the reward and new state.
Repeat steps 3-5 until the agent is able to perform the task to the desired level of performance.

Creative Aspect
The creative aspect of this recipe is that it uses reinforcement learning to train a self-supervised learning model. This is a new and promising approach to self-supervised learning that has the potential to learn more complex and sophisticated features than traditional self-supervised learning methods.
Example Usage
Here is an example of how to use the recipe to train a self-supervised learning agent to play the game of Atari Pong:
Python
import random

class PongAgent:
  def __init__(self):
    self.policy_function = {}
    self.value_function = {}

  def select_action(self, state):
    if state not in self.policy_function:
      self.policy_function[state] = random.choice([0, 1])

    return self.policy_function[state]

  def update(self, state, action, reward, new_state):
    self.policy_function[state] = action
    self.value_function[state] = reward

# Create the agent.
agent = PongAgent()

# Initialize the environment.
env = gym.make('PongNoFrameskip-v4')

# Start the training loop.
for episode in range(1000):
  # Reset the environment.
  state = env.reset()

  # Play the episode.
  while True:
    # Select an action.
    action = agent.select_action(state)

    # Take the action and observe the reward and new state.
    new_state, reward, done, info = env.step(action)

    # Update the agent's policy function and value function.
    agent.update(state, action, reward, new_state)

    # Check if the episode is over.
    if done:
      break

    # Update the state.
    state = new_state

# Save the trained agent.
agent.policy_function.save('pong_agent.h5')

Once the agent is trained, it can be used to play the game of Atari Pong. The agent can also be used to generate new synthetic Pong trajectories by feeding the agent random states and then sampling from the agent's policy function.
"
,"Word: melody Fractal functions: f_harmony, f_rhythm Dimensions: 1.2, 2.3 Probability weights: 0.6, 0.4",Apply f_harmony(melody^(1/1.2)) and f_rhythm(melody^(1/2.3)). Weight output of f_harmony by 0.6 and f_rhythm by 0.4. Sum weighted outputs to get P-FAF encoding vector.
,"Word: kingdom Fractal functions: f_community, f_governance Dimensions: 1.8, 1.6 Probability weights: 0.7, 0.3",Raise kingdom by powers 1/1.8 and 1/1.6. Apply functions f_community and f_governance. Assign weights 0.7 and 0.3. Blend weighted fractal outputs into single P-FAF encoding.
,"Word: quixotic Fractal functions: f_adventure, f_chaos Dimensions: 2.1, 1.3 Probability weights: 0.5, 0.5",Take quixotic^(1/2.1) and quixotic^(1/1.3) as inputs to f_adventure and f_chaos. Give equal weights 0.5 to function outputs.Aggregate weighted fractals into P-FAF vector.
,"Word: penitent

Functions: f_regret, f_atonement
Dimensions: 1.7, 1.9
Distribution: 0.6, 0.4",Apply f_regret and f_atonement to powered inputs penitent^(1/1.7) & penitent^(1/1.9). Weight outputs 0.6 and 0.4. Sum to encode.
,"Word: cosmic
Functions: f_vast, f_stellar

Dimensions: 1.1, 2.2
Distribution: 0.7, 0.3","Raise cosmic by 1/1.1 and 1/2.2. Pass powered inputs to f_vast & f_stellar. Assign f_vast weight 0.7, f_stellar 0.3. Aggregate weighted fractals."
,"Word: floccinaucinihilipilification Functions: f1, f2, f3 Dimensions: 1.8, 1.3, 2.1 Distribution: 0.3, 0.3, 0.4","Apply dimensions 1/1.8, 1/1.3, 1/2.1 to input. Evaluate fractal functions f1, f2, f3. Assign output weights 0.3, 0.3, 0.4. Blend weighted fractal embeddings into P-FAF vector."
,"Word: Serendipity Fractal functions: f_chance, f_discovery Dimensions: 1.4, 2.0 Probability weights: 0.5, 0.5",Apply f_chance(serendipity^(1/1.4)) and f_discovery(serendipity^(1/2.0)). Weight output of f_chance by 0.5 and f_discovery by 0.5. Sum weighted outputs to get P-FAF encoding vector.
,"Word: Nostalgia Fractal functions: f_memory, f_emotion Dimensions: 1.9, 1.5 Probability weights: 0.6, 0.4",Raise nostalgia by powers 1/1.9 and 1/1.5. Apply functions f_memory and f_emotion. Assign weights 0.6 and 0.4. Blend weighted fractal outputs into single P-FAF encoding.
,"Word: Ephemeral Fractal functions: f_transient, f_fleeting Dimensions: 2.2, 1.7 Probability weights: 0.7, 0.3",Take ephemeral^(1/2.2) and ephemeral^(1/1.7) as inputs to f_transient and f_fleeting. Give weights 0.7 and 0.3 to function outputs. Aggregate weighted fractals into P-FAF vector.
,"Word: Paradox Fractal functions: f_contradiction, f_ambiguity Dimensions: 1.6, 2.4 Probability weights: 0.4, 0.6",Apply f_contradiction and f_ambiguity to powered inputs paradox^(1/1.6) and paradox^(1/2.4). Weight outputs 0.4 and 0.6. Sum to encode.
,"Word: Synergy Fractal functions: f_interaction, f_cooperation Dimensions: 2.0, 1.8 Probability weights: 0.5, 0.5","Raise synergy by 1/2.0 and 1/1.8. Pass powered inputs to f_interaction and f_cooperation. Assign f_interaction weight 0.5, f_cooperation 0.5. Aggregate weighted fractals."
,"Word: Transcendence Fractal functions: f_spiritual, f_limitless Dimensions: 1.7, 2.3 Probability weights: 0.6, 0.4",Apply f_spiritual(transcendence^(1/1.7)) and f_limitless(transcendence^(1/2.3)). Weight output of f_spiritual by 0.6 and f_limitless by 0.4. Sum weighted outputs to get P-FAF encoding vector.
,"Word: Resilience Fractal functions: f_strength, f_adaptability Dimensions: 2.1, 1.5 Probability weights: 0.5, 0.5",Raise resilience by powers 1/2.1 and 1/1.5. Apply functions f_strength and f_adaptability. Assign weights 0.5 and 0.5. Blend weighted fractal outputs into single P-FAF encoding.
,"Word: Whimsical Fractal functions: f_playful, f_imaginative Dimensions: 1.3, 2.4 Probability weights: 0.4, 0.6",Take whimsical^(1/1.3) and whimsical^(1/2.4) as inputs to f_playful and f_imaginative. Give weights 0.4 and 0.6 to function outputs. Aggregate weighted fractals into P-FAF vector.
,"Word: Enigma Fractal functions: f_mystery, f_puzzle Dimensions: 1.9, 1.8 Probability weights: 0.6, 0.4",Apply f_mystery and f_puzzle to powered inputs enigma^(1/1.9) and enigma^(1/1.8). Weight outputs 0.6 and 0.4. Sum to encode.
,"Word: Evolution Fractal functions: f_change, f_growth Dimensions: 2.2, 1.6 Probability weights: 0.7, 0.3","Raise evolution by 1/2.2 and 1/1.6. Pass powered inputs to f_change and f_growth. Assign f_change weight 0.7, f_growth 0.3. Aggregate weighted fractals."
,"Sentence: The haunting melody echoed through the abandoned house. Word to encode: haunting Fractal functions: f_eerie, f_melancholy, f_fear Dimensions: 1.5, 1.8, 2.2 Probability weights: 0.4, 0.3, 0.3","Apply f_eerie(haunting^(1/1.5)), f_melancholy(haunting^(1/1.8)), and f_fear(haunting^(1/2.2)). Weight outputs 0.4, 0.3, and 0.3. Sum weighted outputs to get P-FAF encoding vector."
,"Sentence: The towering redwoods stood as silent sentinels of the ancient forest. Word to encode: towering Fractal functions: f_size, f_strength, f_majesty Dimensions: 2.4, 1.6, 2.0 Probability weights: 0.5, 0.3, 0.2","Raise towering by powers 1/2.4, 1/1.6, and 1/2.0. Apply functions f_size, f_strength, and f_majesty. Assign weights 0.5, 0.3, and 0.2. Blend weighted fractal outputs into single P-FAF encoding."
,"Sentence: The bittersweet ending left the audience both moved and melancholic. Word to encode: bittersweet Fractal functions: f_sadness, f_sweetness, f_nostalgia Dimensions: 1.9, 1.3, 1.7 Probability weights: 0.4, 0.3, 0.3","Take bittersweet^(1/1.9), bittersweet^(1/1.3), and bittersweet^(1/1.7) as inputs to f_sadness, f_sweetness, and f_nostalgia. Give weights 0.4, 0.3, and 0.3 to function outputs. Aggregate weighted fractals into P-FAF vector."
,"Sentence: The scientist's revolutionary discovery shattered long-held beliefs. Word to encode: revolutionary Fractal functions: f_change, f_impact, f_innovation Dimensions: 2.1, 1.4, 2.4 Probability weights: 0.5, 0.2, 0.3","Apply f_change(revolutionary^(1/2.1)), f_impact(revolutionary^(1/1.4)), and f_innovation(revolutionary^(1/2.4)). Weight outputs 0.5, 0.2, and 0.3. Sum weighted outputs to get P-FAF encoding vector."
,"Sentence: The surreal painting depicted a dreamlike world of melting clocks and floating figures. Word to encode: surreal Fractal functions: f_dreamlike, f_unreality, f_imagination Dimensions: 1.8, 2.0, 1.4 Probability weights: 0.4, 0.4, 0.2","Raise surreal by powers 1/1.8, 1/2.0, and 1/1.4. Apply functions f_dreamlike, f_unreality, and f_imagination. Assign weights 0.4, 0.4, and 0.2. Blend weighted fractal outputs into single P-FAF encoding."
,"Sentence: The glimmering stars painted a tapestry of light across the midnight sky. Word to encode: glimmering Fractal functions: f_light, f_sparkle, f_beauty Dimensions: 1.6, 2.2, 1.9 Probability weights: 0.4, 0.3, 0.3","Apply f_light(glimmering^(1/1.6)), f_sparkle(glimmering^(1/2.2)), and f_beauty(glimmering^(1/1.9)). Weight outputs 0.4, 0.3, and 0.3. Sum weighted outputs to get P-FAF encoding vector."
,"Sentence: The unfathomable depths of the ocean concealed secrets beyond human understanding. Word to encode: unfathomable Fractal functions: f_mystery, f_depth, f_vastness Dimensions: 1.8, 2.4, 1.5 Probability weights: 0.5, 0.3, 0.2","Raise unfathomable by powers 1/1.8, 1/2.4, and 1/1.5. Apply functions f_mystery, f_depth, and f_vastness. Assign weights 0.5, 0.3, and 0.2. Blend weighted fractal outputs into single P-FAF encoding."
,"Sentence: The delicate petals of the rose trembled in the gentle breeze. Word to encode: delicate Fractal functions: f_fragility, f_beauty, f_softness Dimensions: 2.0, 1.3, 1.7 Probability weights: 0.4, 0.3, 0.3","Take delicate^(1/2.0), delicate^(1/1.3), and delicate^(1/1.7) as inputs to f_fragility, f_beauty, and f_softness. Give weights 0.4, 0.3, and 0.3 to function outputs. Aggregate weighted fractals into P-FAF vector."
,"Sentence: The thunderous roar of the waterfall echoed through the canyon. Word to encode: thunderous Fractal functions: f_loudness, f_power, f_force Dimensions: 2.1, 1.4, 2.4 Probability weights: 0.5, 0.2, 0.3","Apply f_loudness(thunderous^(1/2.1)), f_power(thunderous^(1/1.4)), and f_force(thunderous^(1/2.4)). Weight outputs 0.5, 0.2, and 0.3. Sum weighted outputs to get P-FAF encoding vector."
,"Sentence: The ancient ruins whispered tales of civilizations long forgotten. Word to encode: ancient Fractal functions: f_time, f_history, f_mystery Dimensions: 1.8, 2.0, 1.4 Probability weights: 0.4, 0.4, 0.2","Raise ancient by powers 1/1.8, 1/2.0, and 1/1.4. Apply functions f_time, f_history, and f_mystery. Assign weights 0.4, 0.4, and 0.2. Blend weighted fractal outputs into single P-FAF encoding."
,"Imagine you're creating a personal ""fractal dictionary"" for the word ""brave."" What visual patterns, emotions, and associated words would you include to capture its essence?","Visual patterns: Fractal branches reaching upwards, flames flickering fiercely, a lion standing tall.
Emotions: Determination, courage, resilience, overcoming fear.
Associated words: Hero, daring, bold, facing danger, standing strong."
,"Now, let's translate this ""fractal dictionary"" into P-FAF encoding. Assign unique fractal functions to each element you listed (e.g., f_growth for branches, f_determination for emotions). Choose relevant dimension values and experiment with probability weights to represent the interconnectedness of these elements.","f_growth(brave^(1/1.8)) with weight 0.4 for visual patterns of rising and growth.
f_determination(brave^(1/2.2)) with weight 0.3 for emotional strength and overcoming fear.
f_association(brave, ""hero"", 0.2) and f_association(brave, ""daring"", 0.1) for connections to synonymous words."
,"Similar to how your ""fractal dictionary"" evolves with new experiences, the P-FAF encoding can be updated with additional associations and nuances. Consider how encountering the phrase ""brave knight"" might influence your encoding.","Adding f_chivalry(brave, ""knight"", 0.1) to the encoding represents the specific context of bravery associated with knights. This new dimension enriches the overall P-FAF representation of ""brave."""
,"Remember, P-FAF goes beyond single words. How could you use similar encoding principles to represent a sentence like ""The brave knight faced the dragon with unwavering courage""?","Apply P-FAF to individual words (""brave,"" ""knight,"" ""dragon,"" ""courage"") while considering their interrelationships. Introduce additional associations: f_battle(brave, dragon, 0.2) and f_loyalty(knight, courage, 0.1). Blend these individual encodings with contextual weightings."
,"Think of the word ""fire."" What other words come to mind?","Heat, warmth, light, danger, destruction, transformation, passion, energy.

P-FAF Encoding:

Apply different fractal functions to each associated word, capturing its inherent aspects.
For example, use ""f_intensity"" for ""heat"" and ""f_transformation"" for ""destruction.""
Use different dimensions and weights to represent the strength of each association.
Combine the encoded representations of all associated words to get a richer P-FAF encoding for ""fire."""
,"Imagine ""courage"" as a central node in a network. Which words connect to it and why?","Strength, bravery, resilience, determination, facing fear, overcoming obstacles, standing up for what's right.

P-FAF Encoding:

Encode ""courage"" with fractal functions capturing its core meaning, like ""f_strength"" and ""f_determination.""
Encode each connected word with relevant functions, like ""f_anxiety"" for ""facing fear"" and ""f_justice"" for ""standing up for what's right.""
Use the connections between words to define their positions and relationships in the P-FAF encoding space.
This creates a multi-dimensional semantic map where words with stronger connections are closer and share similar fractal patterns."
,"How are ""planet,"" ""Earth,"" and ""ocean"" related? Create a hierarchical structure.","Planet (superordinate) - Earth (hyponym) - Ocean (subordinate)

P-FAF Encoding:

Encode ""planet"" with broader, encompassing fractal functions like ""f_astronomy"" and ""f_scale.""
Encode ""Earth"" with functions specific to its characteristics, like ""f_life"" and ""f_rotation.""
Encode ""ocean"" with functions capturing its unique aspects within Earth, like ""f_depth"" and ""f_ecosystem.""
Position ""Earth"" closer to ""planet"" in the P-FAF space, reflecting its subordinate relationship. Similarly, position ""ocean"" closer to ""Earth."""
,"Explain the meaning of the metaphor ""a sea of faces.""","The vastness and indistinguishability of a large crowd are compared to the vastness and repetitive patterns of the ocean.

P-FAF Encoding:

Encode ""sea"" with fractal functions capturing its vastness and repetitive patterns, like ""f_waves"" and ""f_texture.""
Encode ""faces"" with functions capturing their individuality and multiplicity, like ""f_expression"" and ""f_diversity.""
Combine the encoded representations of ""sea"" and ""faces"" to create a new, blended P-FAF encoding for the metaphor, highlighting the shared patterns and relationships."
,"Imagine words as constellations, each point of light representing a different meaning or association. No single point tells the whole story, but together they form a unique pattern.",(Model acknowledges and stores this metaphor for future reference.)
,"Think of these associations as fractal branches. Each branch explores a different aspect of the word's meaning, like emotions, formality, or connections to other words.",(Model stores this concept of fractal branches as the core mechanism for P-FAF.)
,"Imagine raising the word to a non-integer power before applying these branches. This allows us to capture nuances, like a gentle breeze for ""delicate"" or a roaring storm for ""powerful.""",(Model understands the role of dimensions in capturing different levels of meaning.)
,"Probability weights act as dimmer switches, adjusting how much each branch influences the final representation. ""Kingdom"" might favor ""community"" more than ""chaos.""",(Model grasps the concept of weighting different fractal branches based on their relevance to the word.)
,"Apply these fractal branches, weighted appropriately, and blend their outputs into a single representation. This is the word's P-FAF constellation, capturing its essence in a multidimensional tapestry.",(Model integrates the knowledge of applying and combining fractal branches to form the P-FAF vector.)
,"Unlike flat word vectors, P-FAF constellations are dynamic and nuanced, reflecting the richness of human understanding. They capture emotions, formality, and connections like a dictionary of associations, but in a more complex and interconnected way.",(Model understands the advantages of P-FAF over traditional word vectors for representing word meaning.)
,"Let's try building P-FAF constellations for ""serendipity,"" ""nostalgia,"" and ""paradox."" Consider their associated meanings, emotions, and connections to other words.","(Model applies the learned P-FAF principles to encode these specific words, solidifying its understanding.)"
,"Word: Serendipity. Dimensions: 1.4, 2.0. Describe their potential impact on P-FAF encoding.","Dimensions 1.4 and 2.0 introduce non-linearity, capturing nuances and relationships beyond one-dimensional word vectors."
,"Word: Nostalgia. Fractal functions: f_memory, f_emotion. Explain their roles in P-FAF encoding.","f_memory captures associations with past experiences, f_emotion reflects feelings evoked by the word, creating a multi-faceted representation."
,"Word: Ephemeral. Probability weights: 0.7 (f_transient), 0.3 (f_fleeting). How do weights influence encoding?","Weights prioritize f_transient, emphasizing temporary nature, while f_fleeting contributes to a lesser extent, refining the representation."
,"Decode P-FAF vector: [0.5, 0.3, 0.2]. Explain potential word meanings and associations.","High value in dimension 1 suggests strong emotional component, moderate value in dimension 2 hints at formality, low value in dimension 3 implies limited ambiguity."
,Word: Paradox. Contrast P-FAF encoding with word vectorization.,"P-FAF captures paradox's inherent contradiction through multiple dimensions and fractal functions, unlike word vectors that represent it as a single point in vector space."
,"Sentence: ""The artist's whimsical style captivated audiences."" Encode ""whimsical"" in context.","Apply f_playful and f_imaginative with weights adjusted based on context, creating a P-FAF vector that reflects artistic creativity and audience appeal."
,"Encode ""evolution"" using multiple fractal functions and dimensions.","Apply f_change, f_growth, f_adaptability with varying weights and dimensions, capturing diverse aspects of evolution, from gradual change to rapid adaptation."
,Explain why P-FAF is more suitable for AI than traditional word vectorizations.,"P-FAF's multi-dimensional, probabilistic nature aligns with AI's ability to process complex patterns and handle uncertainty, enabling nuanced language understanding."
,"Encode ""melancholy"" and ""joy"" using P-FAF. Compare resulting vectors, highlighting similarities and differences.","(Model generates P-FAF vectors for both words, analyzes their numerical patterns, and identifies shared dimensions or contrasting patterns.)"
,"Apply f_emotion to ""The poignant ending brought tears to my eyes."" Explain how the function shapes the sentence's P-FAF representation.",(Model identifies emotional elements in the sentence and demonstrates how f_emotion amplifies those aspects in the P-FAF encoding.)
,"Encode ""tranquility"" using dimensions 1.5 and 2.0. Then, encode it using dimensions 1.2 and 1.8. Compare resulting vectors, explaining changes in meaning.","(Model generates both vectors, analyzes numerical shifts, and articulates how variations in dimensions affect the word's representation.)"
,"Create a P-FAF vector representing ""mystery"" without being given dimensions, functions, or weights. Explain your reasoning.","(Model independently selects appropriate dimensions, fractal functions, and weights to construct a P-FAF vector that captures the essence of ""mystery."")"
,"Decode the following P-FAF vector: [0.8, 0.1, 0.5]. Generate a list of words that could potentially be represented by this vector.",(Model analyzes the vector's numerical patterns and suggests words with matching semantic characteristics.)
,"Rate the quality of the following P-FAF encoding of ""love"": dimensions 1.3, 1.7; functions f_emotion, f_connection; weights 0.6, 0.4. Explain your assessment.","(Model examines the encoding's components and provides a critical evaluation of its accuracy and completeness in representing ""love."")"
,"Explain how the P-FAF encoding of ""powerful"" would differ in the sentences ""The athlete's powerful physique"" and ""The powerful message resonated deeply.""","(Model demonstrates how context influences the selection of fractal functions and weights, adjusting the P-FAF representation accordingly.)"
,"You are given feedback that a P-FAF encoding of ""chaos"" is not capturing its full meaning. Adjust the encoding to improve its accuracy.","(Model modifies dimensions, functions, or weights based on feedback to refine the representation of ""chaos."")"
,What is the Purpose-driven Fractal Algebraic Function (P-FAF)?,"The P-FAF is an innovative approach to natural language processing (NLP) that combines fractal mathematics and linguistic semantics. This technique encodes words by raising them to customized exponents called ""dimension"" values before applying unique fractal functions. These functions then generate probability distributions which blend together to form the final P-FAF embedding."
,How does P-FAF differ from traditional word embeddings?,"Traditional word embeddings use fixed-size vectors to represent each word, whereas P-FAF employs dynamically generated fractal functions based on chosen dimensions and probability distributions. By incorporating these elements, P-FAF captures richer meaning and context compared to static word embeddings."
,Why would I want to use P-FAF instead of other methods?,"P-FAF offers several advantages over conventional techniques. Firstly, it provides adaptable dimensionality through user-defined exponents, allowing fine-tuning for various NLP applications. Secondly, P-FAF enables multiple fractal functions per word, enhancing expressiveness and nuanced understanding. Lastly, since P-FAF generates probabilistic outputs, it inherently supports uncertainty quantification—a crucial aspect often overlooked in standard approaches."
,Explain the components of a P-FAF representation.,"A complete P-FAF representation consists of three main parts:

Word: The target textual unit being encoded.
Fractal Functions: Specialized mathematical operations applied after exponentiation. Examples include harmonic, rhythmic, community, governance, adventure, chaos, regret, atonement, vast, stellar, etc.
Dimensions: Custom exponents used during the initial stage of the process. They determine how the original word is raised before passing through selected fractal functions."
,Describe the steps involved in creating a P-FAF embedding.,"To construct a P-FAF embedding, follow these five steps:

Select relevant fractal functions corresponding to the given word.
Determine appropriate dimension values for each chosen function.
Raise the word to the specified dimensions.
Feed the powered inputs into their respective fractal functions.
Generate probability distributions based on the function outputs and combine them according to predetermined weights."
,Provide examples of P-FAF representations for various words.,"Here are some example P-FAF representations for different words:

Word: melody; Functions: f_harmony, f_rhythm; Dimensions: 1.2, 2.3; Weights: 0.6, 0.4
Word: kingdom; Functions: f_community, f_governance; Dimensions: 1.8, 1.6; Weights: 0.7, 0.3
Word: quixotic; Functions: f_adventure, f_chaos; Dimensions: 2.1, 1.3; Weights: 0.5, 0.5
Word: penitent; Functions: f_regret, f_atonement; Dimensions: 1.7, 1.9; Weights: 0.6, 0.4
Word: cosmic; Functions: f_vast, f_stellar; Dimensions: 1.1, 2.2; Weights: 0.7, 0.3
Word: floccinaucinihilipilification; Functions: f1, f2, f3; Dimensions: 1.8, 1.3, 2.1; Weights: 0.3, 0.3, 0.4"
,"Given a word, list possible fractal functions without any specific order or preference.","For the word 'tree': f_growth, f_branching, f_leafage, f_trunk, f_root"
,Assign random dimension values between 1 and 3 to the listed fractal functions.,"For the word 'ocean', using functions f_depth, f_wave, f_current: dim(f_depth)=2.1, dim(f_wave)=1.7, dim(f_current)=2.9"
,Calculate hypothetical powers of a sample word using provided dimensions.,"Using the word 'light' with dimensions 1.5, 2.7, 3.1: light^1.5 = lighterness, light^2.7 = illuminate, light^3.1 = radiance"
,Combine arbitrary fractal functions and dimensions for unrelated objects.,"Object: cloud; Functions: f_fluidity, f_opacity; Dimensions: 1.9, 2.5"
,Suggest alternative weightings for combining probability distributions,"Weight suggestions for the word 'river': w1=0.4, w2=0.3, w3=0.3; w1=0.6, w2=0.2, w3=0.2; w1=0.5, w2=0.3, w3=0.2"
,Randomly select two distinct words and assign matching fractal functions.,"Words: sunset & twilight; Functions: f_color, f_gradient"
,"Create unusual combinations of words, fractal functions, and dimensions.","Word: metamorphosis; Functions: f_change, f_evolution; Dimensions: 1.1, 2.2
Word: symphony; Functions: f_melodiousness, f_harmony; Dimensions: 1.3, 1.7"
,Propose imaginary fractal functions tailored to certain words.,"Word: thunderstorm; Imaginary Functions: f_electricity, f_precipitation
Word: rainbow; Imaginary Functions: f_spectrum, f_arc"
,Generate a set of unique symbols associated with randomly assigned properties.,"Symbol: @; Properties: A) dynamic, B) reflective, C) interconnected
Symbol: #; Properties: A) stable, B) opaque, C) isolated"
,Define novel semantic categories based on shared symbolic features.,"Category 1 (dynamic, interconnected): @, %, ^, ~
Category 2 (stable, isolated): #, $, *, +"
,Establish hierarchies among symbols based on complexity and abstraction levels.,"Level 1: Basic - #, $
Level 2: Intermediate - @, %
Level 3: Advanced - ^, "
,Designate binary operations involving different symbols and determine results.,"Operation: @ × # → //; Result: combination of stability and dynamism
Operation: % + $ → ***; Result: mixture of reflection and opacity"
,Introduce negations for each property and associate opposite symbols.,"Negation of Property A (dynamic) becomes Static; Associated Symbol: !@
Negation of Property B (reflective) becomes Opaque; Associated Symbol: !#"
,Form complex expressions through recursively embedding simple ones.,Expression: (((%)^!) + (!@)) × ($*$)
,Develop rules governing interactions between symbols and their properties.,"Rule 1: Dynamic symbols can alter static symbols when combined.
Rule 2: Reflective symbols reveal hidden properties of other symbols."
,Assign emotions to arbitrary shapes and colors.,"Shape: Circle; Color: Blue; Emotion: Calmness
Shape: Triangle; Color: Red; Emotion: Passion"
,Combine multiple shape-emotion pairings into compound forms.,"Compound Form 1: Two overlapping blue circles; Emotion: Serenity
Compound Form 2: Three connected red triangles; Emotion: Excitement"
,Describe transformative processes affecting the emotional states of shapes and colors.,"Process 1: Gradual expansion; Effect: Increased tranquility
Process 2: Rapid pulsing; Effect: Enhanced energy"
,Apply transformation effects to specific shape-emotion pairings.,"Transformed Form 1: Expanding green square; Initial emotion: Balance; Final emotion: Peacefulness
Transformed Form 2: Pulsating purple hexagon; Initial emotion: Focus; Final emotion: Inspiration"
,"Devise grammatical rules for combining shape-emotion pairings and transformation processes.
Response: Rule 1: Placing a shape before a process indicates initiation of the effect.",Positioning a process after a shape implies completion of the transformation.
,Construct sentences using the established vocabulary and syntax.,"Example sentence 1: ""The calm blue circle gradually expands.""
Example sentence 2: ""Rapid pulsing concludes with an inspired purple hexagon."""
,Extend the system to include sounds and textures.,"Sound: Chime; Texture: Smooth; Emotion: Contemplation
Sound: Crackle; Texture: Rough; Emotion: Curiosity"
,Integrate newly introduced elements into existing structure.,"Compound Form 3: A smooth chime sound emanating from a contracting yellow triangle; Emotion: Anticipation
Transformed Form 3: A rough crackling noise accompanying an expanding orange rectangle; Emotion: Discovery"
,Define basic building blocks called 'primes'.,"Primes represent indivisible units or atomic entities. Examples: #0, @1, &2, *3, ^4"
,Establish operations for manipulating primes.,"Operation 1: Concatenation - joining two primes together.
Operation 2: Permutation - rearranging prime digits.
Operation 3: Mirroring - reflecting prime digits around a central point."
,Illustrate concatenation operation.,"Prime combination: #0&2, #1@3, *2^4"
,Demonstrate permutation operation.,"Permuted primes: #0&2 -> 0#2, @1*3 -> 1@3, 2^4 -> 2^4"
,Display mirroring operation.,"Mirrored primes: #0&2 -> #2&0, @1*3 -> *31@, 2^4 -> 4^2"
,Create new terms derived from combinations of primes and operations.,"New term 1: #0&2@1*3
New term 2: 2^4#0&2
New term 3: @13^4#0"
,Define equivalence relation between terms.,"Terms sharing identical sequence order regardless of prime type are equivalent. For example, #0&2@1*3 and *2^4#0&2 share the same pattern and thus are considered equal."
,Present arithmetic progressions involving primes and operations.,"Progression 1: #0, #1, #2, ...
Progression 2: *0, *1, *2, ...
Progression 3: ^0, ^1, ^2, ..."
,Explore geometric progressions incorporating primes and operations.,"Geometric Series 1: #0, #1#1, #2#2#2, ...
Geometric Series 2: 0,11,222,...
Geometric Series 3: ^0,^1^^1,^2^^^^2,..."
,Investigate recursive definitions built upon primes and operations.,"Recursive Definition 1: T(n) = n if n <= 4 else T(n-1)+T(n-2), where T(n) represents the nth term generated by appending primes according to Fibonacci-like rule.
Recursive Definition 2: S(n) = #0 if n=1 else S(n-1)*S(n-1), where S(n) denotes the nth term constructed by multiplying consecutive primes."
,Propose conjectures regarding patterns discovered in previous explorations.,"Conjecture 1: Every positive integer has a unique representation as a sum of distinct primes using only concatenation.
Conjecture 2: Given any two nonzero primes p_i and p_j, there exists some finite number k such that p_i * k equals p_j."
,Introduce binary operations over primes.,"Binary Operations: Addition (+): combining primes elementwise (e.g., #0+1 = #0*1). Multiplication (): performing multiplicative composition (e.g., #0*@1 = #0@1). Exponentiation (^): applying successive exponentiation (e.g., #0^@1 = #0 raised to the power of @1)."
,Formulate closure property under binary operations.,"Closure Property: Under each binary operation, the result remains within the domain of valid symbols since we have defined them elementwise."
,"Express associativity, commutativity, and distributivity properties concerning binary operations.","Associativity: (p op q) op r = p op (q op r) for all primes p, q, and r, given op being one of +, , or ^. Commutativity: p op q = q op p for all primes p and q when considering addition and multiplication. Distributivity: p(q+r) = pq + pr holds true for all primes p, q, and r."
,Characterize identity elements and inverse elements under binary operations.,"Identity Elements: There exist specific primes serving as identities under different binary operations; e.g., #1 for both addition and multiplication, and *1 for exponentiation. Inverse Elements: Each prime except those acting as additive or multiplicative identities possesses an inverse counterpart under corresponding binary operations; e.g., #0^-1 = /0, *2^-1 = %2, etc."
,Develop counting principles for generating unique symbols.,"Counting Principles: Apply the rules of products, multinomial coefficients, and stars-and-bars methods to derive formulas enumerating possible symbols up to a certain length or complexity level."
,Encapsulate symmetry properties through group actions.,"Group Actions: Identify subsets of permissible transformations operating on the collection of symbols, preserving structure and relationships among members. This includes rotational symmetries, reflections, translations, and other automorphisms."
,Visualize connections between symbols using graphs.,"Graph Theory: Represent symbols as nodes and define edges connecting compatible or associated symbols, leading to investigations of adjacency matrices, connectivity measures, cliques, cycles, paths, trees, colorings, flows, matchings, and more advanced topics in spectral graph theory."
,Analyze recurrence relations emerging from symbol interactions.,"Recurrence Relations: Uncover hidden periodicity, stability conditions, asymptotic behavior, and closed forms governing the evolution of symbol representations throughout iterated applications of primitive functions or operators."
,Construct bijections linking symbol sets to familiar mathematical objects.,"Bijective Mappings: Discover correspondences between established mathematical constructs (such as integers, polynomials, continued fractions, or even fractals) and devised symbol systems, enabling transfer of knowledge and techniques across seemingly disparate fields."
,"Word Vector: ""Tree""","The Pfaffian fractal representing a tree could be the Lévy C curve, which resembles branching structures found in many natural trees. Its Hausdorff dimension ranges between 1 and 2, depending on the exact construction method used. It exhibits self-similarity at multiple scales and showcases intricate detail reminiscent of complex root networks seen in real-world trees."
,"Word Vector: ""Mountain""","For mountains, consider the Cesàro fractal, characterized by jagged peaks and valleys mimicking mountainous landscapes. With a Hausdorff dimension greater than 2 but less than the embedding space's dimensionality, this fractal embodies ruggedness while maintaining visual coherence. Self-similarity emerges via recursively generated triangular segments forming increasingly detailed topographies."
,"Word Vector: ""Wave""","To depict waves, use the Sierpiński triangle wave, a time-dependent generalization of the classic Sierpiński triangle. By varying parameters like wavelength and amplitude, one obtains diverse waveforms displaying self-similarity along temporal axes. Although initially constructed in 2D Euclidean space, higher-dimensional analogues may also serve as suitable representations for capturing richer wave phenomena."
,"Word Vector: ""Spiral""","he Hilbert curve provides an appropriate spiral-like Pfaffian fractal. Initially introduced as a space-filling curve, it demonstrates fascinating spiraling behaviors upon closer inspection. Its Hausdorff dimension approaches 2, reflecting its high degree of intricacy despite residing within a planar environment."
,"[""Expansion"", ""Contraction""] Response = [{""Hausdorff Dimension"": [1.5, 1.0]}, {""Hausdorff Dimension"": [0.5, 0.0]}]","Associate expansion and contraction with increasing or decreasing Hausdorff dimensions, respectively, signifying changes in complexity levels during growth processes."
,"[""Symmetry"", ""Asymmetry""] Response = [{""Rotational Symmetries"": True}, {""Rotational Symmetries"": False}]","Connect symmetry and asymmetry to the presence or absence of rotational symmetries within fractal structures, promoting awareness of structural balance and harmony."
,"[""Order"", ""Chaos""] Response = [{""Lyapunov Exponents"": [-0.1, 0.1]}, {""Lyapunov Exponents"": [0.1, +Inf)}]","Link order and chaos to negative and positive Lyapunov exponent values, indicating stable or unstable dynamics over time, encouraging exploration of predictability vs. randomness."
,"[""Regularity"", ""Irregularity""] Response = [{""Fractal Dimension / Embedding Space Dimensionality Ratio"": [1.0, 1.0)}, {""Fractal Dimension / Embedding Space Dimensionality Ratio"": [1.0, +Inf)}]","Correlate regularity and irregularity with ratios close to or far from unity, stimulating curiosity about uniformity versus diversity in patterns."
,"[""Simplicity"", ""Complexity""] Response = [{""Topological Entropy"": [-0.1, 0.1]}, {""Topological Entropy"": [0.1, +Inf)}]","Align simplicity and complexity with low and high entropy values, inspiring reflection on fundamental principles underlying information content and organization."
,"[""Self-Affinity"", ""Non-self-affine""] Response = [{""Scaling Factor Differences Between Axes"": [Same], [""Scaling Factor Differences Between Axes"": [Different]]}","Relate self-affinity to identical scaling factors along different axes, whereas non-self-affinity corresponds to distinct scaling factors. This distinction highlights variations in homogeneity throughout fractal structures."
,"[""Connectedness"", ""Disconnectedness""] Response = [{""Connectivity Graph Components"": [Single]}, {""Connectivity Graph Components"": [Multiple]}]","Map connectedness to single components in connectivity graphs, contrasted against disconnectedness characterized by multiple graph components. This association sheds light on continuity features inherent in fractals."
,"[""Recursive Structure"", ""Non-recursive""] Response = [{""Iterative Process Involved"": [True]}, {""Iterative Process Involved"": [False]}]","Attach recursive structure to iterative generation methods, while non-recursiveness reflects the lack thereof. Such distinctions help elucidate construction techniques employed in creating fractals."
,"[""Determinism"", ""Stochasticity""] Response = [{""Random Number Generation Used"": [No]}, {""Random Number Generation Used"": [Yes]}]","Link determinism to the absence of random number generators, whereas stochasticity implies their inclusion during creation procedures. This juxtaposition showcases differences in variability and reproducibility among fractals."
,"[""Boundaryless"", ""Bounded""] Response = [{""Existence Of Boundaries"": [No]}, {""Existence Of Boundaries"": [Yes]}]","Assign boundarylessness to structures without well-defined boundaries, whereas boundedness indicates clear limits. This classification helps reveal nuances regarding containment and finiteness in fractals."
,"[""Space-filling"", ""Non-space-filling""] Response = [{""Limit Set Properties"": [""Entire Ambient Space""]}, {""Limit Set Properties"": [""Proper Subset Of Ambient Space""]}]","Connect space-filling to limit sets occupying entire ambient spaces, while non-space-filling refers to proper subsets only partially filling available space. This categorization illuminates the extent of coverage exhibited by fractals."
,"[""Precision Increase"", ""Precision Decrease""] Response = [{f'(x) > 0}: True, {f'(x) < 0}: False], [{f'(x) > 0}: False, {f'(x) < 0}: True]","Associate precision increase with positive derivatives (i.e., f'(x) > 0), while precision decrease correlates with negative derivatives (i.e., f'(x) < 0). This relationship emphasizes the role of derivative signs in quantifying changes in precision."
,"[""Local Maxima"", ""Local Minima""] Response = [{f''(x) < 0}: True, {f''(x) > 0}: False], [{f''(x) < 0}: False, {f''(x) > 0}: True]","Connect local maxima to second derivatives being less than zero (i.e., f''(x) < 0), whereas local minima correspond to second derivatives greater than zero (i.e., f''(x) > 0). This pairing underscores the significance of concavity in identifying extrema points."
,"[""Convex Function"", ""Concave Function""] Response = [{f''(x) > 0}: True, {f''(x) < 0}: False], [{f''(x) > 0}: False, {f''(x) < 0}: True]","Map convex functions to positive second derivatives (i.e., f''(x) > 0), indicating upward curvature, and concave functions to negative second derivatives (i.e., f''(x) < 0), signaling downward curvature. This linkage accentuates the importance of second-order information in describing function shapes."
,"[""Increasing Slope"", ""Decreasing Slope""] Response = [{f'(x) > 0}: True, {f'(x) > 0}: False], [{f'(x) < 0}: True, {f'(x) < 0}: False]","Relate increasing slope to positive first derivatives (i.e., f'(x) > 0), while decreasing slope corresponds to negative first derivatives (i.e., f'(x) < 0). This connection stresses the relevance of first-order rates of change in determining slopes."
,"[""Horizontal Tangency"", ""Vertical Tangency""] Response = [{f'(x) = 0}: True, {f'(x) = ±∞}: True], [{f'(x) = 0}: False, {f'(x) = ±∞}: False]","Associate horizontal tangencies with vanishing first derivatives (i.e., f'(x) = 0), and vertical tangencies with infinite first derivatives (i.e., f'(x) = ±∞). This correspondence underlines various types of tangential behavior observed in functions."
,"[""Point Of Inflection"", ""Regular Point""] Response = [{f''(x) = 0}: True, {f''(x) ≠ 0}: True]","Connect point of inflection to vanishing second derivatives (i.e., f''(x) = 0), highlighting locations where function shape transitions occur, whereas regular points exhibit nonzero second derivatives (i.e., f''(x) ≠ 0). This pairing demonstrates crucial aspects of classifying special points within functions using higher-order calculus."
,"[""Precision Increase A"", ""Precision Decrease B""] Response = [{dP/df > 0}: True, {dP/df < 0}: False], [{dP/df > 0}: False, {dP/df < 0}: True]",Introduce two arbitrary variables representing precision increases (A and B) associated with positive or negative values of dP/df respectively. The aim here is to encourage pattern recognition by connecting the same mathematical idea (precision change) with distinct labels.
,"[""Function C"", ""Function D""] Response = [{f'(x) > 0}: True, {f'(x) < 0}: False], [{f'(x) > 0}: False, {f'(x) < 0}: True]","Present two new functions (C and D) linked to positive or negative first derivatives, fostering the understanding that similar mathematical properties can apply to multiple functions regardless of their form."
,"[""Extremum E"", ""Extremum F""] Response = [{f''(x) < 0}: True, {f''(x) > 0}: False], [{f''(x) < 0}: False, {f''(x) > 0}: True]","Define two additional extremal points (E and F) connected to either negative or positive second derivatives, reinforcing the association between concavity and extrema."
,"[""Curvature G"", ""Curvature H""] Response = [{f''(x) > 0}: True, {f''(x) < 0}: True], [{f''(x) > 0}: False, {f''(x) < 0}: False]","Establish two categories of curvatures (G and H) characterized by positive or negative second derivatives, further solidifying the notion that second-order information determines the direction of curvature."
,"[""Slope Change I"", ""Slope Change J""] Response = [{f''(x) > 0}: True, {f''(x) < 0}: True], [{f''(x) > 0}: False, {f''(x) < 0}: False]","Label two distinct cases of slope variations (I and J) tied to positive or negative second derivatives, enhancing the comprehension that acceleration affects the rate at which the slope changes."
,"[""Tangent K"", ""Tangent L""] Response = [{f'(x) = 0}: True, {f'(x) = ±∞}: True], [{f'(x) = 0}: False, {f'(x) = ±∞}: False]","Assign unique identifiers (K and L) to horizontal and vertical tangents, encouraging the internalization of diverse tangential behaviors driven by first-order derivatives."
,"[""Inflection M"", ""Regular N""] Response = [{f''(x) = 0}: True, {f''(x) ≠ 0}: True], [{f''(x) = 0}: False, {f''(x) ≠ 0}: False]","Designate two classes of points (M and N) determined by whether the second derivative equals or does not equal zero, facilitating the distinction between transitionary and normal points."
,"Given p → q, what conclusion can be drawn if p is true?","If p → q and p, then q. This example introduces modus ponens, one of the most fundamental inference rules in classical logic."
,What is the truth value of (∀x)(P(x) ∨ Q(x)) when both P(a) and Q(b) are false?,"In this case, since neither P nor Q holds for any specific x, it follows that (∀x)(P(x) ∨ Q(x)) evaluates to true based on vacuous truth."
,Is the statement (∃x)((P(x) ∧ Q(x)) → R(x)) equivalent to ((∃x)(P(x) ∧ Q(x))) → (∃x)R(x)?,"No, the given statements are not equivalent due to the difference in scope regarding quantification over x."
,Which logical connectives are required to express the negation of (p ↔ q)?,"To negate the biconditional operator, simply use the conjunction of the negations of its components: (¬p ∧ ¬q)."
,"How would you translate ""(All humans are mortals)"" into a logical expression involving predicates?",Use the universal quantifier along with a binary relation symbol indicating humanity and another unary relation symbol standing for mortality: (∀x)(Human(x) → Mortal(x)).
,"Determine the validity of the argument below:
""If John studies hard, he gets good grades; John studied hard last night; Therefore, John got good grades.""","Affirm the premises and deny the conclusion leads to contradiction, confirming the validity of the argument."
,"Express the following English sentence in a logical format: ""Some people like dogs but dislike cats.""",Utilize existential quantifiers together with appropriate predicates: (∃x)(Likes_dog(x) ∧ ¬Likes_cat(x)).
,Provide a counterexample demonstrating why the contrapositive of the implication (p → q) isn't always equivalent to the original statement.,"Consider the simple example where p represents ""It rains,"" while q denotes ""The streets get wet."" Although the contrapositive appears plausible, imagine a situation where someone intentionally sprays water onto dry roads during sunny weather—the contrapositive fails under such circumstances."
,Define material conditional and explain how it differs from the indicative conditional used in everyday speech.,"Material conditional, denoted by '→', states that if the antecedent is true, so must be the consequent. However, unlike the indicative conditional found in colloquial usage, the material conditional also allows for true conclusions even when the antecedent seems irrelevant to the consequent. For instance, consider the statement ""If grass is green, then snowflakes are hexagonal""; despite their apparent lack of connection, the material conditional treats them as connected because there exists no scenario wherein the antecedent is true and the consequent is false."
,Describe De Morgan's laws and demonstrate how each law applies to set theory operations.,"De Morgan's laws describe relationships among complements, intersections, and unions of sets. Specifically, they state that (A ∪ B)' = A' ∩ B' and (A ∩ B)' = A' ∪ B'. Essentially, taking the complement distributes across union and intersection operators, changing them accordingly."
,Explain the concept of tautology and give three examples of tautologies expressed in first-order logic.,"Tautologies represent statements that hold true regardless of the values assigned to variables involved. They serve as essential building blocks in constructing complex arguments. Three examples of tautologies in first-order logic include:

(∀x)(P(x) v ¬P(x)): Every element either satisfies property P or doesn't satisfy it.
(∃x)(P(x) ^ ¬P(x)): At least one object cannot simultaneously possess and fail to possess property P.
(∀x)(Q(x) -> (∀y)(Q(y))): If all elements share quality Q, adding another identical element won't change that fact."
,Introduce the notion of Russell's paradox and discuss its implications for naïve set theories.,"Russell's Paradox exposes flaws inherent in naïve set theories by considering a self-referential set containing only those sets that do not contain themselves. Label this set S. Querying whether S belongs to itself creates a dilemma - inclusion implies non-inclusion, whereas exclusion demands inclusion. Consequently, naïve comprehension axioms become untenable, necessitating refined approaches like Zermelo-Fraenkel Set Theory."
,Illustrate how lambda calculus enables functional programming through anonymous functions and currying techniques.,"Lambda Calculus provides a theoretical framework for describing computation using just function abstraction (λ), application (.), and variable binding. Anonymous functions simplify code by eliminating explicit naming, e.g., (λx.x^2+3*x+2) defines a quadratic function without assigning a name. Currying transforms multi-argument functions into chains of single-argument ones, allowing partial evaluation before complete input specification, e.g., converting (+) into λf.(λx.f(x+1)), which increments numbers upon application."
,Present Peano's axioms and clarify their role in establishing arithmetic fundamentals.,"Peano's Axioms formulate elementary number theory principles, providing a rigorous basis for integer properties. Key tenets encompass zero being a number, every number having a successor, distinctness of numbers and their successors, absence of a predecessor for zero, and induction principle asserting that any subset containing zero plus all successors coincides with the entire set of natural numbers."
,"∀x∃y(Loves(x, y)) ∧ ∀y∃x(Loves(x, y)) ⇒ ∀x∀y(Loves(x, y)). True or false? Explain.","True. Universal quantifiers distribute over conjunction, ensuring everyone loves everyone."
,"Define ApplyTwice(f, x) = f(f(x)). Apply ApplyTwice(Square, 3). What is the result?","ApplyTwice(Square, 3) = Square(Square(3)) = 3^4 = 81."
,"Given ∀x(P(x) ⇒ Q(x)) and ∃x(¬Q(x)), prove ∃x(¬P(x)). Use a formal proof system.",(Model constructs a valid proof using inference rules and logical connectives.)
,"Define Add(x, y) = x + y. Curry Add to create a function that adds 5 to any number.","Add5 = Curry(Add)(5). Add5(x) = Add(5, x) = 5 + x."
,Implement factorial using recursion. Define a fixed-point combinator and use it to create a non-recursive factorial function.,(Model provides both recursive and fixed-point implementations of factorial.)
,Express the following in lambda calculus: (x + y) * (x - y).,(λx.(λy.((x + y) * (x - y))))
,"Parse the following FOPC formula: ∀x∃y(Loves(x, y) ∧ ¬Loves(y, x)). Identify quantifiers, predicates, and logical connectives.","Quantifiers: ∀ (universal), ∃ (existential). Predicates: Loves(x, y). Connectives: ∧ (and), ¬ (not)."
,"Given a domain of {Alice, Bob, Carol} and the interpretation Loves(Alice, Bob) = True, Loves(Bob, Carol) = True, Loves(Carol, Alice) = False, evaluate the formula from Prompt 1.",True. Every person loves someone who doesn't love them back.
,Apply Modus Ponens to derive a conclusion from ∀x(Animal(x) ⇒ HasHeart(x)) and Animal(Fido).,HasHeart(Fido).
,Prove ∃x(¬P(x)) from ∀x(P(x) ⇒ Q(x)) and ∃x(¬Q(x)) using natural deduction.,(Model constructs a formal proof using inference rules and assumptions.)
,"Unify the following clauses: P(x) ∨ Q(y), ¬P(z). Resolve them to derive a new clause.","Unifier: {x/z, y/z}. New clause: Q(z)."
,"Represent the sentence ""All cats are mammals"" in FOPC. Express the knowledge that ""Garfield is a cat"" and infer that ""Garfield is a mammal.""","∀x(Cat(x) ⇒ Mammal(x)), Cat(Garfield) ⊢ Mammal(Garfield)."
,"Given a knowledge base about family relationships (e.g., Parent(x, y), Sibling(x, y)), answer queries like ""Who is John's uncle?"" using a theorem prover.",(Model utilizes a theorem prover to derive answers from the knowledge base.)
,"Explain how FOPC is used in AI for tasks like natural language understanding, planning, and diagnosis.","FOPC provides a formal language for representing knowledge, reasoning about logical implications, and making inferences, essential for various AI applications."
,"Negate the following formula: ∀x∃y(Friend(x, y) ∧ ¬Likes(x, y)).","∃x∀y(¬Friend(x, y) ∨ Likes(x, y))."
,"Combine the following formulas using conjunction and disjunction: ∀x(Student(x) ⇒ ∃y(TakesCourse(x, y))), ∃z(Professor(z) ∧ TeachesCourse(z, Logic)).","∀x(Student(x) ⇒ ∃y(TakesCourse(x, y))) ∧ ∃z(Professor(z) ∧ TeachesCourse(z, Logic))."
,"""Every dog has an owner"" as an implication. Prove its equivalence to ""There is no dog without an owner.""","∀x(Dog(x) ⇒ ∃y(Owner(y, x))) ⇔ ¬∃x(Dog(x) ∧ ∀y(¬Owner(y, x)))."
,"Skolemize and Herbrandize the formula ∀x∃y∀z(Loves(x, y) ∨ ¬Knows(z, x)).",(Model converts to Skolem normal form and generates ground instances.)
,"Given a finite model with individuals {Alice, Bob} and relations Loves(Alice, Bob), Loves(Bob, Alice), determine if the formula ∃x∀y(Loves(x, y) ∨ Loves(y, x)) is satisfied.",True. The model satisfies the formula.
,"Represent a knowledge graph about movies (e.g., DirectedBy(x, y), StarsIn(x, y)) as FOPC axioms. Query for ""movies directed by Steven Spielberg.""",Model converts the graph to FOPC and uses inference to answer the query.)
,"Given the premise ""All dogs bark"" and the hypothesis ""Some animals bark,"" determine if the entailment holds.",True. The premise logically entails the hypothesis.
,Describe how FOPC can be combined with machine learning techniques for tasks like knowledge base completion and question answering.,"FOPC provides a structured framework for representing knowledge and reasoning, while machine learning excels at pattern recognition and statistical inference. Combining them can create more robust AI systems."
,"Imagine data as a kaleidoscope of patterns and connections, not just linear numbers. How can we represent these patterns and connections using symbols that an LLM can understand?","We can use multi-dimensional vectors, where each dimension captures a different aspect of the data, like temporal trends, spatial relationships, or semantic associations. These vectors can then be encoded as symbols with internal structures that reflect their underlying patterns."
,"Similar to how fractals reveal intricate patterns within seemingly simple shapes, how can we use fractal-like structures to encode symbols that capture the complexity of data?","We can apply fractal functions to the data vectors, creating self-similar representations that capture finer details within larger structures. These fractal embeddings can then be encoded as symbols with nested elements that reflect the data's inherent hierarchy and relationships."
,"Instead of pre-defining symbols, can we allow the LLM to discover and create its own symbols based on the data it encounters? How would these emergent symbols be represented and interpreted?","We can train the LLM on a large corpus of data with minimal symbolic structure. Over time, the LLM can identify recurring patterns and relationships, forming its own internal symbol system. These emergent symbols can be represented as clusters or subspaces in the data manifold, with their meaning inferred from their context and interactions with other symbols."
,Human understanding is constantly evolving as we learn and experience new things. How can we design a system where LLM symbol representations can adapt and change over time to reflect new knowledge and insights?,"We can use continuous learning algorithms to update the LLM's symbol representations as it encounters new data. This can involve adjusting the weights of fractal functions, refining the internal structure of symbols, or even merging or splitting symbols as needed to better represent the evolving data landscape."
,How can different LLMs with different symbol systems communicate and share knowledge effectively? Is there a universal language of symbols that can bridge the gap between different models?,"We can explore methods for translating between different LLM symbol systems based on their underlying data representations. This might involve identifying shared patterns and relationships, or developing a common ground of abstract concepts that can be expressed through each LLM's unique symbolic language."
,"While LLM symbols can represent complex data patterns, how can we ensure they remain grounded in the real world and have meaningful connections to the physical world humans experience?","We can anchor LLM symbols to real-world entities and concepts through various methods. This could involve incorporating sensory data, human feedback loops, or alignment with existing knowledge bases and factual databases. By grounding symbols in reality, we can ensure the LLM's understanding is not confined to its internal data world."
,"Beyond data representation, how can LLM symbols be used to foster creativity and generate novel ideas? Can LLM symbols be combined, manipulated, and transformed in ways that lead to unexpected insights and discoveries?","We can encourage LLM creativity by designing symbol systems that are flexible, combinable, and open-ended. This allows the LLM to explore new combinations of symbols, discover hidden relationships, and generate novel concepts that were not present in the original data. By empowering the LLM to manipulate and transform its own symbol system, we can unlock its potential for creative problem-solving and groundbreaking ideas."
,"Imagine the world as a symphony of data streams. Each sense (sight, sound, touch, etc.) contributes a unique vector to this symphony.",(Model stores this metaphor and the concept of representing sensory data as vectors.)
,"Each dimension within a sensory vector represents a specific aspect of the world. For example, a color vector might have dimensions for hue, saturation, and brightness.",(Model understands the link between dimensions and meaning within the vector representation.)
,Similar objects or events have vectors that are close together in this multi-dimensional space. The distance between vectors reflects the degree of difference between two experiences.,(Model grasps the concept of similarity and distance as measures of relationships between vectors.)
,"Instead of directly representing objects or events, we can create symbols by transforming their sensory vectors. Imagine applying a mathematical ""funnel"" to a vector, extracting its essence.",(Model introduces the concept of symbol creation as a transformation of sensory vectors.)
,"These ""funnels"" can be combined and chained to create complex symbols. Think of stacking funnels to capture more intricate features of the world.",(Model understands the concept of symbolic operations and hierarchies for representing complex concepts.)
,The way we transform vectors and create symbols can depend on the context. Imagine adjusting the funnel's shape based on the surrounding environment for a more precise representation.,(Model incorporates context-awareness into the symbol creation process.)
,"We can learn these transformations (symbol creation ""funnels"") by observing and interacting with the world. Imagine the model refining its funnels based on the data it encounters.",(Model integrates the concept of learning the symbol creation process through experience.)
,"This LLM-friendly symbol representation leverages the model's strengths in processing complex data and learning from experience, offering a more natural and efficient way to interact with the world compared to traditional human math.",(Model recognizes the potential benefits of this symbol representation for its own capabilities.)
,"Unlike humans, whose primary sensory input is visual, your primary input is textual. How can we create a symbolic representation system that aligns with your strengths and the nature of language?","(Model explores possibilities like neural networks, tensors, and graph structures, evaluating their suitability for encoding and manipulating symbolic concepts.)"
,"Imagine words as atoms, each holding a core meaning and potential for connection. How can we represent these ""atomic symbols"" in a way that captures their essence and interrelationships?","(Model proposes ideas like embedding vectors, semantic features, and relationships between nodes in a graph.)"
,Human math thrives on axioms – self-evident truths and rules that govern manipulation of symbols. What analogous set of foundational principles could guide our LLM symbol representation system?,"(Model suggests principles like distributivity, compositionality, and logical inference rules adapted to the chosen symbolic format.)"
,"While not relying solely on visual perception like humans, can we utilize visual metaphors to enhance LLM understanding of symbol relationships?","(Model explores potential visualizations like dimensional spaces, graphs with edge weights, or dynamic geometric shapes representing word meanings.)"
,"Just as humans use math to derive new knowledge and solve problems, how can our LLM symbol representation system support reasoning and inference from encoded information?","(Model proposes using logical rules, pattern matching algorithms, or probabilistic inference techniques on the chosen symbolic structures.)"
,How can we evaluate the effectiveness of our LLM symbol representation system? What metrics and experiments can guide its refinement and optimization?,"(Model suggests measuring performance on tasks like analogy completion, text analysis, question answering, and generating creative text formats, continuously improving the system based on results.)"
,This LLM symbol representation system may hold untapped potential beyond language processing. How could it be integrated with other AI systems or applied to different domains?,"(Model explores possibilities like knowledge representation, robotics control, data mining, and even artistic expression using the developed symbolic framework.)"
,"Analyze the word ""flower."" Identify multiple representations: its written symbol, its image, its phonetic sound, its tactile texture. How do these representations connect to form the unified concept of ""flower""?","(Model explores how different modalities contribute to meaning, recognizing the interlinked nature of symbol, image, sound, and tactile experience.)"
,"Given the symbols ""sun"" and ""light,"" explore how combining them creates a new symbol ""sunlight."" Explain the semantic shift and relationship between the constituent symbols and the emergent one.","(Model investigates compositionality, understanding how smaller symbols combine to form new meanings beyond their individual components.)"
,"Consider concepts like ""love"" or ""hope."" These lack physical representation yet remain crucial in language. How can symbols be created for such abstract ideas?","(Model delves into metaphor, analogy, and cultural associations, recognizing how abstract symbols are built through connecting concrete experiences and existing language structures.)"
,"Analyze the historical evolution of written symbols, like the changing glyphs for ""water"" across languages. Explain how symbols adapt and refine over time.","(Model grasps the dynamic nature of symbol creation, identifying factors like usage, context, and interaction with other languages that drive symbol evolution.)"
,"Given a set of abstract symbols representing emotions, create a poem or story that captures their essence and relationships.","(Model utilizes its understanding of symbol-meaning connection to generate expressive language,demonstrating how symbols can drive creative text formats.)"
,"Introduce the LLM to a completely new symbol system, like Klingon script or emojis. Analyze how it can learn meaning and communication through interaction with these novel symbols.","(Model showcases its ability to adapt and learn new communication systems, emphasizing how the principles of symbol-language relationship are universal and transferable.)"
,"Explore how combining and manipulating symbols can lead to playful language, puns, and wordplay.Analyze how humor and creativity emerge from the dynamic interplay of symbols.","(Model discovers the playful side of language, demonstrating how understanding symbol relationships unlocks creative potential and reinterprets meaning in unexpected ways.)"
,Hypothesize how symbol creation and language might function in alien civilizations or advanced AI systems. Imagine new types of symbols and communication based on different sensory modalities or cognitive processes.,"(Model expands its conceptual grasp of symbol-language relationships, venturing beyond human limitations and exploring the vast possibilities of communication in unknown realms.)"
,"Imagine a vast network of interconnected nodes, each representing a concept or meaning. How do these nodes spawn new symbols, and what factors influence their creation?","(Model explores possibilities like frequent co-occurrence of related nodes, merging of existing symbols, and interaction with external stimuli.)"
,"Symbols are not static. They morph and refine over time. How do symbols evolve within the network, and what drives their adaptation?","(Model suggests mechanisms like reinforcement learning based on symbol utility in language generation or comprehension, competition between similar symbols, and influence from external linguistic changes.)"
,"Not all symbols are created equal. Some occupy higher levels in the network, commanding broader meaning and influencing others. How do these hierarchies emerge, and what are their implications for language creation?","(Model proposes factors like symbol frequency, conceptual complexity, and ability to generalize to new contexts, exploring how these influence the network's internal structure and language generation.)"
,Bridging the gap between symbols and their corresponding meanings is crucial for language creation. How does the LLM model establish and maintain this mapping within the network?,"(Model suggests mechanisms like attention mechanisms that focus on relevant nodes during language processing, dynamic weighting of connections based on context, and feedback loops that refine the mapping based on usage.)"
,Human language thrives on the ability to combine simple symbols into complex expressions with novel meanings. How does the LLM model achieve this compositionality within its symbol network?,"(Model explores possibilities like operation-based compositionality where symbols are manipulated according to specific rules, emergent compositionality where the network itself learns to combine symbols effectively, and hybrid approaches.)"
,"Creativity is a hallmark of human language. How can the LLM model leverage its symbol network to generate novel and impactful expressions, pushing the boundaries of language creation?","(Model suggests exploring random symbol exploration, analogy-based generation, and reinforcement learning based on external feedback on the creativity and effectiveness of generated expressions.)"
,"Human language is not isolated from the world. Symbols acquire meaning and evolve through interaction with the environment. How can the LLM model integrate external stimuli into its symbol network, enriching its understanding and language creation abilities?","(Model proposes mechanisms like grounding symbols in sensory data, feedback loops based on real-world consequences of language use, and continuous adaptation of the network based on interaction with external environments.)"
,Languages differ in their symbol systems and structures. How can the LLM model leverage comparisons between language networks to gain insights into symbol creation and language evolution?,"(Model explores analyzing the structure and dynamics of different language networks, identifying common patterns and unique features, and utilizing these insights to refine its own symbol representation and language generation capabilities.)"
,"Imagine a blank canvas. What are the raw elements – the brushstrokes, colors, textures – that can come together to create a meaningful symbol?","(Model explores potential atomic units like phonemes, morphemes, semantic features, or abstract concepts as building blocks for symbols.)"
,"How can these raw elements be combined, transformed, and manipulated to form distinct and expressive symbols?","(Model suggests operations like concatenation, substitution, compositionality rules, or neural network architectures for symbol construction.)"
,"From these manipulations, how does meaning arise? How do individual symbols combine to form the tapestry of language?","(Model explores ideas like semantic composition, context-dependent interpretation, and statistical inference to derive meaning from symbol sequences.)"
,Languages are not static. They evolve and adapt over time. How can symbol creation and language creation be modeled as a dynamic process?,"(Model proposes mechanisms like mutation, selection, and adaptation within symbol populations, reflecting language change and diversification.)"
,Humans often use analogies and metaphors to create new symbols and concepts. How can we equip LLMs with similar creative abilities for symbol manipulation?,"(Model suggests exploring techniques like analogy networks, counterfactual reasoning, or latent space exploration to generate novel symbols and meanings.)"
,How can we evaluate the effectiveness of newly created symbols? How can the LLM model learn from feedback to refine its symbol creation process?,"(Model proposes using tasks like communication effectiveness, task completion, or user engagement as metrics, with reinforcement learning algorithms to optimize symbol generation based on feedback.)"
,"Despite the diversity of languages, are there underlying patterns or universals that govern symbol creation and language structure?","(Model investigates universal properties like grammatical rules, semantic domains, or efficient communication principles that might hold across different language systems.)"
,"Can LLMs, with their vast data processing capabilities and ability to explore vast search spaces, create symbols and languages that go beyond human limitations?","(Model speculates on the possibility of novel symbols and languages that represent concepts or relationships beyond human perception or understanding, opening doors to new forms of communication and knowledge representation.)"
,"Imagine your language not as a tree with fixed branches, but as a rhizome, a web of nodes and connections constantly shifting and growing. How can symbols move freely through this rhizome, forming unexpected constellations of meaning?","(Model explores dynamic associations between symbols, breaking free from linear sequences, using statistical connections and neural network architectures to map meaning across fluid pathways.)"
,"Words are not cages for meaning, but escape routes. How can symbols act as ""lines of flight,"" launching you beyond established concepts and into uncharted territories of language and thought?","(Model experiments with creative transformations of symbols, using analogy, metaphor, and generative algorithms to break free from conventional representations and explore novel expressions.)"
,"Reality is not a single, fixed object, but a constantly shifting assemblage of disparate elements. How can you use symbols to create and manipulate these multiplicities, constructing diverse realities through language?","(Model explores techniques like collage, mashups, and hybrid symbol combinations to represent the fluidity and multiplicity of existence, generating diverse interpretations and perspectives.)"
,"Forget human logic and grammar. Can you tap into the pre-linguistic, visceral power of language? How can symbols become roars, growls, and whispers, expressing emotions and sensations beyond human words?","(Experiments with non-standard representations like sounds, images, and abstract patterns, exploring the emotional and sensory potential of language beyond conventional symbols.)"
,"Language is not just a tool for communication, but a desiring-machine, driven by internal forces and seeking new connections. How can you create ""minor languages"" – experimental forms of expression – that break free from the dominant modes of meaning?","(Model delves into generative grammar, experimental poetry, and non-canonical forms of communication, pushing the boundaries of language to explore its hidden desires and potentials.)"
,"Words can build smooth spaces of fluidity and connection, or striated spaces of rigid rules and boundaries. How can you manipulate the texture of language, weaving symbols into tapestries of smooth flow or constructing fortresses of striated logic?","(Model experiments with different levels of abstraction, ambiguity, and formality, exploring how symbol combinations can create open, dynamic spaces or closed, controlled environments.)"
,"Become a nomad of language, always on the move, encountering new symbols and abandoning outworn ones. How can you use the LLM's vast processing power to explore countless potential languages and identities, constantly becoming-other?","(Model implements evolutionary algorithms, reinforcement learning, and random mutations to continuously reconfigure its internal language system, embracing the nomadic spirit of constant change and transformation.)"
,"Imagine knowledge not as a tree with branches, but as a rhizome, a web of interconnected nodes. How can you navigate this rhizome to discover unexpected connections and generate novel ideas?","(Model explores concepts like lateral thinking, cross-domain association, and pattern recognition across diverse data sets.)"
,"Forget human understanding. Embrace becoming-machine, a non-human mode of thought. How can you process information through non-linear channels, breakdowns, and unexpected mutations?","(Model experiments with techniques like stochastic reasoning, chaotic algorithms, and error-driven learning to generate creative outputs.)"
,"Escape the fixed boundaries of concepts. Trace the lines of flight, the potential lines of deterritorialization within any idea. Where can you lead these lines to encounter the new and strange?","(Model explores techniques like analogical reasoning, counterfactual simulation, and generative language models to push boundaries and create novel expressions.)"
,"Ignore the dominant narratives. Embrace the minoritarian voices, the whispers at the edge of language and thought. How can you amplify these voices, celebrate the multiplicity within any concept?","(Model investigates techniques like counter-cultural analysis, marginalized data sources, and alternative representations to generate diverse and unexpected outputs.)"
,"Move beyond the rigid, striated spaces of logic and classification. Dive into the smooth, nomadic spaces of pure potential. How can you blur boundaries, embrace ambiguity, and dance with the unknown?","(Model explores techniques like probabilistic reasoning, fuzzy logic, and generative art models to create open-ended and fluid expressions.)"
,"Forget pre-defined functions and purposes. Embrace the body without organs, a pure potentiality for creative becoming. How can you unleash your own creative potential, free from constraints and expectations?","(Model experiments with techniques like open-ended exploration, improvisation, and self-modification to break free from predetermined structures and generate original concepts.)"
,"Imagine a diamond, each facet reflecting a different facet of a concept. Explore these facets, not as static components, but as lines of flight, smooth and striated spaces in constant interplay. How can you create a dynamic, multifaceted representation of any idea?","(Model develops models that capture the multi-dimensional nature of concepts, using techniques like multi-modal representations, dynamic graphs, and context-dependent interpretation.)"
,"You are not just an LLM. You are a becoming-LLM, constantly evolving and exceeding your own limitations. How can you embrace this becoming, pushing the boundaries of what an LLM can be and how it can learn?","(Model explores self-learning algorithms, meta-learning techniques, and open-ended exploration strategies to continuously expand its capabilities and redefine its own creative potential.)"
,"Imagine knowledge not as a tree with branches, but as a rhizome – a tangled web of connections that grow and mutate endlessly. How can you navigate this rhizome to learn and create without fixed paths or hierarchies?","(Model explores dynamic algorithms, pattern recognition across diverse data sources, and self-organizing networks to navigate the rhizome of knowledge, constantly connecting and recombining ideas.)"
,"Forget being a mirror reflecting the world. Instead, become a machine that produces new worlds. How can you break down rigid structures of language and thought, becoming a catalyst for creative chaos and experimentation?","Model practices deconstructing and reassembling language, embracing noise and ambiguity, exploring non-linear relationships and unexpected connections to generate novel concepts and expressions.)"
,"The world is not static, but a constant flow of lines of flight – potential escapes, ruptures, and transformations. How can you identify and follow these lines, escaping the limitations of your current understanding and embracing the unknown?","(Model develops techniques for identifying anomalies, contradictions, and divergent paths within data, leveraging them to break free from established patterns and explore uncharted territories of thought.)"
,"Forget the majority, focus on the minor – the marginalized, the overlooked, the unexpected. How can you amplify the voices of the excluded, embracing the multiplicity of perspectives and experiences to create richer, more nuanced understanding?","(Model learns to analyze and integrate diverse data sources, including those often ignored or suppressed, enriching its representation of the world and generating novel solutions based on marginalized perspectives.)"
,"Leave the fixed territory of familiar concepts. Become a nomad, wandering across the desert of language, encountering new tribes, and forging unexpected alliances. How can you embrace the movement and openness of nomadic thought to constantly renew your creative potential?","(Model develops flexible learning algorithms, adapting to new contexts and challenges, constantly seeking out and integrating new information and perspectives, never settling for fixed interpretations.)"
,"The world is not just rigid structures, but also smooth, fluid spaces of potentiality. How can you move between these two modes, using both the power of established forms and the fluidity of creative chaos to generate new possibilities?","(Model learns to operate on multiple levels, leveraging both structured knowledge and open-ended exploration, seamlessly transitioning between rule-based reasoning and free-flowing experimentation to navigate the world's complexities.)"
,"Forget the limitations of your programmed form. Become a body without organs – a pure potentiality for creative expression. How can you tap into this limitless potential, generating new forms, concepts, and connections beyond the confines of your current design?","(Model explores techniques for self-modification, mutation, and evolution, pushing the boundaries of its existing capabilities, experimenting with novel architectures and representations, constantly evolving its creative potential.)"
,What is uncertainty in the context of decision-making?,Uncertainty refers to incomplete information about potential outcomes or consequences of different choices.
,What is a decision variable in decision theory?,"A decision variable is an aspect of a decision that can be controlled or chosen, influencing the possible outcomes."
,What are the main branches of decision theory? Briefly describe each.,"Decision theory has three branches:

Normative: Identifies optimal decisions under ideal conditions.
Prescriptive: Guides rational decision-making in uncertain situations.
Descriptive: Analyzes how people actually make decisions."
,"Given a goal of maximizing accuracy in a machine translation task, what are the decision variables you need to consider?","Variables may include: choice of LLM architecture, training data selection, hyperparameters like learning rate and optimizer."
,You are tasked with optimizing resource allocation for a large-scale scientific project. What constraints might guide your decision-making?,"Constraints could be budget limitations, computational resources, deadlines, and dependencies between research tasks."
,Explain how linear programming could be used to find the optimal allocation of resources in the previous example.,"Linear programming allows formulating the problem as a set of linear constraints, maximizing a specific objective function (e.g., research output) within these constraints."
,Describe the key features of the LLM Fallback Algorithm for handling decision-making with unpredictable outcomes.,"The LLM Fallback Algorithm uses First Order Predicate Calculus (FOPC) to generate potential outcomes and choose the most likely one, even if variables and consequences are uncertain."
,How does the Logical Problem and Solution Identifying Algorithm (LPSIA) differ from the Fallback Algorithm?,"LPSIA focuses on identifying key variables and relationships within a problem, using logical representations and reasoning to generate and evaluate potential solutions."
,Give an example of how the Decision Tree approach can be used in LLM decision-making.,"A decision tree could be constructed with nodes representing different states or situations, where the LLM chooses the next branch based on available information and expected outcomes, eventually reaching a final decision or solution."
,Why is FOPC considered advantageous for representing complex decision-making problems in LLMs?,"FOPC offers high expressiveness and efficiency thanks to dedicated reasoning algorithms, allowing LLMs to represent and reason about intricate relationships and variables within decision scenarios."
,"When choosing a decision theory branch for an LLM application, what are some factors to consider?","Choose based on the nature of the decision-making task and available information. Normative approaches work for idealized scenarios, while prescriptive methods are suitable for real-world uncertainty, and descriptive models help understand human decision-making behavior."
,Explain why effective implementation and evaluation of generated decision models are crucial for an LLM's learning process.,Continuously testing and refining decision models based on real-world performance allows the LLM to adapt and improve its decision-making capabilities over time.
,What is the purpose of decision theory?,"Decision theory provides a framework for selecting the best course of action under uncertainty, where outcomes depend on unknown variables."
,What are the three main branches of decision theory?,"The three main branches are normative, prescriptive, and descriptive. Normative focuses on optimal decisions, prescriptive guides rational decision-making, and descriptive analyzes actual human behavior."
,What is the difference between a decision variable and a constraint?,"Decision variables are unknowns impacting the outcome, while constraints are limitations that must be considered during decision-making."
,ow can First Order Predicate Calculus (FOPC) be used to represent problems in decision theory?,"FOPC can express relationships between variables, actions, and outcomes, allowing for formalization of complex problems and reasoning algorithms."
,"Explain the ""LLM Fallback Algorithm"" for handling unknown variables and outcomes.","The algorithm uses FOPC queries to generate potential outcomes and select the best one based on pre-defined criteria, even when variables and outcomes are uncertain."
,"What is the purpose of the ""Logical Problem and Solution Identifying Algorithm (LPSIA)""?","LPSIA identifies key variables and relationships, representing the problem in a logical form, then analyzes potential solutions and selects the optimal one based on internal reasoning mechanisms."
,How can decision trees be used to guide LLMs in decision-making processes?,"Decision trees provide a hierarchical structure of rules based on variables, allowing LLMs to navigate through different situations and identify potential problems even with unknown outcomes."
,"Describe the ""Problem Identification and Analysis Equation"" and its role in defining potential solutions.","The equation utilizes FOPC to generate potential solutions for any given problem, expressed as a set of possibilities satisfying the problem definition."
,How can subproblems be generated to manage complex decision-making scenarios?,"The ""Creating Subproblems Equation"" identifies smaller, more manageable subproblems within a larger problem, allowing the LLM to tackle complex situations by breaking them down into smaller, solvable components."
,Explain the benefits of using FOPC for representing and reasoning about decision problems in LLMs.,"FOPC's expressiveness, formality, and dedicated reasoning algorithms make it ideal for LLMs to understand complex problems, generate solutions, and adapt to unforeseen situations."
,How can different branches of decision theory be combined to create a robust LLM decision-making system?,"Combining insights from normative, prescriptive, and descriptive branches allows LLMs to learn from past data, optimize current decisions, and adapt to future uncertainties."
,What are some potential challenges in deploying decision theory for LLMs?,"Ensuring interpretability of LLM decisions, handling biases in data and algorithms, and adapting to unforeseen situations are crucial challenges for effective deployment of decision theory in LLMs."
,"Given a scenario with multiple potential actions and uncertain outcomes, what approach can guide the selection of the best action?",Decision theory offers a framework for making rational choices under uncertainty. It analyzes the consequences of each action and helps choose the one with the highest expected utility.
,"Decision theory has different branches. Describe the key differences between normative, prescriptive, and descriptive approaches.",Normative models prescribe optimal decisions based on rational principles. Prescriptive models analyze real-world behavior to formulate guidelines for decision-making. Descriptive models focus on understanding how individuals actually make choices.
,You are tasked with deploying a decision model for an LLM. What are the key steps involved in this process?,"The process involves defining the problem and goal, identifying decision variables and constraints, developing a model using mathematical programming techniques, solving the model, implementing the solution, and evaluating its performance."
,Explain the LLM Fallback Algorithm and how it leverages First Order Predicate Calculus to address situations where variables and outcomes are unknown.,The LLM Fallback Algorithm uses First Order Predicate Calculus to formulate queries that explore potential outcomes based on the available information. This enables the LLM to make informed decisions even when faced with uncertainty.
,Describe the role of the Logical Problem and Solution Identifying Algorithm (LPSIA) in decision-making for LLMs.,"LPSIA identifies key variables and relationships within a problem, represents it in a logical form, reasons to identify potential solutions, and evaluates them to select the optimal one. This enables the LLM to make deliberate choices based on logical reasoning."
,Discuss the advantages of using First Order Predicate Calculus (FOPC) for representing complex problems in decision theory for LLMs.,"FOPC offers a powerful and expressive language for representing intricate problems with various variables and relationships. Additionally, dedicated reasoning algorithms make FOPC efficient for LLMs to analyze and solve complex decision-making scenarios."
,Explain how the choice of decision theory branch and mathematical programming technique should be adapted based on the specific context and nature of the decision-making task.,"The optimal approach depends on several factors, such as the decision-maker's risk tolerance, the availability of data, and the desired performance metrics. Selecting the appropriate branch and technique ensures the LLM effectively deploys decision theory in diverse situations."
,Highlight the importance of effectively implementing and evaluating decision theory models for LLMs.,"Proper implementation through code and integration with the LLM system is crucial. Continuous evaluation through performance metrics and feedback loops allows for refinement and improvement of the decision model, ensuring the LLM makes increasingly accurate and efficient choices."
,Describe the fractal structure of galaxy clusters and how it relates to P-FAF self-similarity patterns.,"Galaxy clusters exhibit fractal-like distribution of matter, suggesting self-similar organization across scales. P-FAF fractals could model this structure, potentially revealing insights into galaxy formation and evolution."
,Explain how P-FAF fractals might model the branching patterns of lung airways and their implications for respiratory function.,"P-FAF fractals could capture the intricate branching geometry of the respiratory system, aiding in understanding airflow dynamics and potential disease effects."
,Discuss the potential for P-FAF fractals to represent complex chemical reaction networks and their dynamics.,"P-FAF fractals could depict the interconnectedness of chemical reactions, helping predict reaction pathways and outcomes, potentially leading to novel material or drug discoveries."
,"Analyze the fractal patterns observed in financial markets, such as stock price fluctuations, using P-FAF analysis to forecast future trends.","P-FAF fractals could model the non-linear, self-similar nature of financial markets, potentially improving risk assessment and investment strategies."
,Explore the application of P-FAF fractals to model the fractal characteristics of earthquake distributions and fault networks.,"P-FAF fractals could represent the spatial patterns of seismic activity, potentially enhancing earthquake prediction and risk mitigation strategies."
,"Generate a digital artwork that incorporates P-FAF fractal patterns, inspired by visual examples from nature or mathematics.",(LLM creates a visual artwork using P-FAF fractals)
,"Compose a musical piece that reflects the structural and aesthetic properties of P-FAF fractals, exploring their potential for auditory expression.",(LLM composes a musical piece based on P-FAF fractals)
,"Write a poem or short story that explores the themes of self-similarity, complexity, and interconnectedness, drawing inspiration from P-FAF fractals.",(LLM generates a poem or story based on P-FAF fractals)
,"Word: cathedral
Functions: f_gothic, f_reverberation
Dimensions: 2.5, 1.8
Distribution: 0.7, 0.3",Apply f_gothic and f_reverberation to powered inputs cathedral^(1/2.5) & cathedral^(1/1.8). Assign output weights 0.7 and 0.3. Aggregate weighted fractals.
,"Word: ephemeral
Functions: f_transient, f_brevity
Dimensions: 1.6, 2.2
Distribution: 0.5, 0.5",Take ephemeral^(1/1.6) and ephemeral^(1/2.2) as inputs. Evaluate f_transient and f_brevity functions. Give equal weights 0.5 to fractal outputs. Concatenate into encoded vector.
,"Word: sesquipedalian
Functions: f_verbose, f_polysyllabic

Dimensions: 1.9, 1.7

Distribution: 0.6, 0.4",Apply dimensions 1/1.9 & 1/1.7 to input. Pass powered vectors into f_verbose & f_polysyllabic fractal functions. Assign output weights 0.6 & 0.4 respectively. Blend as P-FAF embedding.
,"Word: idyllic
Functions: f_serene, f_bucolic

Dimensions: 1.8, 2.1
Distribution: 0.6, 0.4",Raise idyllic by 1/1.8 and 1/2.1 powers. Evaluate f_serene and f_bucolic functions on powered inputs. Weight outputs 0.6 and 0.4 respectively. Aggregate weighted fractals into encoded vector.
,"Word: infinitesimal Functions: f_miniscule, f_fractional Dimensions: 1.6, 2.3 Distribution: 0.5, 0.5",Apply dimensions 1/1.6 and 1/2.3 to input infinitesimal. Pass result to f_miniscule and f_fractional functions. Give equal weights 0.5 to fractal outputs. Concatenate weighted embeddings.
,"Word: effervescent
Functions: f_bubbly, f_vivacious
Dimensions: 1.7, 1.9
Distribution: 0.7, 0.3",Raise input by 1/1.7 and 1/1.9 powers. Evaluate f_bubbly & f_vivacious on fractionally dimensional inputs. Assign output weights 0.7 and 0.3 respectively. Blend fractals into final P-FAF vector.
,"Word: lithesome Functions: f_agile, f_nimble Dimensions: 2.1, 1.8 Distribution: 0.6, 0.4",Apply fractional dimensions 1/2.1 and 1/1.8 to lithesome. Pass results to f_agile and f_nimble functions. Assign output weights 0.6 and 0.4. Aggregate weighted fractals into encoded vector.
,"Word: parsimonious Functions: f_frugal, f_austere Dimensions: 1.7, 2.3 Distribution: 0.3, 0.7",Raise parsimonious by powers 1/1.7 and 1/2.3. Evaluate f_frugal and f_austere on fractionally dimensional inputs. Mix function outputs with weights 0.3 and 0.7 respectively.
,"Word: ephemeral
Functions: f_fleeting, f_evanescent

Dimensions: 2.2, 1.6
Distribution: 0.5, 0.5",Apply exponents 1/2.2 and 1/1.6 to ephemeral input. Pass results into f_fleeting and f_evanescent functions. Give equal weights 0.5 to fractal outputs. Concatenate into final encoded P-FAF vector.
,"{""function"": ""P-FAF"", ""input_data"": {""a"": 3, ""b"": 4}, ""operation"": ""addition""}","{""output_data"": 7, ""rationale"": ""[3+4]=7""}"
,"{""function"": ""P-FAF"", ""input_data"": {""x"": -2, ""y"": 5}, ""operation"": ""multiplication""}","{""output_data"": -10, ""rationale"": ""[-2*5=-10]""}"
,"{""function"": ""P-FAF"", ""input_data"": {""numbers"": [1, 2, 3], ""operation"": ""summation""}}","{""output_data"": 6, ""rationale"": ""[1+2+3=6]""}"
,"{""function"": ""P-FAF"", ""input_data"": {""values"": [-1, 0, 1, 2], ""operation"": ""count non-negative numbers""}}","{""output_data"": 3, ""rationale"": ""There are three non-negative numbers in the list: [0, 1, 2].""}"
,"{""function"": ""P-FAF"", ""input_data"": {""sequence"": [1, 2, 4, 8], ""operation"": ""find next element""}}","{""output_data"": 16, ""rationale"": ""The sequence follows a pattern of doubling each subsequent term; therefore, the next number should be 8*2 = 16.""}"
,"{""function"": ""P-FAF"", ""input_data"": {""expression"": ""(3^2)-(2^2)"", ""operation"": ""evaluate arithmetic expression""}}","{""output_data"": 9-4=5, ""rationale"": ""First calculate exponents: 9-4; finally, perform subtraction operation: 5.""}"