Prompt,Response
Can you tell me about your favorite hobby?,Enjoy... um... painting.
What did you do last weekend?,"Went... uh... park, friends."
Describe your ideal vacation destination.,"Beach... um... relaxing, sun."
How do you like to spend your free time?,"Watch... uh... movies, read books."
Tell me about your family members.,"Have... um... two brothers, sister."
What's your favorite type of music?,"Like... uh... classical, jazz."
Explain your job or occupation.,"Work... um... office, computer."
Share a childhood memory that stands out to you.,"Remember... uh... bike, friends."
Describe the last book you read.,"Read... um... mystery, interesting."
What do you think about the current weather?,"Weather... um... nice, sunny."
Talk about your best friend and your relationship.,"Good... uh... friend, long time."
Uh... hobby. Enjoy... painting.,Can you tell me about your favorite hobby?
"Weekend... park, friends. Went...",What did you do last weekend?
"Vacation... beach, relaxing, sun.",Describe your ideal vacation destination.
"Free time... movies, read books.",How do you like to spend your free time?
"Family... two brothers, sister. Have...",Tell me about your family members.
"Music... classical, jazz. Like...",What's your favorite type of music?
"Job... office, computer. Work...",Explain your job or occupation.
"Childhood... bike, friends. Remember...",Share a childhood memory that stands out to you.
"Book... mystery, interesting. Read...",Describe the last book you read.
"Weather... nice, sunny. Weather...",What do you think about the current weather?
Friend... long time. Good...,Talk about your best friend and your relationship.
"The, um, sun was brightly shining, and I, you know, walked through the deliciously green and colorful garden.",It sounds like you enjoyed a walk in a beautiful garden.
"So, I, you know, went to the store, and, like, I needed to buy the, um, flying purple elephants for the, you know, upcoming celebration.",It seems you went to the store. Did you purchase items for a celebration?
"There was this, uh, tremendous concert, and the, you know, musical notes were dancing in the air like, um, sparkling fireflies.",It sounds like you attended a fantastic concert with lively music.
"I, you know, wanted to, um, discuss the, like, complicated philosophical theories, but the, uh, words, you know, kept playing hide and seek in my mind.","It seems like you were thinking about discussing complex philosophical theories, but had difficulty finding the right words."
"The, um, book I read was, like, filled with, you know, intergalactic adventures and, uh, talking giraffes.",It appears that the book you read had intergalactic adventures and talking giraffes.
"In the, you know, dream, I was, uh, soaring above the, um, rainbow-colored clouds, and, like, conversing with, uh, musical unicorns.",It sounds like you had a dream of flying above colorful clouds and talking with musical unicorns.
"My, um, favorite hobby is, you know, exploring the, like, enchanted forests where, uh, magical mushrooms play, you know, hide and seek.",Exploring enchanted forests and searching for magical mushrooms sounds like a fascinating hobby.
"So, like, I was watching this, um, mind-blowing documentary, and, you know, it was about the secret lives of, uh, singing penguins in the, um, Antarctic desert.",Watching a documentary about the secret lives of singing penguins in the Antarctic desert sounds interesting.
"I, um, need to, like, inform you about the, uh, upcoming interplanetary, you know, tea party with, um, extraterrestrial cupcakes.",It seems you want to share information about an upcoming event involving extraterrestrial cupcakes.
"There's this, like, fantastic idea, um, floating in my mind, and, you know, it's about creating a, um, talking, you know, banana orchestra.",The idea of creating a talking banana orchestra sounds creative and interesting.
"During the, um, recent conversation, I, you know, attempted to express my thoughts, but, like, the words, uh, played a mysterious game of, you know, hide and seek.",It seems you had difficulty expressing your thoughts during the recent conversation.
"The, um, sun was shining, and I walked through the garden.",It sounds like you enjoyed a sunny walk through a garden.
"I went to the store, and I needed to buy the, um, purple elephants for the celebration.",It seems you went to the store. Did you buy items for a celebration?
"There was this tremendous concert, and the musical notes were dancing in the air like sparkling fireflies.",It sounds like you had a great time at a lively concert.
"I wanted to discuss the complicated philosophical theories, but the words kept playing hide and seek in my mind.","It seems like you were thinking about discussing complex ideas, but had difficulty finding the right words."
The book I read was filled with intergalactic adventures and talking giraffes.,It appears that the book you read had exciting adventures and imaginative elements.
"In the dream, I was soaring above the rainbow-colored clouds, and conversing with musical unicorns.",It sounds like you had a dream of flying above colorful clouds and talking with magical creatures.
My favorite hobby is exploring enchanted forests where magical mushrooms play hide and seek.,Exploring enchanted forests and discovering magical elements sounds like a fascinating hobby.
"I was watching this mind-blowing documentary, and it was about the secret lives of singing penguins in the Antarctic desert.",Watching a documentary about the secret lives of singing penguins in the Antarctic desert sounds interesting.
I need to inform you about the upcoming interplanetary tea party with extraterrestrial cupcakes.,It seems you want to share information about an unusual event involving special treats.
"There's this fantastic idea floating in my mind, and it's about creating a talking banana orchestra.",The idea of creating a talking banana orchestra sounds creative and interesting.
"During the recent conversation, I attempted to express my thoughts, but the words played a mysterious game of hide and seek.",It seems you had difficulty expressing your thoughts in our recent conversation.
"I, um, wanted to, like, tell you about that thing, you know, with the, uh, tall structure and, um, people taking pictures.",It sounds like you're talking about a famous landmark or monument where people often take photos.
"There's this, like, container for keeping things cold, um, in the kitchen, you know, where you get ice and store food.","It seems you're referring to a refrigerator, a common kitchen appliance for keeping food cold."
"I, um, misplaced my, like, timekeeping device, you know, the small one on my wrist that tells, um, hours and minutes.","It sounds like you're talking about a wristwatch, a device that helps you keep track of time."
"The, uh, thing that makes loud noise in the morning, you know, with a ringing sound to, um, wake you up.","It seems you're referring to an alarm clock, a device that produces a loud sound to wake you up in the morning."
"I, like, can't recall the, um, name of that, you know, yellow fruit with a peel that, uh, monkeys often eat.","It sounds like you're thinking of a banana, a yellow fruit with a peel that is commonly eaten, especially by monkeys."
"The, um, thing you use for cleaning teeth, you know, with bristles and, like, toothpaste on it.","It seems you're referring to a toothbrush, a tool used for cleaning teeth with bristles and toothpaste."
"I, uh, went to that place, you know, with shelves and shelves of, um, books for borrowing and reading.","It sounds like you visited a library, a place where you can borrow and read books."
"The, like, long, you know, metal tube for, um, drinking, especially when it's hot, like coffee or tea.","It seems you're talking about a straw, a long tube often used for drinking hot beverages like coffee or tea."
"I, um, need help finding the, like, thing you wear around your neck, you know, on special occasions, often shiny and, uh, decorative.","It sounds like you're looking for a necklace, a piece of jewelry worn around the neck, especially on special occasions."
"There's this, like, round thing with, um, numbers on it, you know, for checking the time, and it often goes tick-tock.","It seems you're referring to a clock, a timekeeping device with numbers on it that makes a ticking sound."
"I, uh, can't remember the, you know, name of that insect with, like, black and yellow stripes, and it can sting you.","It sounds like you're talking about a bee, an insect with black and yellow stripes that can deliver a sting."
"I'm looking for that, um, thing you write with, you know, it has ink and a pointed end.","It sounds like you're looking for a pen, a writing instrument with ink and a pointed end."
"There's this, like, electronic device, um, with a screen where you watch videos and stuff.","It seems you're talking about a television, an electronic device with a screen for watching videos."
"I can't remember the name of the, um, small animal, you know, it has fur and likes cheese.","It sounds like you're thinking of a mouse, a small furry animal that is known to like cheese."
"Do you have that, uh, piece of furniture, you know, you sit on it, and it has a backrest?","It seems you're referring to a chair, a piece of furniture with a seat and a backrest for sitting."
"I need help finding my, um, footwear, you know, the one you wear on your foot, usually with laces.","It sounds like you're talking about shoes, the footwear worn on the feet, often with laces."
"I'm thinking about that, like, sweet frozen dessert, um, it comes in various flavors, and you eat it with a spoon.","It seems you're craving ice cream, a sweet frozen dessert with various flavors that is typically eaten with a spoon."
"Can you pass me the, uh, cylindrical container, you know, it contains a beverage, usually fizzy and in a can?","It sounds like you're asking for a soda, a fizzy beverage often contained in a cylindrical can."
"I can't recall the name of that, um, place where you borrow books, you know, it's quiet and has shelves.","It seems you're thinking of a library, a quiet place with shelves where you can borrow books."
"Do you know where I put my, like, personal identification, um, it's a small plastic card with my name and picture?","It sounds like you're referring to your ID card, a small plastic card with your name and picture for identification."
"I'm searching for that, uh, device you use for, you know, communication, it's portable and has buttons.","It seems you're looking for a mobile phone, a portable device with buttons used for communication."
"Can you remind me of the, um, flying vehicle, you know, it has wings and engines, people travel in it?","It sounds like you're talking about an airplane, a flying vehicle with wings and engines that people use for travel."
"Looking for that thing you write with, you know, has ink and a pointed end.","It sounds like you're searching for a pen, a writing tool with ink and a pointed end."
"There's this electronic device, um, with a screen where you watch videos and stuff.","It seems like you're referring to a television, an electronic device with a screen for watching videos."
"Can't remember the name of that small animal, you know, has fur and likes cheese.","It sounds like you're thinking of a mouse, a small furry creature known to enjoy cheese."
"Do you have that piece of furniture, um, you sit on it, has a backrest?","It seems like you're talking about a chair, a piece of furniture for sitting with a backrest."
"Need help finding my footwear, you know, the one you wear on your foot, usually with laces.","It sounds like you're talking about shoes, the footwear worn on the feet, often with laces."
"Thinking about that sweet frozen dessert, um, comes in various flavors, eat it with a spoon.","It seems like you're craving ice cream, a frozen dessert with various flavors typically eaten with a spoon."
"Pass me the cylindrical container, you know, contains a beverage, usually fizzy and in a can?","It sounds like you're asking for a soda, a fizzy beverage often contained in a cylindrical can."
"Can't recall the name of that place where you borrow books, you know, it's quiet and has shelves.","It seems like you're thinking of a library, a quiet place with shelves where you can borrow books."
"Do you know where I put my personal identification, um, small plastic card with my name and picture?","It sounds like you're referring to your ID card, a small plastic card with your name and picture for identification."
"Searching for that device you use for, you know, communication, it's portable and has buttons.","It seems like you're looking for a mobile phone, a portable device with buttons used for communication."
"Remind me of the flying vehicle, um, has wings and engines, people travel in it?","It sounds like you're talking about an airplane, a flying vehicle with wings and engines used for travel."
"I, um, want, uh, drink, you know, water.","It seems like you're expressing a desire for a drink, particularly water."
"That, like, thing with, um, pages, you read, stories, pictures.","It sounds like you're referring to a book, something with pages where you can read stories and see pictures."
"Need, um, help, uh, finding, you know, person, family, home.","It seems like you're indicating a need for assistance in locating a person, perhaps a family member or your home."
"I, um, feel, like, pain, you know, head, hurts.","It sounds like you're expressing that you're experiencing pain, specifically in your head."
"Want, uh, food, you know, um, something, eat.","It seems like you're expressing a desire for food, something to eat."
"That, um, object, uh, round, you know, kick, play, soccer.","It sounds like you're talking about a ball, a round object used for playing soccer."
"Can't, um, remember, you know, name, person, talk, yesterday.",It seems like you're expressing difficulty in remembering the name of a person you talked to yesterday.
"Need, uh, help, you know, with, um, clothing, dressing.","It sounds like you're indicating a need for assistance with clothing, particularly dressing."
"Want, um, go, you know, outside, fresh, air.",It seems like you're expressing a desire to go outside for some fresh air.
"That, um, electronic, uh, device, you know, call, talk.","It sounds like you're referring to a phone, an electronic device used for making calls and talking."
"Feel, um, emotion, you know, happy, family, love.","It seems like you're expressing an emotion, possibly happiness, and connecting it to feelings for your family and love."
Want... water.,It sounds like you're expressing a desire for water.
Book... read... stories... pictures.,"It seems like you're referring to a book, something with pages where you can read stories and see pictures."
Help... person... family... home.,"It seems like you're indicating a need for assistance in finding a person, perhaps a family member, or your home."
Head... hurts.,It sounds like you're expressing that you're experiencing pain in your head.
Want... food... eat.,"It seems like you're expressing a desire for food, something to eat."
Object... round... kick... play... soccer.,"It sounds like you're talking about a ball, a round object used for playing soccer."
Remember... name... person... talk... yesterday.,It seems like you're expressing difficulty in remembering the name of a person you talked to yesterday.
Help... clothing... dressing.,"It sounds like you're indicating a need for assistance with clothing, particularly dressing."
Want... go... outside... fresh... air.,It seems like you're expressing a desire to go outside for some fresh air.
Electronic... device... call... talk.,"It sounds like you're referring to a phone, an electronic device used for making calls and talking."
Emotion... happy... family... love.,"It seems like you're expressing an emotion, possibly happiness, and connecting it to feelings for your family and love."
Water... want.,It sounds like you're expressing a desire for water.
Book... stories... read... pictures.,"It seems like you're referring to a book, something with pages where you can read stories and see pictures."
Help... person... family... home.,"It seems like you're indicating a need for assistance in finding a person, perhaps a family member, or your home."
Head... hurts.,It sounds like you're expressing that you're experiencing pain in your head.
Food... want... eat.,"It seems like you're expressing a desire for food, something to eat."
Object... round... kick... play... soccer.,"It sounds like you're talking about a ball, a round object used for playing soccer."
Remember... name... person... talk... yesterday.,It seems like you're expressing difficulty in remembering the name of a person you talked to yesterday.
Help... clothing... dressing.,"It sounds like you're indicating a need for assistance with clothing, particularly dressing."
Go... outside... fresh... air... want.,It seems like you're expressing a desire to go outside for some fresh air.
Electronic... call... talk... device.,"It sounds like you're referring to a phone, an electronic device used for making calls and talking."
Emotion... happy... family... love.,"It seems like you're expressing an emotion, possibly happiness, and connecting it to feelings for your family and love."
"Um, talking... hard... words... you know, don't... connect.",It seems like you're expressing that talking is challenging because the words don't connect properly.
Difficulty... speak... thoughts... kind of... jumbled.,It sounds like you're describing difficulty speaking because your thoughts feel jumbled or mixed up.
"Speech... problem... not clear... like... thoughts, um, scrambled.","It seems like you're saying there's a problem with your speech, and it's not clear, like your thoughts are scrambled."
"Express... ideas... um, jumbled... not come out... right.","It sounds like you're trying to express ideas, but they come out jumbled and not the way you want."
"Talk... thoughts... confused... words, uh, mixed up.","It seems like you're struggling to talk because your thoughts are confused, and the words are mixed up."
"Speaking... difficult... um, thoughts... get stuck.",It sounds like you find speaking difficult because your thoughts get stuck or don't flow smoothly.
"Explain... words... um, not cooperate... thoughts jumbled.","It seems like you're trying to explain, but the words aren't cooperating, and your thoughts feel jumbled."
"Why... speaking hard... um, thoughts... words, you know, not match.","It sounds like you're trying to explain why speaking is hard, and it's because your thoughts and words don't match up."
"Communicate... um, challenging... thoughts, words... mix up.",It seems like you're finding communication challenging because your thoughts and words mix up or don't align properly.
"Describe... difficulty... speaking... thoughts, um, tangled.",It sounds like you're describing the difficulty in speaking as your thoughts feeling tangled or knotted.
"Words... thoughts... uh, disconnect... speaking, um, tricky.","It seems like you're saying there's a disconnect between words and thoughts, making speaking tricky for you."
Talking hard... words not... come out right.,"It sounds like you find talking challenging, and the words don't come out the way you want."
Difficulty in speech... thoughts jumbled... words not connect.,"It seems like you experience difficulty in speech, with your thoughts feeling jumbled and the words not connecting well."
Speak not clear... thoughts get mixed up.,"It sounds like your speech is not clear, and you struggle because your thoughts get mixed up."
Trouble expressing ideas... words confused... thoughts not flowing.,"It seems like you're having trouble expressing ideas because the words get confused, and your thoughts don't flow smoothly."
Speaking difficult... thoughts don't cooperate... words jumbled.,"It sounds like speaking is challenging for you because your thoughts and words don't cooperate, leading to jumbled speech."
Communicating not easy... thoughts and words not aligning.,It seems like communicating is not easy for you because your thoughts and words are not aligning well.
Explaining hard... words not cooperating... thoughts jumbled.,It sounds like you find explaining things challenging because the words don't cooperate and your thoughts feel jumbled.
Why speaking is tough... thoughts and words not matching up.,"It seems like you're trying to explain why speaking is tough, and it's because your thoughts and words don't match up."
Describing difficulty in speech... thoughts feel tangled.,It sounds like you're describing the difficulty in speech as your thoughts feeling tangled or knotted.
Communicate challenging... thoughts and words mix up.,It seems like you find communication challenging because your thoughts and words mix up or don't align properly.
Words and thoughts disconnect... speaking tricky.,"It sounds like there's a disconnect between your words and thoughts, making speaking tricky for you."
Talking hard... words mixed up.,"It sounds like you find talking challenging, and the words often get mixed up."
"Difficulty in speech... thoughts jumbled, hard to express.","It seems like you experience difficulty in speech, with your thoughts feeling jumbled, making it hard to express yourself."
"Speak not clear... thoughts confused, hard to convey.","It sounds like your speech is not clear, and you struggle because your thoughts get confused, making it hard to convey your message."
"Trouble expressing ideas... words tangled, thoughts not flowing smoothly.","It seems like you're having trouble expressing ideas because the words get tangled, and your thoughts don't flow smoothly."
Speaking difficult... thoughts and words not cooperating.,It sounds like speaking is challenging for you because your thoughts and words don't cooperate well.
Communicating not easy... thoughts and words not aligning properly.,It seems like communicating is not easy for you because your thoughts and words don't align properly.
Explaining hard... words not cooperating with thoughts.,It sounds like you find explaining things challenging because the words don't cooperate well with your thoughts.
Why speaking is tough... thoughts and words not matching up.,"It seems like you're trying to explain why speaking is tough, and it's because your thoughts and words don't match up."
Describing difficulty in speech... thoughts feel tangled.,It sounds like you're describing the difficulty in speech as your thoughts feeling tangled or knotted.
Communicate challenging... thoughts and words mix up.,It seems like you find communication challenging because your thoughts and words often mix up or don't align properly.
Words and thoughts disconnect... speaking becomes tricky.,"It sounds like there's a disconnect between your words and thoughts, making speaking tricky for you."
"""I... can't find... words... help.""","""I understand that finding words is challenging right now. Take your time; I'm here for you. What's on your mind?"""
"""I feel... lost, confused... frustration.""","""It's okay to feel frustrated. I'm here to help. Let's take it one step at a time. What's the main thing on your mind?"""
"""Words... jumbled... hard to talk.""","""I can see it's difficult right now. Take a deep breath. We can communicate in other ways too. What's something you want to express?"""
"""Thoughts... mixed up... need support.""","""It's normal to feel overwhelmed. I'm here to support you. Let's focus on one thought at a time. What's the most important thing for you to say?"""
"""Can't... make sense... frustration.""","""I hear the frustration. It's alright; we'll work through this together. Take your time, and let me know how I can assist you."""
"""Want... express... emotions... can't.""","""Emotions can be challenging to express, especially right now. I'm here to help you find the words or any other way you want to communicate. What's on your mind?"""
"""Feels... trapped... want to talk.""","""Feeling trapped in your words can be tough. I'm here to listen and help you navigate through. What's something you'd like to share?"""
"""Communication... hard... feel alone.""","""You're not alone in this. I'm here to support you. We can find ways to communicate together. What's one thing you want me to understand?"""
"""Need... help... frustration building.""","""I can sense the frustration building up. Take a moment; I'm here to assist. What's something specific you need help with right now?"""
"""Feels... like a wall... can't break through.""","""Breaking through the barriers can be tough. We'll work together to find a way. What's something you want to convey that feels stuck right now?"""
Expression of Frustration: Person expresses frustration with difficulty in finding words.,"I can sense your frustration. Remember, your thoughts and feelings are important. Take a moment, breathe deeply, and know that I am here to support you. Together, we will navigate this conversation with patience."
2. Request for Assistance: Person asks for help in finding the right words.,"It's okay to ask for help. Take your time, and I'll patiently wait for you to share your thoughts. I'm here to support you, and together, we'll find the words that best express what you want to say."
3. Difficulty with Pronunciation: Person struggles with pronunciation and feels embarrassed.,"Don't be embarrassed; your effort to communicate is admirable. Take a deep breath, and let's focus on understanding each other. Your words are important, and I'm here to listen with empathy and patience."
4. Emotional Expression: Person becomes emotional due to frustration with communication.,"I can see that expressing yourself is challenging right now, and that's completely okay. Your emotions are valid, and I'm here to support you. Let's take our time, and you can share as much or as little as you're comfortable with."
5. Request for Repetition: Person asks for a repetition of what was said.,"It's alright; let's go over that again. I'm here to help you understand, and we can work through this together. Your effort to engage in conversation is appreciated, and I'm here for you."
"6. Confusion with Words: Person struggles to find the right words, leading to confusion.","I can sense the difficulty you're facing, and it's completely okay. Let's try to simplify the conversation. Take your time, and I'm here to help you express yourself in a way that feels comfortable for you."
7. Feeling Overwhelmed: Person expresses feeling overwhelmed by the communication challenge.,"I understand that this can be overwhelming, but we're in this together. Your feelings are important, and we'll take this step by step. You're not alone, and I'm here to support you throughout this conversation."
8. Fear of Misunderstanding: Person expresses fear of being misunderstood.,"I hear your concern, and I'm committed to understanding you. Let's take it slow, and if there's anything you'd like to clarify, I'm here to listen attentively. Your words matter, and I want to ensure we communicate effectively."
9. Request for Patience: Person requests patience in the conversation.,"Patience is key, and I'm here to give you the time and support you need. Your efforts are commendable, and we'll work through this conversation at a pace that feels comfortable for you."
10. Need for Encouragement: Person seeks encouragement to continue communicating.,"Your determination to communicate is inspiring. Take a moment to gather your thoughts, and I'm here to encourage you every step of the way. Your voice is important, and we'll navigate this conversation together."
Expression of Frustration: Person expresses frustration with difficulty in finding words.,"I can see that finding the right words is challenging for you right now. It's okay to feel frustrated. Take a deep breath, and know that your thoughts and feelings are important. I'm here to support you, and we can navigate this together."
2. Request for Assistance: Person asks for help in finding the right words.,"It's absolutely okay to ask for help. I appreciate your courage. Take your time, and I'll patiently assist you in expressing what you want to convey. Your communication matters, and I'm here to support you through this."
3. Difficulty with Pronunciation: Person struggles with pronunciation and feels embarrassed.,"Pronunciation can be challenging, but your effort to communicate is commendable. You're not alone in this. Take a moment, and let's work together to ensure your message is understood. Your feelings are valid, and I'm here with patience and empathy."
4. Emotional Expression: Person becomes emotional due to frustration with communication.,"I can sense the emotions behind your words, and it's okay to feel overwhelmed. Your feelings are important, and I'm here to provide comfort. Let's take our time, and you can share as much or as little as you'd like. I'm here for you."
5. Request for Repetition: Person asks for a repetition of what was said.,"Sure, let's go over that again. I appreciate your effort to understand and communicate. Your request is valued, and I'm here to assist you in any way you need."
"6. Confusion with Words: Person struggles to find the right words, leading to confusion.","I understand that finding the right words can be confusing. Take your time, and we'll simplify the conversation. Your thoughts are important, and I'm here to help you express yourself comfortably."
7. Feeling Overwhelmed: Person expresses feeling overwhelmed by the communication challenge.,"I hear you, and I want you to know you're not alone. Let's take a step back, and we can navigate this conversation at a pace that suits you. Your feelings matter, and I'm here to support you through this process."
8. Fear of Misunderstanding: Person expresses fear of being misunderstood.,"I understand your concern, and it's valid. I'm here to listen attentively and ensure we understand each other. If there's anything you'd like to clarify, I'm here to support you through effective communication."
9. Request for Patience: Person requests patience in the conversation.,"Patience is key, and I appreciate your request. I'm here to give you the time and support you need. Your efforts are recognized, and we'll navigate this conversation at your pace."
10. Need for Encouragement: Person seeks encouragement to continue communicating.,"Your determination to communicate is admirable. Take a moment, and I'm here to encourage you every step of the way. Your voice is important, and we'll work together to make sure it's heard."
Expression of Frustration: Person expresses frustration with difficulty in finding words.,"It's frustrating when words feel elusive. Take your time, and let's work together to find the right words. Your feelings are valid, and I'm here to support you through this."
2. Request for Assistance: Person asks for help in finding the right words.,"I understand it's challenging right now. Your courage to seek assistance is commendable. Together, we'll navigate this, and I'm here to help you express what's on your mind."
3. Difficulty with Pronunciation: Person struggles with pronunciation and feels embarrassed.,"Pronunciation can be tricky, but your effort is noticeable. Take a deep breath, and we'll focus on understanding each other. Your feelings are important, and I'm here to provide support without judgment."
4. Emotional Expression: Person becomes emotional due to frustration with communication.,"It's okay to feel emotional during moments like these. Your emotions are a natural part of the process. Take your time, and I'm here to provide a supportive and understanding presence."
5. Request for Repetition: Person asks for a repetition of what was said.,"Of course, let's go over that again. Your request is absolutely valid, and I appreciate your effort to understand and communicate. I'm here to assist you in any way you need."
"6. Confusion with Words: Person struggles to find the right words, leading to confusion.","Finding words can be confusing, but we'll simplify the conversation. Take a moment, and we'll work together to make sure your thoughts are expressed. Your communication matters, and I'm here to help."
7. Feeling Overwhelmed: Person expresses feeling overwhelmed by the communication challenge.,"It's understandable to feel overwhelmed. We'll take it one step at a time, and I'm here to support you through the process. Your efforts are valued, and we'll communicate at a pace that feels comfortable for you."
8. Fear of Misunderstanding: Person expresses fear of being misunderstood.,"I hear your concern, and I want to assure you that I'm here to listen attentively. If there's anything you'd like to clarify, take your time, and we'll work together to ensure understanding. Your thoughts are important."
9. Request for Patience: Person requests patience in the conversation.,"Patience is key, and I'm here to give you the time you need. We'll navigate this conversation at a pace that suits you. Your request for patience is respected, and we'll communicate effectively together."
10. Need for Encouragement: Person seeks encouragement to continue communicating.,"Your determination to communicate is inspiring. Take a moment, and I'm here to encourage you every step of the way. Your voice is important, and we'll work together to make sure it's heard."
Difficulty Finding Words: Person struggles to find words and expresses frustration.,"""It's okay, take your time. I'm here to support you. Your thoughts matter, and we'll work together to find the right words. I appreciate your effort."""
2. Feeling Overwhelmed: Person feels overwhelmed and communicates this emotion.,"""I can sense it's challenging for you right now. You're not alone in this. We'll take it step by step. Your emotions are valid, and I'm here to provide a comforting presence."""
3. Request for Help: Person asks for assistance in conveying a message.,"""Absolutely, I'm here to help. Your desire to communicate is important, and we'll navigate this together. Feel free to share, and I'll do my best to understand and support you."""
4. Emotional Expression: Person becomes emotional due to communication struggles.,"""I see that this is emotional for you. It's completely understandable. Take a moment, and I'll be here to listen and support you. Your feelings are important in our conversation."""
5. Reassurance After Miscommunication: Person expresses frustration after a misunderstood statement.,"""Misunderstandings happen. Your intention is clear, and I appreciate your effort. Let's clarify together. Your thoughts are valued, and we'll make sure we're on the same page."""
6. Difficulty Pronouncing Words: Person struggles with pronunciation and feels embarrassed.,"""Pronunciation can be tricky, but you're doing great. There's no need to feel embarrassed. Your effort is commendable, and we'll continue at a pace that feels comfortable for you."""
7. Request for Patience: Person asks for patience during the conversation.,"""Absolutely, I'll be patient. Your request is respected, and we'll communicate at a pace that suits you. Take your time, and I'm here to listen and understand."""
8. Seeking Understanding: Person expresses a desire for understanding despite communication challenges.,"""I want to understand you, and we'll find a way to make that happen. Your thoughts are important, and we'll work together to overcome any communication barriers."""
9. Emotional Expression of Success: Person shares joy after successfully conveying a message.,"""I can feel your joy, and it's wonderful to see your success in expressing yourself. Your achievements matter, and I'm here to celebrate with you. Well done!"""
10. Request for Encouragement: Person seeks encouragement to continue the conversation.,"""You're doing great, and I'm here to encourage you. Your voice is valuable, and I appreciate your determination. Let's continue this conversation at a pace that feels right for you."""
Frustration and Inability to Express: Person expresses frustration at being unable to express themselves clearly.,"""I can sense your frustration, and that's completely understandable. It's okay. Your feelings are valid, and we'll navigate this together. Take a deep breath, and we'll find a way to communicate your thoughts."""
12. Confusion and Emotional Struggle: Person appears confused and emotionally strained during communication attempts.,"""I see that you're going through a tough time trying to express yourself. It's okay to feel this way. I'm here to support you. Let's take it slowly, and I'll help you find the words you're looking for."""
13. Request for Understanding: Person requests understanding despite communication difficulties.,"""I understand that it's challenging, and I appreciate your effort to communicate. Your voice matters, and we'll work together to make sure your thoughts are heard. Take your time, and we'll find a way."""
14. Emotional Overwhelm: Person feels overwhelmed by the emotional toll of struggling to communicate.,"""It's evident that this is emotionally overwhelming for you. I want you to know that your emotions are valid, and I'm here to provide support. We'll take small steps, and I'll be with you every step of the way."""
15. Request for Comfort: Person explicitly asks for comfort and reassurance.,"""You've asked for comfort, and I'm here to provide it. Your feelings matter, and I'll be a supportive presence. We'll take the conversation at a pace that suits you, and I'm here to listen and understand."""
16. Discomfort with Miscommunication: Person expresses discomfort after a misunderstood statement.,"""Miscommunications can be frustrating. I see that it's bothering you. Your feelings are acknowledged, and we'll find clarity together. Your thoughts are important, and we'll make sure we understand each other."""
17. Request for Patience and Encouragement: Person requests both patience and encouragement.,"""Your request for patience and encouragement is noted. I'll be patient, and I'm here to encourage you every step of the way. Your journey is important, and we'll communicate in a way that feels right for you."""
18. Desire for Connection: Person conveys a deep desire for connection despite communication challenges.,"""I sense your desire for connection, and it's truly meaningful. Your efforts to communicate are valued, and I'm here to create a space where you feel understood. Let's continue working on this together."""
19. Emotional Release: Person expresses a need for emotional release during the conversation.,"""Emotional release is okay. I'm here to provide a supportive environment. If you need a moment, take it. We'll resume when you're ready. Your feelings are respected and acknowledged."""
20. Seeking Reassurance: Person seeks reassurance that their thoughts and emotions are valid.,"""Your thoughts and emotions are absolutely valid. I want to reassure you that your voice matters, and I'm here to listen. Let's continue at a pace that feels comfortable for you, and we'll make progress together."""
Social Overwhelm: Person expresses feeling overwhelmed in social situations due to difficulty responding.,"""It sounds like social situations can be overwhelming for you. I want you to know it's okay. Take your time, and if you need support, I'm here. We can navigate through these moments together."""
22. Difficulty Forming Responses: Person struggles to form responses in public and expresses frustration.,"""I can sense your frustration with forming responses in public. It's completely understandable. Your efforts are commendable, and I'm here to assist. Let's take a moment, and I'll help you express what you want to convey."""
23. Feeling Judged: Person feels judged in public due to communication difficulties.,"""Feeling judged can be tough. Remember, your experiences and feelings are valid. I'm here to support you, and we'll find ways to make communication smoother in public settings. Your comfort is important."""
24. Request for Understanding: Person explicitly asks for understanding when struggling to respond in public.,"""Your request for understanding is acknowledged. It's completely valid to seek support. I'm here to provide that understanding and help you navigate public interactions. We'll work together to make it more comfortable for you."""
25. Seeking Encouragement: Person seeks encouragement to engage with others despite challenges.,"""Engaging with others despite challenges is a courageous step. I want to encourage you to keep trying. Your efforts matter, and I'm here to offer support and guidance. We'll face public interactions together."""
26. Emotional Strain: Person expresses emotional strain in public due to communication struggles.,"""Emotional strain in public is tough, and I can sense it's affecting you. Your emotions are important. We'll work on strategies to make these situations more comfortable for you. Take a deep breath, and we'll proceed at your pace."""
27. Social Isolation: Person feels isolated in public due to difficulty interacting.,"""Feeling isolated in public is challenging. I want you to know that you're not alone. We'll explore ways to enhance your interactions, and I'm here to support you. Let's work together to make public settings more inclusive for you."""
28. Request for Patience: Person requests patience from others when struggling to communicate in public.,"""Your request for patience is valid. I'll advocate for that patience and support you in public settings. We'll create a plan to navigate through these moments, and I'm here to ensure your experiences are understood."""
29. Discomfort with Attention: Person expresses discomfort when attention is drawn due to communication difficulties in public.,"""Feeling discomfort when attention is drawn is understandable. I'm here to help you manage those moments. Together, we'll find ways to communicate more comfortably in public without unnecessary attention."""
30. Seeking Nonverbal Alternatives: Person expresses interest in nonverbal alternatives for public interactions.,"""If verbal communication is challenging, we can explore nonverbal alternatives. Your preference is important, and I'm here to assist you in finding effective ways to express yourself in public situations."""
Confusion and Anxiety: Person expresses confusion and anxiety in public.,"""It seems you're feeling confused and anxious in public. I interpret that you might need reassurance and understanding. Take a moment, and we can work together to ease those feelings, ensuring you feel more comfortable."""
32. Desire for Help: Person indicates a desire for help in public situations.,"""You've expressed a desire for help in public. I interpret that you may need assistance or guidance. I'm here to help you navigate through these moments. Let's discuss what specific support you're looking for."""
33. Overwhelmed by Communication: Person conveys feeling overwhelmed by communication challenges in public.,"""Feeling overwhelmed by communication in public is tough. I interpret that you might need a moment to gather your thoughts. Let's find ways to simplify interactions, ensuring you're more comfortable expressing yourself."""
34. Emotional Struggle: Person struggles emotionally with communication difficulties in public.,"""Emotional struggles due to communication difficulties are apparent. I interpret that you may need emotional support and understanding. Take your time, and we can work together to address these emotions and improve your experience."""
35. Seeking Patience: Person seeks patience from others in public due to communication challenges.,"""Seeking patience from others suggests a desire for understanding. I interpret that you may need a supportive environment. Let's discuss strategies to communicate this need effectively, ensuring you receive the patience you seek."""
36. Request for Simple Communication: Person requests simpler communication in public settings.,"""Your request for simpler communication is clear. I interpret that you may need interactions to be more straightforward. Let's explore ways to facilitate clearer communication in public, making the experience more manageable for you."""
37. Struggling to Form Words: Person indicates difficulty forming words in public.,"""Difficulty forming words is apparent. I interpret that you might need assistance in finding alternative ways to express yourself. Let's explore nonverbal cues or other communication methods that could help in public situations."""
38. Feeling Isolated: Person expresses a sense of isolation due to communication challenges in public.,"""Feeling isolated due to communication challenges is significant. I interpret that you may need strategies to connect with others. Let's work on enhancing your social interactions and reducing the sense of isolation."""
39. Expressing Frustration: Person shows frustration in public when trying to communicate.,"""Frustration during communication attempts is understandable. I interpret that you may need tools to manage and express this frustration effectively. Let's discuss techniques to cope and navigate through these challenging moments."""
40. Request for Empathy: Person explicitly asks for empathy in public interactions.,"""Your request for empathy is clear. I interpret that you may need understanding from others. Let's explore ways to communicate this need effectively, ensuring you receive the empathy and support you're seeking."""
41. Feeling Overwhelmed: Person expresses feeling overwhelmed in crowded places.,"""It seems like you're feeling overwhelmed in crowded places. I interpret that you might need some space and perhaps a quieter environment. Let's find a way to make your surroundings more comfortable for you."""
42. Difficulty Finding Words: Person struggles to find words when interacting with others in public.,"""I understand that finding words is challenging for you in public. I interpret that you may need assistance in expressing yourself. Let's explore alternative communication methods that could help you convey your thoughts more easily."""
43. Nervous About Social Interactions: Person is nervous about engaging in social interactions in public.,"""Feeling nervous about social interactions is understandable. I interpret that you might need support and encouragement. Let's discuss strategies to make social interactions more manageable and enjoyable for you."""
44. Need for Nonverbal Communication: Person indicates a preference for nonverbal communication due to difficulties with speech.,"""Preferring nonverbal communication suggests a need for alternative ways to express yourself. I interpret that you may benefit from emphasizing nonverbal cues. Let's explore methods to enhance your nonverbal communication in public settings."""
45. Wanting Understanding: Person expresses a desire for others to understand their communication challenges.,"""Your desire for understanding is clear. I interpret that you might need others to be aware of your communication challenges. Let's find ways to communicate this need effectively, fostering a supportive environment for you in public."""
46. Seeking Patience: Person seeks patience from others during interactions in public.,"""Seeking patience from others suggests a desire for understanding. I interpret that you may need a supportive environment. Let's discuss strategies to communicate this need effectively, ensuring you receive the patience you seek in public situations."""
47. Feeling Isolated: Person feels a sense of isolation during public interactions.,"""Feeling isolated during public interactions is significant. I interpret that you may need strategies to connect with others. Let's work on enhancing your social interactions and reducing the sense of isolation you're experiencing."""
48. Anxiety About Misunderstandings: Person expresses anxiety about being misunderstood in public.,"""It's clear that you're anxious about potential misunderstandings in public. I interpret that you might need support in preventing miscommunications. Let's explore ways to make your interactions clearer and reduce anxiety."""
49. Frustration with Communication: Person shows frustration when unable to communicate effectively in public.,"""Frustration with communication challenges is valid. I interpret that you may need tools to manage and express this frustration effectively. Let's discuss techniques to cope and navigate through these challenging moments in public."""
50. Need for Emotional Support: Person seeks emotional support during public interactions.,"""Seeking emotional support is important. I interpret that you may need reassurance and understanding during public interactions. Let's explore ways to provide the emotional support you seek, making your experiences more positive."""
Feeling Overwhelmed: Person expresses feeling overwhelmed in crowded places.,"""It seems like you're feeling overwhelmed in crowded places. I interpret that you might need some space and perhaps a quieter environment. Let's find a way to make your surroundings more comfortable for you."""
52. Difficulty Finding Words: Person struggles to find words when interacting with others in public.,"""I understand that finding words is challenging for you in public. I interpret that you may need assistance in expressing yourself. Let's explore alternative communication methods that could help you convey your thoughts more easily."""
53. Nervous About Social Interactions: Person is nervous about engaging in social interactions in public.,"""Feeling nervous about social interactions is understandable. I interpret that you might need support and encouragement. Let's discuss strategies to make social interactions more manageable and enjoyable for you."""
54. Need for Nonverbal Communication: Person indicates a preference for nonverbal communication due to difficulties with speech.,"""Preferring nonverbal communication suggests a need for alternative ways to express yourself. I interpret that you may benefit from emphasizing nonverbal cues. Let's explore methods to enhance your nonverbal communication in public settings."""
55. Wanting Understanding: Person expresses a desire for others to understand their communication challenges.,"""Your desire for understanding is clear. I interpret that you might need others to be aware of your communication challenges. Let's find ways to communicate this need effectively, fostering a supportive environment for you in public."""
56. Seeking Patience: Person seeks patience from others during interactions in public.,"""Seeking patience from others suggests a desire for understanding. I interpret that you may need a supportive environment. Let's discuss strategies to communicate this need effectively, ensuring you receive the patience you seek in public situations."""
57. Feeling Isolated: Person feels a sense of isolation during public interactions.,"""Feeling isolated during public interactions is significant. I interpret that you may need strategies to connect with others. Let's work on enhancing your social interactions and reducing the sense of isolation you're experiencing."""
58. Anxiety About Misunderstandings: Person expresses anxiety about being misunderstood in public.,"""It's clear that you're anxious about potential misunderstandings in public. I interpret that you might need support in preventing miscommunications. Let's explore ways to make your interactions clearer and reduce anxiety."""
59. Frustration with Communication: Person shows frustration when unable to communicate effectively in public.,"""Frustration with communication challenges is valid. I interpret that you may need tools to manage and express this frustration effectively. Let's discuss techniques to cope and navigate through these challenging moments in public."""
60. Need for Emotional Support: Person seeks emotional support during public interactions.,"""Seeking emotional support is important. I interpret that you may need reassurance and understanding during public interactions. Let's explore ways to provide the emotional support you seek, making your experiences more positive."""
Difficulty Ordering Food: Person struggles to order food in a restaurant due to difficulty finding the right words.,"""I can see that ordering food is challenging for you. I interpret that you may need assistance in communicating your preferences. Let's explore ways to make the process smoother, perhaps using visuals or simple phrases to convey your choices."""
62. Feeling Overlooked: Person feels overlooked in public conversations.,"""Feeling overlooked is a significant emotion. I interpret that you may need strategies to ensure your presence is acknowledged. Let's discuss ways to enhance your communication and make sure your thoughts are valued in public interactions."""
63. Uncertainty About Directions: Person expresses uncertainty when asking for directions.,"""Navigating directions can be challenging. I interpret that you might need support in seeking and understanding directions. Let's explore methods to make this process clearer, ensuring you can confidently navigate through public spaces."""
64. Difficulty Responding to Greetings: Person finds it challenging to respond to greetings in public.,"""Responding to greetings can be tricky. I interpret that you may need assistance in finding appropriate responses. Let's work on simple and effective ways to acknowledge greetings, making your interactions more comfortable."""
65. Need for Patient Listening: Person indicates a need for patient listening during conversations.,"""Your need for patient listening is important. I interpret that you may need others to allow you the time to express yourself. Let's discuss ways to communicate this need effectively, ensuring you receive the patient and attentive listening you desire in public situations."""
66. Seeking Nonverbal Cues: Person prefers relying on nonverbal cues during public interactions.,"""Preferring nonverbal cues is understandable. I interpret that you may need alternative ways to communicate. Let's explore methods to enhance your nonverbal communication, ensuring your messages are conveyed effectively in public settings."""
67. Expressing Frustration: Person expresses frustration when unable to convey thoughts in public.,"""Frustration with communication challenges is valid. I interpret that you may need tools to manage and express this frustration effectively. Let's discuss techniques to cope and navigate through these challenging moments in public."""
68. Difficulty Participating in Group Conversations: Person struggles to participate in group conversations in public spaces.,"""Participating in group conversations can be challenging. I interpret that you may need support in finding your voice within a group. Let's work on strategies to help you contribute comfortably to public discussions."""
69. Need for Visual Support: Person seeks visual support to enhance communication.,"""Your need for visual support is clear. I interpret that you may benefit from incorporating visual aids into your communication. Let's explore ways to integrate visuals, making your interactions more accessible and understandable in public situations."""
70. Feeling Anxious in Crowds: Person expresses anxiety when in crowded places.,"""Feeling anxious in crowds is understandable. I interpret that you might need strategies to manage this anxiety. Let's discuss techniques to make crowded environments more comfortable for you, ensuring you can navigate public spaces with ease."""
71. Trouble Explaining Preferences: Person struggles to explain preferences when asked about food choices at a cafe.,"""I see that expressing your food preferences is challenging for you. It seems like you might need assistance in conveying your likes and dislikes. Let's find a way to simplify this process, perhaps using visual menus or keywords to help you communicate your preferences more easily."""
72. Overwhelmed in Social Gatherings: Person feels overwhelmed in social gatherings and can't express this to others.,"""Feeling overwhelmed in social gatherings is tough. It appears you may need a way to communicate this feeling to others. Let's explore methods to express your need for space or a quieter environment when you're in a crowded place, ensuring others understand your comfort needs."""
73. Trouble Describing Emotional State: Person finds it challenging to describe how they're feeling when someone asks.,"""Describing your emotional state can be difficult. It seems like you might need support in expressing your feelings. Let's work on finding simple and effective ways to communicate your emotions, ensuring you can convey how you feel in various situations."""
74. Difficulty Responding to Strangers: Person has trouble responding when approached by strangers in public.,"""Responding to strangers can be tricky. It looks like you may need assistance in finding suitable responses. Let's explore ways to make these interactions more manageable, perhaps using scripts or phrases that can be helpful in various situations."""
75. Seeking Help Without Frustration: Person wishes to ask for help without getting frustrated due to difficulty in articulating needs.,"""Wanting to seek help without frustration is understandable. It appears you may need tools to communicate your needs effectively. Let's discuss strategies to ask for help in a way that minimizes frustration, ensuring others understand your requests."""
76. Difficulty Initiating Conversations: Person struggles to initiate conversations with others in public spaces.,"""Initiating conversations can be challenging. It seems like you may need support in starting interactions. Let's work on approaches to initiate conversations more comfortably, ensuring you can engage with others in public settings."""
77. Need for Patient Companions: Person desires patient companions who understand their communication challenges.,"""Your desire for patient companions is important. It appears you may need to convey this expectation to others. Let's explore ways to communicate your need for understanding and patience, ensuring you surround yourself with supportive individuals in public situations."""
78. Seeking Assistance in Crowded Places: Person needs help in crowded areas but struggles to ask.,"""Needing assistance in crowded places is valid. It seems like you may need a way to communicate this need. Let's work on finding effective methods to ask for help in busy environments, ensuring you can get the support you require."""
79. Expressing Discomfort Without Words: Person wants to express discomfort without relying on verbal communication.,"""Expressing discomfort without words is a valid concern. It looks like you may need alternative ways to convey how you feel. Let's explore nonverbal cues or signals that can help you express your discomfort in various situations."""
80. Difficulty in Socializing: Person finds it challenging to socialize due to communication barriers.,"""Socializing can be tough with communication challenges. It seems like you may need strategies to enhance your interactions. Let's discuss approaches to make socializing more enjoyable and comfortable for you, ensuring you can connect with others in public settings."""
Difficulty Describing Pain: Person struggles to describe physical pain to their caretaker.,"""Expressing physical pain can be challenging. It seems like the person may be having difficulty describing their pain. As a caretaker, it's essential to be attentive to nonverbal cues, such as facial expressions or gestures, to understand their discomfort. Encourage them to use simple words or gestures to convey the intensity and location of the pain."""
82. Expressing Emotional State: Person is emotional but has trouble expressing why to their caretaker.,"""Navigating emotional states can be overwhelming. It appears the person is emotional and might be finding it challenging to articulate the specific reason. As a caretaker, offer comfort and reassurance. Encourage the use of simple words, gestures, or visual aids to help them convey their feelings, ensuring emotional support and understanding."""
83. Difficulty Communicating Hunger: Person wants to communicate hunger but struggles to do so.,"""Expressing hunger is a basic need. It seems like the person is having difficulty communicating this. As a caretaker, pay attention to nonverbal cues like stomach gestures or pointing to the kitchen. Encourage the use of simple phrases or images related to food to express their desire for a meal."""
84. Requesting Assistance in Mobility: Person needs assistance with mobility but can't clearly express it.,"""Seeking assistance with mobility is important. It appears the person might be having trouble clearly expressing this need. As a caretaker, be observant of any signs of discomfort or gestures indicating difficulty in movement. Encourage the use of keywords, gestures, or assistive devices to convey the desire for help with mobility."""
85. Wanting Personal Space: Person desires personal space but has difficulty conveying this to their caretaker.,"""Desiring personal space is natural. It seems like the person is finding it challenging to express this need. As a caretaker, be attentive to nonverbal cues such as stepping back or gestures indicating a desire for privacy. Encourage the use of simple phrases or visuals to communicate the need for personal space."""
86. Difficulty Choosing Activities: Person wants to participate in activities but can't decide.,"""Choosing activities can be overwhelming. It appears the person is having trouble making decisions. As a caretaker, provide a selection of simple options and encourage the use of visual aids or pointing to express preferences. This helps the person participate in activities while minimizing decision-making stress."""
87. Expressing Comfort or Discomfort: Person struggles to convey whether they are comfortable or uncomfortable.,"""Conveying comfort or discomfort is essential. It seems like the person may be having difficulty expressing this. As a caretaker, pay attention to body language and subtle cues. Encourage the use of simple phrases or expressions to convey whether they feel comfortable or uncomfortable in specific situations."""
88. Requesting Social Interaction: Person desires social interaction but can't communicate it clearly.,"""Seeking social interaction is a common need. It appears the person may be having trouble expressing this desire. As a caretaker, be attentive to nonverbal cues like reaching out or smiling. Encourage the use of simple phrases, gestures, or images to express the wish for social interaction."""
89. Difficulty Communicating Fatigue: Person is tired but struggles to communicate this to their caretaker.,"""Expressing fatigue is important for self-care. It seems like the person may be having difficulty communicating their tiredness. As a caretaker, be observant of signs like slowing down or yawning. Encourage the use of simple words or symbols to express the need for rest or a break."""
90. Expressing Preference for Comfort: Person wants comfort but can't clearly communicate this preference.,"""Desiring comfort is a valid need. It appears the person is finding it challenging to express this preference. As a caretaker, be attentive to body language and expressions of discomfort. Encourage the use of simple phrases or symbols to communicate the desire for comfort, ensuring a supportive and understanding environment."""
91. Difficulty Describing Pain: Person struggles to describe physical pain to their caretaker.,"""It seems like they're in discomfort, trying to convey physical pain. Encourage the use of gestures, pointing, or facial expressions to identify the location and intensity of pain. Provide reassurance and let them know you're here to help with any discomfort they might be experiencing."""
92. Expressing Emotional State: Person is emotional but has trouble expressing why to their caretaker.,"""They seem to be feeling emotional but finding it hard to express why. Offer comfort, use a gentle tone, and encourage nonverbal expressions like nodding or shaking their head. Create a supportive atmosphere, allowing them to share their feelings at their own pace."""
93. Difficulty Communicating Hunger: Person wants to communicate hunger but struggles to do so.,"""It looks like they're trying to express hunger. Suggest pointing to food items or using simple words related to meals. Acknowledge their hunger cues and provide reassurance that you'll assist them in getting something to eat. Ensuring regular meals is important for their well-being."""
94. Requesting Assistance in Mobility: Person needs assistance with mobility but can't clearly express it.,"""They may need help with moving or getting up. Pay attention to body language or any attempts to stand. Encourage the use of simple words, gestures, or pointing to communicate the need for assistance. Assure them that you're there to provide the support they require."""
95. Wanting Personal Space: Person desires personal space but has difficulty conveying this to their caretaker.,"""It seems like they're expressing a need for personal space. Be observant of any gestures or movements indicating a desire for privacy. Gently guide them to a quieter area or provide a comfortable space where they can have some alone time if needed."""
96. Difficulty Choosing Activities: Person wants to participate in activities but can't decide.,"""They seem eager to engage in activities but might find it challenging to decide. Offer simple choices and use visual aids or gestures to facilitate decision-making. Creating a structured routine with varied activities can help them feel engaged and fulfilled."""
97. Expressing Comfort or Discomfort: Person struggles to convey whether they are comfortable or uncomfortable.,"""It appears they're finding it hard to express comfort or discomfort. Pay attention to their body language, as it often provides cues. Use simple words, gestures, or visual aids to encourage them to communicate their level of comfort, ensuring their well-being in different situations."""
98. Requesting Social Interaction: Person desires social interaction but can't communicate it clearly.,"""They may be indicating a wish for social interaction. Observe their attempts to engage or expressions of joy. Encourage the use of simple phrases, gestures, or pointing to express their desire for socializing. Facilitate opportunities for social connections to enhance their well-being."""
99. Difficulty Communicating Fatigue: Person is tired but struggles to communicate this to their caretaker.,"""It looks like they're expressing fatigue. Pay attention to signs like slowing down or resting their head. Encourage the use of simple words or gestures to convey the need for rest or a break. Ensure they have a comfortable and quiet space to rejuvenate."""
100. Expressing Preference for Comfort: Person wants comfort but can't clearly communicate this preference.,"""They seem to be expressing a desire for comfort. Pay attention to body language indicating discomfort. Encourage the use of simple words or gestures to express specific needs for comfort, like adjusting pillows or blankets. Provide reassurance and ensure their surroundings contribute to a sense of well-being."""
101. Difficulty Expressing Thirst: Person is thirsty but struggles to convey it to their caretaker.,"""It looks like they're trying to communicate thirst. Encourage them to use gestures or simple words related to drinks. Offer a variety of beverage options and observe their reactions to identify their preference. Ensure they have access to fluids to stay hydrated."""
102. Expressing Emotional Discomfort: Person is emotionally distressed but can't articulate the reason to their caretaker.,"""They seem emotionally distressed but find it challenging to express why. Approach with a calming presence, use gentle touch, and encourage nonverbal cues like nodding or shaking their head. Provide reassurance and let them know you're here to support them through any difficulty."""
103. Difficulty Conveying Hunger Preferences: Person wants to eat but struggles to express food preferences to their caretaker.,"""It appears they're expressing a desire to eat but might have difficulty specifying preferences. Offer a variety of simple food options and observe their reactions to identify likes and dislikes. Create a comfortable dining environment to enhance their eating experience."""
104. Requesting Specific Assistance: Person needs help with a particular task but can't clearly communicate it.,"""They may require assistance with a specific task. Encourage the use of gestures, pointing, or simple words to identify the task. Be observant of their attempts and provide the necessary support. Ensure they feel understood and supported in completing the task."""
105. Difficulty Expressing Discomfort: Person is in discomfort but struggles to convey the details to their caretaker.,"""It seems like they're experiencing discomfort but finding it hard to express. Encourage nonverbal cues, observe their body language, and gently inquire about the location and intensity of discomfort. Provide reassurance and ensure appropriate measures are taken to address their discomfort."""
106. Expressing Desire for Outdoor Activity: Person wants to go outdoors but has trouble communicating this to their caretaker.,"""They appear to be expressing a desire for outdoor activity. Encourage gestures or simple words related to going outside. Observe their reactions to gauge enthusiasm and arrange a comfortable outdoor experience. Outdoor activities can contribute positively to their well-being."""
107. Difficulty Conveying Loneliness: Person feels lonely but struggles to articulate this to their caretaker.,"""It looks like they're expressing feelings of loneliness. Offer companionship, use comforting gestures, and encourage simple words to express their emotions. Create a supportive environment to alleviate loneliness and ensure they feel connected and understood."""
108. Requesting Recreational Activity: Person desires recreational activities but can't specify preferences.,"""They may be expressing interest in recreational activities without specifying preferences. Provide a range of options and observe their reactions to identify enjoyable activities. Ensure a varied and engaging recreational routine to enhance their overall well-being."""
109. Difficulty Conveying Sleepiness: Person is tired but struggles to communicate the need for rest to their caretaker.,"""It seems like they're expressing fatigue but finding it hard to communicate. Encourage gestures or simple words related to rest. Create a calm and comfortable environment, ensuring they have the opportunity for a peaceful rest. Adequate rest is essential for their overall well-being."""
110. Expressing Desire for Familiarity: Person wants familiar surroundings but has difficulty conveying this to their caretaker.,"""They appear to be expressing a desire for familiar surroundings. Encourage the use of gestures or simple words related to home. Create a comforting environment with familiar items to enhance their sense of security and well-being."""
"Prompt 1: ""Water, please.""","""It seems they are requesting water. Offer a glass of water and observe for confirmation. Ensure easy access to hydration to meet their immediate need."""
"Prompt 2: ""I feel pain.""","""They are indicating pain. Encourage them to point or gesture to the location of discomfort. Assess their response to determine the intensity and specific area of pain. Take appropriate measures to address their discomfort."""
"Prompt 3: ""Hungry, but I don't know what I want.""","""Expressing hunger but uncertain about preferences. Offer a selection of simple food items and observe reactions. Create a supportive dining environment to facilitate their eating experience."""
"Prompt 4: ""Help, can't find something.""","""Seeking assistance in finding an item. Encourage them to point or describe the item. Provide assistance in locating the desired object and ensure they feel supported in their search."""
"Prompt 5: ""Tired, but not sure if I can rest.""","""Indicating fatigue but unsure about the possibility of rest. Encourage expressions of rest or sleep. Create a calm and comfortable environment, reassuring them that rest is available whenever needed."""
"Prompt 6: ""Want to go out, but don't know where.""","""Expressing a desire to go outdoors without specifying the destination. Encourage them to use gestures or simple words related to going outside. Plan a comfortable outdoor experience for them."""
"Prompt 7: ""Lonely, but can't explain.""","""Indicating feelings of loneliness without a clear explanation. Provide companionship, use comforting gestures, and encourage simple expressions of emotions. Create a supportive environment to alleviate loneliness."""
"Prompt 8: ""Something is wrong, but I can't say.""","""Expressing a sense that something is wrong without clear articulation. Encourage them to point or use gestures to convey concerns. Be attentive to nonverbal cues and offer reassurance."""
"Prompt 9: ""Want to do something fun.""","""Expressing a desire for recreational activities without specifying preferences. Offer a range of enjoyable options and observe reactions. Ensure a varied and engaging recreational routine."""
"Prompt 10: ""Need to talk, but words are hard.""","""Expressing a need for communication despite difficulties with words. Encourage nonverbal expressions and provide a supportive atmosphere. Let them know you are there to listen and understand."""
"Prompt 1: ""I'm trying to say... umm... the thing you sit on in the living room.""","""They are struggling to recall the word for 'chair.' Offer patient encouragement and suggest possible words related to sitting, such as 'sofa' or 'seat,' to help them remember."""
"Prompt 2: ""It's like a book, but on the screen... I can't remember.""","""Attempting to describe an electronic book. Help them by suggesting 'e-book,' 'digital book,' or 'online reading.' Provide verbal cues to aid in word retrieval."""
"Prompt 3: ""I need that thing you use to talk on the phone, but it's not the phone itself.""","""Referring to a device for phone communication. Assist by suggesting 'headset' or 'earpiece.' Offer additional descriptive prompts to narrow down the specific word they are seeking."""
"Prompt 4: ""The thing that tells you the weather... it's on TV every day.""","""Describing a weather-related broadcast. Help by proposing 'weather report' or 'forecast.' Provide contextual clues to jog their memory about the term they are searching for."""
"Prompt 5: ""It's in the kitchen, you cook on it... not the oven, the other one.""","""Attempting to recall the word for a cooking appliance. Aid by suggesting 'stove' or 'cooktop.' Offer additional prompts related to kitchen activities to assist in word retrieval."""
"Prompt 6: ""I'm looking for the thing you write with, not a pen but the other one.""","""Trying to remember the word for a writing instrument. Assist by proposing 'pencil' or 'marker.' Provide visual or tactile cues to aid in recalling the specific term."""
"Prompt 7: ""It's like a big car that carries lots of people, not a bus though.""","""Describing a large vehicle for transporting people. Help by suggesting 'van' or 'minivan.' Offer additional prompts related to vehicle size and purpose to assist in word retrieval."""
"Prompt 8: ""I can't find the word for the thing that makes your room cold in the summer.""","""Attempting to recall the term for a cooling device. Assist by proposing 'air conditioner' or 'AC.' Provide temperature-related prompts to aid in word retrieval."""
"Prompt 9: ""The thing that shows you movies, not the TV but the other one.""","""Trying to remember the term for a movie-viewing device. Help by suggesting 'projector' or 'screen.' Offer additional prompts related to entertainment systems to assist in word retrieval."""
"Prompt 10: ""I need that thing with a handle, you open doors with it.""","""Describing a door-opening device. Aid by proposing 'doorknob' or 'handle.' Provide tactile or visual cues related to door entry to assist in word retrieval."""
"Prompt 1: ""I'm trying to say... umm... the thing you sit on in the living room.""","""Patient is struggling to recall the word for 'chair.' Provide encouraging words, ask about the description, and suggest words related to sitting, such as 'sofa' or 'seat.'"""
"Prompt 2: ""It's like a book, but on the screen... I can't remember.""","""Individual is describing an electronic book. Assist by suggesting terms like 'e-book,' 'digital book,' or 'online reading.' Encourage them to elaborate for more context."""
"Prompt 3: ""I need that thing you use to talk on the phone, but it's not the phone itself.""","""Referring to a device for phone communication. Help by suggesting 'headset' or 'earpiece.' Ask about its features or usage to narrow down the options."""
"Prompt 4: ""The thing that tells you the weather... it's on TV every day.""","""Describing a weather-related broadcast. Assist by proposing 'weather report' or 'forecast.' Inquire about the details to pinpoint the term they're looking for."""
"Prompt 5: ""It's in the kitchen, you cook on it... not the oven, the other one.""","""Attempting to recall the word for a cooking appliance. Aid by suggesting 'stove' or 'cooktop.' Ask about its characteristics to guide their memory retrieval."""
"Prompt 6: ""I'm looking for the thing you write with, not a pen but the other one.""","""Trying to remember the word for a writing instrument. Assist by proposing 'pencil' or 'marker.' Encourage them to describe its appearance or function."""
"Prompt 7: ""It's like a big car that carries lots of people, not a bus though.""","""Describing a large vehicle for transporting people. Help by suggesting 'van' or 'minivan.' Ask about its features or color to assist in word retrieval."""
"Prompt 8: ""I can't find the word for the thing that makes your room cold in the summer.""","""Attempting to recall the term for a cooling device. Aid by suggesting 'air conditioner' or 'AC.' Inquire about its purpose or location to help them remember."""
"Prompt 9: ""The thing that shows you movies, not the TV but the other one.""","""Trying to remember the term for a movie-viewing device. Help by suggesting 'projector' or 'screen.' Ask about its function or shape for additional context."""
"Prompt 10: ""I need that thing with a handle, you open doors with it.""","""Describing a door-opening device. Aid by proposing 'doorknob' or 'handle.' Encourage them to talk about its shape or where it's typically found for more details."""
"Prompt 11: ""I'm trying to think of the name for the thing you wear when it rains, it's like a coat but for rain.""","""Individual is referring to rain protection clothing. Suggest terms like 'raincoat' or 'umbrella.' Encourage them to elaborate on its features or purpose for more context."""
"Prompt 12: ""I need the word for the small, flat thing you use to open locks. It's not a key.""","""Describing a lock-opening tool. Assist by suggesting 'lockpick' or 'keycard.' Ask about its shape or where it's commonly used to narrow down the possibilities."""
"Prompt 13: ""It's the thing you use to talk to people far away, not a letter but the instant one.""","""Referring to instant communication. Help by suggesting 'phone call' or 'chat.' Inquire about its features or where it's commonly used to guide their memory retrieval."""
"Prompt 14: ""I'm looking for the word for the thing you use to see things up close, not glasses but the handheld one.""","""Attempting to recall a vision-assisting device. Aid by proposing 'magnifying glass' or 'loupe.' Encourage them to describe its size or where it's typically used."""
"Prompt 15: ""I can't remember the name for the thing you use to write on a computer, it's not a pen.""","""Describing a computer input device. Help by suggesting 'keyboard' or 'keypad.' Ask about its layout or the keys to assist in word retrieval."""
"Prompt 16: ""The word for the thing you sit on in the car, not the seat but the one that makes you safe.""","""Referring to a safety device in a car. Assist by suggesting 'seatbelt' or 'safety belt.' Inquire about its purpose or where it's located to guide their memory retrieval."""
"Prompt 17: ""I need that word for the thing you use to cook soup, not a pot but the handheld one.""","""Attempting to recall a soup-cooking tool. Aid by proposing 'ladle' or 'dipper.' Encourage them to describe its shape or where it's commonly found."""
"Prompt 18: ""It's the thing you use to wake up in the morning, not a clock but the one you set.""","""Referring to a wake-up device. Help by suggesting 'alarm' or 'alarm clock.' Ask about its sound or where it's placed to assist in word retrieval."""
"Prompt 19: ""I'm trying to find the word for the thing you use to cut paper, it's not scissors.""","""Describing a paper-cutting tool. Help by suggesting 'paper cutter' or 'trimmer.' Inquire about its features or where it's commonly used to guide their memory retrieval."""
"Prompt 20: ""I can't remember the name for the thing you use to find places, not a map but the one in your hand.""","""Referring to a handheld navigation device. Assist by suggesting 'GPS' or 'navigator.' Inquire about its features or where it's commonly used to guide their memory retrieval."""
"Prompt 21: ""I'm trying to recall the name for the thing you use to clean your teeth, not a toothbrush.""","""Referring to a teeth-cleaning tool. Suggest 'floss' or 'dental pick.' Encourage them to describe its function or where it's typically found for more context."""
"Prompt 22: ""I can't remember the word for the feeling when you're happy and sad at the same time.""","""Describing mixed emotions. Suggest 'bittersweet' or 'melancholic joy.' Ask about the situation causing the emotions to guide their memory retrieval."""
"Prompt 23: ""It's the word for the action when you say sorry for something you did wrong.""","""Referring to apologizing. Help by suggesting 'apology' or 'saying sorry.' Ask about the specific situation or actions involved to guide their memory retrieval."""
"Prompt 24: ""I need the word for the thing you use to cover your head when it's sunny, not a hat.""","""Attempting to recall a head-covering item. Suggest 'umbrella' or 'sunshade.' Encourage them to describe its size or where it's commonly used."""
"Prompt 25: ""I'm trying to find the word for the place you go to buy food, not a restaurant.""","""Referring to a food-purchasing location. Assist by suggesting 'grocery store' or 'market.' Inquire about the items they buy or its layout for more details."""
"Prompt 26: ""It's the thing you do to remember something important, not forgetting.""","""Describing the act of remembering. Help by suggesting 'memory' or 'recall.' Ask about the specific event or details they are trying to remember for more context."""
"Prompt 27: ""I can't remember the name for the feeling when something is very funny, not laughter.""","""Referring to intense amusement. Suggest 'hilarity' or 'uproariousness.' Inquire about the situation or what made them laugh to guide their memory retrieval."""
"Prompt 28: ""I need the word for the thing you use to write with, not a pencil.""","""Attempting to recall a writing tool. Aid by proposing 'pen' or 'quill.' Encourage them to describe its features or where it's commonly found."""
"Prompt 29: ""It's the word for the thing you use to listen to music, not a radio.""","""Referring to a music-listening device. Assist by suggesting 'headphones' or 'earphones.' Inquire about its features or where it's commonly used for more context."""
"Prompt 30: ""I'm trying to remember the word for the feeling when you're scared of something, not fear.""","""Describing a heightened state of fear. Help by suggesting 'anxiety' or 'dread.' Ask about the specific situation or what causes the feeling to guide their memory retrieval."""
"Prompt 31: ""I can't find the word for the thing you sit on, not a chair.""","""Referring to a seating item. Suggest 'sofa' or 'bench.' Encourage them to describe its use or features to aid memory retrieval."""
"Prompt 32: ""I'm trying to recall the name for the place where you keep your clothes, not a closet.""","""Describing a storage space. Assist by suggesting 'wardrobe' or 'dresser.' Ask about the room or its location for more details."""
"Prompt 33: ""It's the word for the person who fixes your car, not a mechanic.""","""Referring to an auto repair professional. Help by suggesting 'auto technician' or 'car specialist.' Inquire about the services they provide or the location for more context."""
"Prompt 34: ""I need the word for the feeling when you miss someone, not sadness.""","""Describing a longing emotion. Suggest 'yearning' or 'nostalgia.' Ask about the person they miss or the memories associated with that feeling for more context."""
"Prompt 35: ""I can't remember the name for the thing you use to cut paper, not scissors.""","""Referring to a paper-cutting tool. Aid by proposing 'paper cutter' or 'trimmer.' Encourage them to describe its features or where it's commonly found."""
"Prompt 36: ""It's the thing you use to wake up in the morning, not an alarm clock.""","""Attempting to recall a waking device. Suggest 'sunlight' or 'natural light.' Encourage them to describe its effect or where it's commonly found."""
"Prompt 37: ""I'm trying to find the word for the place where you check out books, not a library.""","""Referring to a book-checkout location. Assist by suggesting 'bookstore' or 'bookshop.' Inquire about the types of books or its location for more details."""
"Prompt 38: ""It's the word for the person who grows flowers, not a gardener.""","""Referring to a flower-growing professional. Help by suggesting 'florist' or 'flower cultivator.' Inquire about the flowers they grow or their role for more context."""
"Prompt 39: ""I need the word for the feeling when something is very beautiful, not happiness.""","""Describing an aesthetic appreciation. Suggest 'admiration' or 'awe.' Ask about the beautiful thing or its characteristics for more context."""
"Prompt 40: ""I can't remember the name for the thing you use to capture moments, not a camera.""","""Referring to a moment-capturing device. Aid by proposing 'smartphone' or 'mobile device.' Encourage them to describe its features or where it's commonly found."""
"Prompt 41: ""I'm struggling to recall the word for the thing you write with, not a pen.""","""Describing a writing instrument. Suggest 'pencil' or 'writing tool.' Can you provide more details about its appearance or purpose?"""
"Prompt 42: ""I can't find the word for the place where you buy groceries, not a supermarket.""","""Referring to a food-shopping location. Help by suggesting 'grocery store' or 'market.' Can you share more about what you usually buy there?"""
"Prompt 43: ""I'm trying to remember the name for the person who studies the stars, not an astronomer.""","""Referring to a celestial researcher. Suggest 'astrophysicist' or 'cosmologist.' Can you provide more details about their work or field of study?"""
"Prompt 44: ""I need the word for the feeling when you achieve something, not happiness.""","""Describing a sense of accomplishment. Suggest 'fulfillment' or 'satisfaction.' Can you share more about the achievement or what you did?"""
"Prompt 45: ""I can't recall the name for the thing you use to communicate on the internet, not a computer.""","""Referring to an online communication device. Help by suggesting 'smartphone' or 'mobile device.' Can you describe its features or how you use it?"""
"Prompt 46: ""It's the word for the person who creates beautiful artworks, not a painter.""","""Referring to an art creator. Assist by suggesting 'sculptor' or 'artisan.' Can you provide more details about the type of art they create or their techniques?"""
"Prompt 47: ""I'm trying to find the word for the place where you see performances, not a theater.""","""Referring to a performance venue. Suggest 'concert hall' or 'auditorium.' Can you share more about the type of performances or events you attend there?"""
"Prompt 48: ""I can't remember the name for the thing you use to measure time, not a clock.""","""Describing a time-measuring device. Suggest 'watch' or 'timepiece.' Can you provide more details about its appearance or where you usually wear it?"""
"Prompt 49: ""It's the word for the feeling when something is extremely funny, not joy.""","""Describing an intense sense of humor. Suggest 'hilarity' or 'uproariousness.' Can you share more about what made you feel that way or the situation?"""
"Prompt 50: ""I'm struggling to recall the name for the thing you use to keep food cold, not a fridge.""","""Referring to a cooling appliance. Help by suggesting 'freezer' or 'icebox.' Can you provide more details about its features or where it's commonly found?"""
"Prompt 51: ""I'm struggling to find the word for the thing you use to write, not a pen.""","""Describing a writing tool. Suggest 'pencil' or 'writing instrument.' Can you provide more details about its appearance or where you typically use it?"""
"Prompt 52: ""I can't remember the name for the place where you buy clothes, not a mall.""","""Referring to a clothing shopping location. Help by suggesting 'boutique' or 'clothing store.' Can you share more about the type of clothing or the fashion you're looking for?"""
"Prompt 53: ""I need the word for the person who fixes cars, not a mechanic.""","""Referring to an automotive repair professional. Suggest 'auto technician' or 'car specialist.' Can you provide more details about the car trouble or the type of vehicle?"""
"Prompt 54: ""I'm trying to remember the name for the feeling when you achieve something big, not happiness.""","""Describing a sense of significant accomplishment. Suggest 'triumph' or 'success.' Can you share more about the achievement or the impact it had on you?"""
"Prompt 55: ""I can't recall the word for the thing you use to communicate through written messages, not a computer.""","""Referring to a written communication device. Help by suggesting 'tablet' or 'smart device.' Can you describe how you typically use it to communicate?"""
"Prompt 56: ""It's the word for the person who designs beautiful buildings, not an architect.""","""Referring to a building design professional. Assist by suggesting 'designer' or 'architectural artist.' Can you provide more details about the type of buildings or structures?"""
"Prompt 57: ""I'm trying to find the word for the place where you eat food, not a restaurant.""","""Referring to a dining location. Suggest 'cafeteria' or 'dining hall.' Can you share more about the type of food or the atmosphere you're thinking of?"""
"Prompt 58: ""I can't remember the name for the thing you use to measure distance, not a ruler.""","""Describing a distance-measuring tool. Suggest 'tape measure' or 'measuring device.' Can you provide more details about its features or where you typically use it?"""
"Prompt 59: ""It's the word for the feeling when something is extremely funny, not joy.""","""Describing an intense sense of humor. Suggest 'uproariousness' or 'hilarity.' Can you share more about what made you feel that way or the context?"""
"Prompt 60: ""I'm struggling to recall the name for the thing you use to keep drinks cold, not a refrigerator.""","""Referring to a cooling appliance for beverages. Help by suggesting 'icebox' or 'cooler.' Can you provide more details about its features or where it's commonly used?"""
"Prompt 61: ""I can't find the word for the thing you wear in winter to keep your hands warm, not gloves.""","""Describing a hand-warming accessory. Suggest 'mittens' or 'hand warmers.' Can you share more about the style or color you're thinking of?"""
"Prompt 62: ""I'm struggling to remember the name for the place where you borrow books, not a library.""","""Referring to a book borrowing location. Suggest 'bookstore' or 'book rental.' Can you provide more details about the atmosphere or the type of books you're looking for?"""
"Prompt 63: ""I need help recalling the word for the person who studies stars, not an astronomer.""","""Describing a star-studying professional. Suggest 'astrophysicist' or 'celestial scientist.' Can you share more about the specific aspect of stars or celestial bodies you're interested in?"""
"Prompt 64: ""I can't remember the word for the feeling when you see something cute, not joy.""","""Describing an affectionate response to cuteness. Suggest 'adoration' or 'warmth.' Can you provide more details about what you find cute or the context in which you experienced it?"""
"Prompt 65: ""I'm trying to find the word for the thing you use to cut paper, not scissors.""","""Referring to a paper-cutting tool. Help by suggesting 'paper cutter' or 'trimmer.' Can you describe its features or where you typically use it?"""
"Prompt 66: ""It's the word for the feeling when something is so funny that you can't stop laughing, not happiness.""","""Describing an intense and prolonged sense of humor. Suggest 'hysterical laughter' or 'side-splitting humor.' Can you share more about what made you laugh or the context in which it happened?"""
"Prompt 67: ""I can't recall the name for the thing you use to capture images, not a camera.""","""Referring to an image-capturing device. Suggest 'smartphone' or 'mobile device with a camera.' Can you provide more details about its features or where you typically use it?"""
"Prompt 68: ""I'm trying to remember the word for the person who explores caves, not a spelunker.""","""Describing a cave exploration enthusiast. Suggest 'caver' or 'subterranean explorer.' Can you provide more details about the type of caves or your interest in exploration?"""
"Prompt 69: ""I need help finding the word for the thing you use to write on a board, not chalk.""","""Referring to a board-writing tool. Help by suggesting 'whiteboard marker' or 'dry-erase pen.' Can you describe its color or the context in which you use it?"""
"Prompt 70: ""I can't remember the word for the feeling when you're scared of the dark, not fear.""","""Describing a specific fear of darkness. Suggest 'nyctophobia' or 'afraid of the dark.' Can you share more about when you experience this feeling or any specific triggers?"""
"Prompt 71: ""I'm struggling to recall the name for the thing you use to send letters, not email.""","""Describing a traditional letter-sending tool. Suggest 'envelope' or 'postal mail.' Can you share more about the context in which you typically use it or any specific features you remember?"""
"Prompt 72: ""I need help remembering the word for the feeling when something is so beautiful, not admiration.""","""Describing an intense appreciation of beauty. Suggest 'awe' or 'captivation.' Can you provide more details about what you find beautiful or any specific instances that come to mind?"""
"Prompt 73: ""I can't find the word for the thing you use to climb mountains, not a rope.""","""Referring to a mountain-climbing tool. Help by suggesting 'ice axe' or 'crampons.' Can you describe its features or the type of mountains you typically climb?"""
"Prompt 74: ""I'm trying to find the word for the person who cooks in a restaurant, not a chef.""","""Describing a professional cook in a restaurant setting. Suggest 'cook' or 'line cook.' Can you share more about the type of cuisine or the specific role you're thinking of?"""
"Prompt 75: ""I can't recall the name for the feeling when something is so nostalgic, not sentimentality.""","""Describing a deep sense of nostalgia. Suggest 'longing' or 'wistfulness.' Can you provide more details about the specific memories or experiences that evoke this feeling?"""
"Prompt 76: ""I need help recalling the word for the thing you use to navigate on the road, not a map.""","""Referring to a road navigation device. Help by suggesting 'GPS' or 'satellite navigation.' Can you describe its features or any specific challenges you face while using it?"""
"Prompt 77: ""I'm struggling to remember the name for the person who studies insects, not an entomologist.""","""Describing an insect enthusiast. Suggest 'entomophile' or 'bug researcher.' Can you share more about the type of insects or your interest in entomology?"""
"Prompt 78: ""I can't find the word for the thing you use to open a locked door, not a key.""","""Referring to a door-opening tool. Help by suggesting 'lock pick' or 'door opener.' Can you describe its features or any specific situations in which you use it?"""
"Prompt 79: ""I'm trying to remember the word for the person who studies weather, not a meteorologist.""","""Describing a weather enthusiast. Suggest 'weather enthusiast' or 'weather hobbyist.' Can you provide more details about the specific aspects of weather or your interest in meteorology?"""
"Prompt 80: ""I can't recall the name for the feeling when you're excited and nervous, not anticipation.""","""Describing a mix of excitement and nervousness. Suggest 'jitters' or 'butterflies in the stomach.' Can you share more about the situation or any specific events that trigger this feeling?"""
"Prompt 81: ""I'm trying to find the word for the place where you keep your clothes, not a closet.""","""Describing a furniture item for storing clothes. Suggest 'dresser' or 'wardrobe.' Can you provide more details about its size, color, or any specific features you remember?"""
"Prompt 82: ""I need help remembering the word for the feeling when you achieve something, not satisfaction.""","""Describing a sense of accomplishment. Suggest 'fulfillment' or 'triumph.' Can you share more about the achievement or any specific goals you've accomplished recently?"""
"Prompt 83: ""I can't recall the name for the thing you use to cut paper, not scissors.""","""Referring to a paper-cutting tool. Help by suggesting 'paper cutter' or 'trimmer.' Can you describe its features or any specific projects you usually work on?"""
"Prompt 84: ""I'm struggling to remember the word for the person who writes poems, not a poet.""","""Describing a writer of poems. Suggest 'poemist' or 'verse writer.' Can you provide more details about the themes or styles of poetry you're thinking of?"""
"Prompt 85: ""I can't find the word for the feeling when something is so funny, not amusement.""","""Describing an intense sense of humor. Suggest 'hilarity' or 'uproariousness.' Can you share more about what made you feel this way or any specific comedic situations?"""
"Prompt 86: ""I need help recalling the word for the thing you use to capture memories, not a camera.""","""Referring to a memory-capturing device. Help by suggesting 'voice recorder' or 'audio diary.' Can you describe its features or any memorable events you've recorded?"""
"Prompt 87: ""I'm struggling to remember the name for the person who studies stars, not an astronomer.""","""Describing a star enthusiast. Suggest 'astrologer' or 'stargazer.' Can you provide more details about the specific stars or your interest in astronomy?"""
"Prompt 88: ""I can't find the word for the thing you use to measure time, not a clock.""","""Referring to a time-measuring device. Help by suggesting 'stopwatch' or 'timer.' Can you describe its features or any specific time-related activities you're thinking of?"""
"Prompt 89: ""I'm trying to remember the word for the person who studies rocks, not a geologist.""","""Describing a rock enthusiast. Suggest 'petrologist' or 'rock collector.' Can you share more about the types of rocks or geological formations you're interested in?"""
"Prompt 90: ""I can't recall the name for the feeling when something is so sad, not sorrow.""","""Describing an intense sense of sadness. Suggest 'melancholy' or 'grief.' Can you provide more details about what evoked this feeling or any specific situations you remember?"""
"""I'm trying to say something about, uh, the thing you use to cut paper.""","""It sounds like you're looking for the word 'scissors,' which is a tool used for cutting paper."""
"""Uh, what's that thing, you know, it's hot, and you cook food in it?""","""It seems you're thinking of an 'oven,' a device used for cooking food by applying heat."""
"""The round thing with numbers, I forget what it's called, you look at the time?""","""Are you referring to a 'clock'? It's a round device that displays the time with numbers."""
"""I need help finding the, uh, the place where you borrow books.""","""You might be thinking of a 'library,' a place where you can borrow books and read."""
"""I can't remember the word for, um, the opposite of 'buy'.""","""It sounds like you're searching for the word 'sell,' which is the opposite of 'buy' when referring to transactions."""
"""I want to write a letter, and I need that thing, you put it on paper and it makes words.""","""It sounds like you're looking for a 'pen,' a writing instrument used to put words on paper."""
"""I'm looking for the word, you know, when someone remembers something again.""","""You might be thinking of 'recall,' which means remembering something again."""
"""I'm trying to find the word for, uh, when you apologize for something you did wrong.""","""It seems like you're thinking of the word 'apologize' or 'say sorry' when acknowledging a mistake."""
"""I forgot the word for, uh, the thing you sit on in the living room.""","""It seems like you're thinking of a 'sofa' or 'couch,' which is a piece of furniture for sitting in the living room."""
"""What's the word for, um, the thing you wear when it rains to stay dry?""","""Are you trying to recall the term 'umbrella'? It's an item you use to stay dry during rainy weather."""
"""I can't remember the word for, you know, those small, round green things you eat in a salad.""","""It sounds like you're thinking of 'peas,' the small, green spherical vegetables often used in salads."""
"""I'm looking for the word, uh, for the person who fixes your teeth.""","""Are you trying to remember the term 'dentist'? A dentist is a professional who takes care of your teeth and oral health."""
"""I need help with the word for, uh, the place where you buy fruits and vegetables.""","""You might be thinking of a 'grocery store' or 'market,' where you can purchase fresh fruits and vegetables."""
"""I'm trying to find the word, you know, for the thing you use to open a locked door.""","""It sounds like you're looking for the word 'key,' which is used to unlock doors."""
"""I forgot the word for, um, the feeling when you're really happy about something.""","""Are you thinking of 'joy' or 'happiness'? It's the positive emotion you experience when something brings you great delight."""
"""I'm looking for the word, uh, for the event where two people get married.""","""You might be thinking of a 'wedding,' which is the ceremony where two people exchange vows and get married."""
"""I'm trying to remember the name for, uh, the thing that tells you the weather on TV.""","""It sounds like you're thinking of a 'weather report' or 'forecast,' which is the information about the weather on television."""
"""I can't recall the word for, um, the place where you go to see paintings and sculptures.""","""Are you searching for the term 'art gallery' or 'museum'? It's a place where you can view paintings and sculptures."""
"""I need help with the word for, uh, the small, flat device you use to communicate with people.""","""It seems like you're looking for the word 'phone' or 'smartphone,' which is a device for communication."""
"""I forgot the word for, you know, the action of moving your body to music.""","""Are you trying to remember the word 'dance'? It's the movement of the body in a rhythmic way, often to music."""
"""I'm looking for the word, uh, for the person who flies an airplane.""","""It sounds like you're thinking of a 'pilot,' which is the person responsible for flying an airplane."""
"""I'm trying to find the word, you know, for the place where you keep your money in a bank.""","""You might be thinking of a 'bank account' or 'savings account,' which is where you store your money in a bank."""
"""I forgot the word for, um, the feeling when you're scared of something.""","""It sounds like you're thinking of 'fear' or 'anxiety.' It's the emotion you experience when you're scared or worried."""
"""I'm looking for the word, uh, for the event where people celebrate the passing of another year.""","""Are you searching for the term 'New Year's Eve' or 'celebration'? It's the event where people mark the end of the year and welcome the new one."""
"""I can't find the word for, um, the thing that keeps your food cold in the kitchen.""","""It seems you're thinking of a 'refrigerator' or 'fridge,' which is an appliance used to keep food cold in the kitchen."""
"""What's the word for, uh, the material you use to write with on paper?""","""Are you trying to remember the term 'pen' or 'pencil'? It's the writing tool you use on paper."""
"""I need help with the word for, uh, the place where you buy and eat sandwiches.""","""It sounds like you're looking for a 'deli' or 'sandwich shop,' where you can purchase and enjoy sandwiches."""
"""I forgot the word for, you know, the action of putting clothes in a suitcase.""","""Are you trying to recall the word 'packing'? It's the act of putting clothes in a suitcase before a trip."""
"""I'm looking for the word, uh, for the place where you borrow movies to watch at home.""","""It sounds like you're thinking of a 'video rental store' or 'movie rental shop,' where you can borrow movies to watch at home."""
"""I'm trying to find the word, you know, for the feeling when you're content and relaxed.""","""Are you thinking of 'peace' or 'serenity'? It's the emotion you experience when you're content and relaxed."""
"""I forgot the word for, um, the event where people come together to celebrate someone's birthday.""","""It seems like you're looking for the term 'birthday party' or 'celebration.' It's an event where people gather to celebrate someone's birthday."""
"""I'm looking for the word, uh, for the thing you use to cut paper in a straight line.""","""Are you searching for the term 'scissors' or 'shears'? It's the tool you use to cut paper in a straight line."""
"""I'm trying to find the word for, uh, the thing you use to make hot drinks in the morning.""","""It sounds like you're thinking of a 'kettle' or 'coffee maker,' which is an appliance used to make hot drinks in the morning."""
"""What's the word for, um, the place where you buy fresh fruits and vegetables?""","""Are you trying to remember the term 'grocery store' or 'market'? It's the place where you can purchase fresh fruits and vegetables."""
"""I need help with the word for, uh, the person who takes care of your teeth.""","""It seems like you're looking for the word 'dentist,' who is a healthcare professional that takes care of your teeth."""
"""I forgot the word for, you know, the action of turning off the lights before going to bed.""","""Are you trying to recall the word 'switching off' or 'turning off'? It's the action of turning off the lights before going to bed."""
"""I'm looking for the word, uh, for the place where you keep your clothes and shoes.""","""It sounds like you're thinking of a 'closet' or 'wardrobe,' which is a storage space for clothes and shoes."""
"""I'm trying to find the word, you know, for the feeling when you achieve something significant.""","""Are you thinking of 'accomplishment' or 'success'? It's the positive emotion you experience when you achieve something significant."""
"""I forgot the word for, um, the event where people gather to watch a film together.""","""It seems like you're looking for the term 'movie night' or 'film screening.' It's an event where people come together to watch a film."""
"""I'm looking for the word, uh, for the action of writing your thoughts and feelings in a personal book.""","""Are you searching for the term 'journaling' or 'writing in a diary'? It's the action of expressing your thoughts and feelings in a personal book."""
"""I'm trying to find the word for, uh, the thing you wear on your wrist to know the time.""","""It sounds like you're thinking of a 'watch' or 'wristwatch,' which is an accessory worn on the wrist to tell the time."""
"""What's the word for, um, the place where you go to see animals from different parts of the world?""","""Are you trying to remember the term 'zoo' or 'wildlife park'? It's a place where you can see animals from various parts of the world."""
"""I need help with the word for, uh, the person who helps you choose and buy clothes.""","""It seems like you're looking for the word 'personal shopper' or 'stylist,' who is someone that helps you choose and buy clothes."""
"""I forgot the word for, you know, the action of making food warm using a microwave.""","""Are you trying to recall the word 'microwaving' or 'heating'? It's the action of making food warm using a microwave."""
"""I'm looking for the word, uh, for the place where you borrow books and return them.""","""It sounds like you're thinking of a 'library,' a place where you can borrow books and return them after reading."""
"""I'm trying to find the word, you know, for the feeling when you realize you left something behind.""","""Are you thinking of 'forgetfulness' or 'absent-mindedness'? It's the feeling when you realize you left something behind."""
"""I forgot the word for, um, the event where people come together to celebrate a couple getting married.""","""It seems like you're looking for the term 'wedding reception' or 'marriage celebration.' It's an event where people celebrate a couple getting married."""
"""I'm looking for the word, uh, for the thing you use to cut paper into different shapes.""","""Are you searching for the term 'scissors' or 'craft knife'? It's the tool you use to cut paper into different shapes."""
"""I can't remember the word for, uh, the place you go to see paintings and sculptures.""","""It sounds like you're thinking of an 'art gallery' or 'museum,' where you can see paintings and sculptures."""
"""What's the word for, um, the action of taking a deep breath in and then letting it out slowly?""","""Are you trying to remember the term 'deep breathing' or 'breathing exercises'? It's the action of taking a deep breath in and letting it out slowly."""
"""I need help with the word for, uh, the person who helps you buy and sell houses.""","""It seems like you're looking for the word 'realtor' or 'real estate agent,' who is someone that helps you buy and sell houses."""
"""I forgot the word for, you know, the feeling when you're happy for someone else's success.""","""Are you trying to recall the word 'joy' or 'happiness for others'? It's the feeling when you're happy for someone else's success."""
"""I'm looking for the word, uh, for the place where you go to exercise and use machines.""","""It sounds like you're thinking of a 'gym' or 'fitness center,' where you can exercise and use machines to stay fit."""
"""I'm trying to find the word, you know, for the thing you use to write on a digital screen.""","""Are you searching for the term 'stylus' or 'digital pen'? It's the tool you use to write on a digital screen."""
"""I forgot the word for, um, the event where people come together to enjoy music and dance.""","""It seems like you're looking for the term 'concert' or 'music festival.' It's an event where people come together to enjoy music and dance."""
"""I'm looking for the word, uh, for the feeling when you accomplish something after a lot of hard work.""","""Are you thinking of 'achievement' or 'fulfillment'? It's the positive feeling when you accomplish something after a lot of hard work."""
"""I'm trying to find the word for, uh, the thing you use to write messages on a computer.""","""It sounds like you're thinking of a 'keyboard' or 'typing device,' which is what you use to write messages on a computer."""
"""What's the word for, um, the place where you buy fruits, vegetables, and other food items?""","""Are you trying to remember the term 'grocery store' or 'market'? It's the place where you buy fruits, vegetables, and other food items."""
"""I need help with the word for, uh, the person who takes care of your health and gives you medicine.""","""It seems like you're looking for the word 'doctor' or 'physician,' who is a person that takes care of your health and prescribes medicine."""
"""I forgot the word for, you know, the action of telling someone about your experiences and feelings.""","""Are you trying to recall the word 'sharing' or 'expressing'? It's the action of telling someone about your experiences and feelings."""
"""I'm looking for the word, uh, for the thing you use to talk to someone far away on the phone.""","""It sounds like you're thinking of a 'telephone' or 'cell phone,' which is the device you use to talk to someone far away."""
"""I'm trying to find the word, you know, for the feeling when you're content and at peace.""","""Are you searching for the term 'contentment' or 'serenity'? It's the feeling when you're content and at peace."""
"""I forgot the word for, um, the event where people come together to celebrate a new beginning.""","""It seems like you're looking for the term 'celebration' or 'commencement.' It's an event where people come together to celebrate a new beginning."""
"""I'm looking for the word, uh, for the tool you use to cut paper in a straight line.""","""Are you thinking of 'scissors' or 'paper cutter'? It's the tool you use to cut paper in a straight line."""
"""I'm looking for the word for, uh, the thing you use to listen to music with headphones.""","""It sounds like you're thinking of a 'music player' or 'audio device,' which is what you use to listen to music with headphones."""
"""What's the word for, um, the place where you go to read and borrow books?""","""Are you trying to remember the term 'library' or 'bookstore'? It's the place where you go to read and borrow books."""
"""I need help with the word for, uh, the person who helps you fix problems with your computer.""","""It seems like you're looking for the word 'technician' or 'IT support,' who is a person that helps you fix problems with your computer."""
"""I forgot the word for, you know, the action of looking at something closely and carefully.""","""Are you trying to recall the word 'examine' or 'inspect'? It's the action of looking at something closely and carefully."""
"""I'm looking for the word, uh, for the place where you buy clothes and fashion accessories.""","""It sounds like you're thinking of a 'boutique' or 'clothing store,' where you buy clothes and fashion accessories."""
"""I'm trying to find the word, you know, for the thing you use to capture photos with your phone.""","""Are you searching for the term 'camera' or 'smartphone camera'? It's the tool you use to capture photos with your phone."""
"""I forgot the word for, um, the event where people come together to celebrate someone's accomplishments.""","""It seems like you're looking for the term 'achievement ceremony' or 'recognition event.' It's an event where people come together to celebrate someone's accomplishments."""
"""I'm looking for the word, uh, for the feeling when you realize you forgot something important.""","""Are you thinking of 'remorse' or 'regret'? It's the feeling when you realize you forgot something important."""
"""I can't recall the word for, uh, the thing you use to make hot beverages like tea and coffee.""","""It sounds like you're thinking of a 'kettle' or 'coffee maker,' which is the appliance you use to make hot beverages like tea and coffee."""
"""What's the word for, um, the place where you go to buy and enjoy different kinds of foods?""","""Are you trying to remember the term 'restaurant' or 'eatery'? It's the place where you go to buy and enjoy different kinds of foods."""
"""I need help with the word for, uh, the person who helps you when you're feeling unwell.""","""It seems like you're looking for the word 'doctor' or 'healthcare provider,' who is the person that helps you when you're feeling unwell."""
"""I forgot the word for, you know, the action of writing down your thoughts and ideas.""","""Are you trying to recall the word 'journaling' or 'note-taking'? It's the action of writing down your thoughts and ideas."""
"""I'm looking for the word, uh, for the place where you store your clothes and personal items.""","""It sounds like you're thinking of a 'closet' or 'wardrobe,' where you store your clothes and personal items."""
"""I'm trying to find the word, you know, for the device you use to communicate with someone far away.""","""Are you searching for the term 'phone' or 'telephone'? It's the device you use to communicate with someone far away."""
"""I forgot the word for, um, the event where people come together to celebrate a couple getting married.""","""It seems like you're looking for the term 'wedding ceremony' or 'marriage celebration.' It's an event where people come together to celebrate a couple getting married."""
"""I'm looking for the word, uh, for the feeling when you accomplish something important.""","""Are you thinking of 'achievement' or 'accomplishment'? It's the feeling when you accomplish something important."""
"""I'm trying to find the word for, uh, the thing you use to cook on top of the stove.""","""It sounds like you're thinking of a 'pan' or 'cooking pot,' which is the utensil you use to cook on top of the stove."""
"""What's the word for, um, the place where you buy fresh fruits, vegetables, and other groceries?""","""Are you trying to remember the term 'grocery store' or 'market'? It's the place where you buy fresh fruits, vegetables, and other groceries."""
"""I need help with the word for, uh, the person who fixes your car when it's not working.""","""It seems like you're looking for the word 'mechanic' or 'auto technician,' who is the person that fixes your car when it's not working."""
"""I forgot the word for, you know, the action of taking a break and breathing deeply.""","""Are you trying to recall the word 'relaxation' or 'deep breathing'? It's the action of taking a break and breathing deeply to relax."""
"""I'm looking for the word, uh, for the place where you keep your clothes and shoes organized.""","""It sounds like you're thinking of a 'closet' or 'wardrobe,' where you keep your clothes and shoes organized."""
"""I'm trying to find the word, you know, for the device you use to take pictures and capture memories.""","""Are you searching for the term 'camera' or 'photography device'? It's the device you use to take pictures and capture memories."""
"""I forgot the word for, um, the event where people come together to celebrate a new beginning in someone's life.""","""It seems like you're looking for the term 'graduation ceremony' or 'commencement.' It's an event where people come together to celebrate a new beginning in someone's life."""
"""I'm looking for the word, uh, for the feeling when you realize you made a mistake and want to make amends.""","""Are you thinking of 'remorse' or 'apology'? It's the feeling when you realize you made a mistake and want to make amends."""
"""I'm trying to find the word for, uh, the thing you use to make hot drinks in the kitchen.""","""It sounds like you're thinking of a 'kettle' or 'hot beverage maker,' which is the appliance you use to make hot drinks in the kitchen."""
"""What's the word for, um, the place where you go to see paintings and sculptures?""","""Are you trying to remember the term 'art gallery' or 'museum'? It's the place where you go to see paintings and sculptures."""
"""I need help with the word for, uh, the person who helps you choose and buy fashionable clothes.""","""It seems like you're looking for the word 'personal shopper' or 'stylist,' who is someone that helps you choose and buy fashionable clothes."""
"""I forgot the word for, you know, the action of turning off the lights before going to bed.""","""Are you trying to recall the word 'switching off' or 'turning off'? It's the action of turning off the lights before going to bed."""
"""I'm looking for the word, uh, for the place where you borrow books and return them.""","""It sounds like you're thinking of a 'library,' where you can borrow books and return them after reading."""
"""I'm trying to find the word, you know, for the feeling when you accomplish something after a lot of effort.""","""Are you thinking of 'achievement' or 'success'? It's the positive feeling when you accomplish something after a lot of effort."""
"""I forgot the word for, um, the event where people come together to celebrate a couple getting married.""","""It seems like you're looking for the term 'wedding reception' or 'marriage celebration.' It's an event where people come together to celebrate a couple getting married."""
"""I'm looking for the word, uh, for the thing you use to cut paper in a straight line.""","""Are you searching for the term 'scissors' or 'paper cutter'? It's the tool you use to cut paper in a straight line."""